YYYYMMDDHH,CY,LatN/S,LonE/W,VMAX,MSLP,TY
2006-01-14 00:00:00,01, 64N, 752E, 45, 991,TC
2006-01-14 06:00:00,01, 67N, 744E, 45, 991,TC
2006-01-14 12:00:00,01, 68N, 736E, 45, 991,TC
2006-01-14 18:00:00,01, 70N, 728E, 40, 994,TC
2006-09-19 12:00:00,04,194N, 684E, 20, 999,DB
2006-09-19 18:00:00,04,193N, 682E, 25,1002,DB
2006-09-20 00:00:00,04,193N, 678E, 25,1002,DB
2006-09-20 06:00:00,04,194N, 674E, 25,1002,DB
2006-09-20 12:00:00,04,195N, 671E, 25,1002,DB
2006-09-20 18:00:00,04,196N, 668E, 30,1000,DB
2006-09-21 00:00:00,04,196N, 666E, 30,1000,TD
2006-09-21 06:00:00,04,196N, 664E, 30,1000,TD
2006-09-21 12:00:00,04,197N, 663E, 35, 997,TS
2006-09-21 18:00:00,04,199N, 663E, 40, 994,TS
2006-09-22 00:00:00,04,200N, 664E, 45, 991,TC
2006-09-22 06:00:00,04,202N, 665E, 45, 991,TS
2006-09-22 12:00:00,04,203N, 666E, 50, 987,TS
2006-09-22 12:00:00,04,203N, 666E, 50, 987,TS
2006-09-22 18:00:00,04,204N, 668E, 50, 987,TS
2006-09-22 18:00:00,04,204N, 668E, 50, 987,TS
2006-09-23 00:00:00,04,204N, 669E, 50, 987,TS
2006-09-23 00:00:00,04,204N, 669E, 50, 987,TS
2006-09-23 06:00:00,04,205N, 671E, 55, 984,TC
2006-09-23 06:00:00,04,205N, 671E, 55, 984,TC
2006-09-23 12:00:00,04,203N, 672E, 45, 991,TC
2006-09-23 18:00:00,04,202N, 671E, 35, 997,TS
2006-09-24 00:00:00,04,200N, 670E, 30,1000,TD
2006-09-24 06:00:00,04,198N, 669E, 30,1000,TD
2006-09-24 12:00:00,04,196N, 669E, 30,1000,TD
2006-09-24 18:00:00,04,195N, 668E, 30,1000,TD
2007-06-01 06:00:00,02,147N, 700E, 30,1000,TD
2007-06-01 12:00:00,02,150N, 688E, 30,1000,TD
2007-06-01 18:00:00,02,151N, 683E, 30,1000,TD
2007-06-02 00:00:00,02,151N, 678E, 40, 994,TS
2007-06-02 06:00:00,02,151N, 673E, 45, 989,TS
2007-06-02 12:00:00,02,154N, 671E, 55, 982,TS
2007-06-02 18:00:00,02,156N, 672E, 55, 982,TS
2007-06-02 18:00:00,02,156N, 672E, 55, 982,TS
2007-06-03 00:00:00,02,160N, 675E, 60, 978,TS
2007-06-03 00:00:00,02,160N, 675E, 60, 978,TS
2007-06-03 06:00:00,02,169N, 676E, 65, 974,TY
2007-06-03 06:00:00,02,169N, 676E, 65, 974,TY
2007-06-03 12:00:00,02,175N, 668E, 70, 970,TY
2007-06-03 12:00:00,02,175N, 668E, 70, 970,TY
2007-06-03 12:00:00,02,175N, 668E, 70, 970,TY
2007-06-03 18:00:00,02,180N, 661E, 95, 952,TY
2007-06-03 18:00:00,02,180N, 661E, 95, 952,TY
2007-06-03 18:00:00,02,180N, 661E, 95, 952,TY
2007-06-04 06:00:00,02,192N, 649E,135, 904,ST
2007-06-04 06:00:00,02,192N, 649E,135, 904,ST
2007-06-04 06:00:00,02,192N, 649E,135, 904,ST
2007-06-04 12:00:00,02,199N, 641E,145, 914,ST
2007-06-04 12:00:00,02,199N, 641E,145, 914,ST
2007-06-04 12:00:00,02,199N, 641E,145, 914,ST
2007-06-04 18:00:00,02,205N, 633E,140, 898,ST
2007-06-04 18:00:00,02,205N, 633E,140, 898,ST
2007-06-04 18:00:00,02,205N, 633E,140, 898,ST
2007-06-05 00:00:00,02,208N, 625E,135, 904,ST
2007-06-05 00:00:00,02,208N, 625E,135, 904,ST
2007-06-05 00:00:00,02,208N, 625E,135, 904,ST
2007-06-05 06:00:00,02,212N, 617E,125, 916,TY
2007-06-05 06:00:00,02,212N, 617E,125, 916,TY
2007-06-05 06:00:00,02,212N, 617E,125, 916,TY
2007-06-05 12:00:00,02,216N, 611E,115, 937,TY
2007-06-05 12:00:00,02,216N, 611E,115, 937,TY
2007-06-05 12:00:00,02,216N, 611E,115, 937,TY
2007-06-05 18:00:00,02,220N, 606E,110, 941,TY
2007-06-05 18:00:00,02,220N, 606E,110, 941,TY
2007-06-05 18:00:00,02,220N, 606E,110, 941,TY
2007-06-06 00:00:00,02,226N, 600E, 90, 956,TY
2007-06-06 00:00:00,02,226N, 600E, 90, 956,TY
2007-06-06 00:00:00,02,226N, 600E, 90, 956,TY
2007-06-06 06:00:00,02,231N, 595E, 90, 956,TY
2007-06-06 06:00:00,02,231N, 595E, 90, 956,TY
2007-06-06 06:00:00,02,231N, 595E, 90, 956,TY
2007-06-06 12:00:00,02,238N, 592E, 75, 967,TY
2007-06-06 12:00:00,02,238N, 592E, 75, 967,TY
2007-06-06 12:00:00,02,238N, 592E, 75, 967,TY
2007-06-06 18:00:00,02,245N, 589E, 65, 974,TY
2007-06-06 18:00:00,02,245N, 589E, 65, 974,TY
2007-06-07 06:00:00,02,249N, 583E, 45, 989,TS
2009-11-10 00:00:00,04,134N, 711E, 35, 996,TS
2009-11-10 06:00:00,04,142N, 713E, 35, 996,TS
2009-11-10 12:00:00,04,149N, 716E, 45, 989,TS
2009-11-10 18:00:00,04,156N, 720E, 50, 985,TS
2009-11-11 00:00:00,04,165N, 727E, 50, 985,TS
2009-11-11 06:00:00,04,180N, 731E, 45, 989,TS
2009-11-11 12:00:00,04,194N, 738E, 35, 996,TS
2010-05-19 00:00:00,02,109N, 545E, 25,1004,TD
2010-05-19 06:00:00,02,111N, 540E, 30,1000,TD
2010-05-19 12:00:00,02,113N, 535E, 35, 996,TS
2010-05-19 18:00:00,02,114N, 531E, 35, 996,TS
2010-05-20 00:00:00,02,117N, 529E, 40, 993,TS
2010-05-20 06:00:00,02,120N, 527E, 40, 993,TS
2010-05-20 12:00:00,02,122N, 525E, 45, 989,TS
2010-05-20 18:00:00,02,124N, 523E, 45, 989,TS
2010-05-21 00:00:00,02,126N, 521E, 45, 989,TS
2010-05-21 06:00:00,02,127N, 518E, 55, 982,TS
2010-05-21 06:00:00,02,127N, 518E, 55, 982,TS
2010-05-21 12:00:00,02,128N, 519E, 55, 982,TS
2010-05-21 12:00:00,02,128N, 519E, 55, 982,TS
2010-05-21 18:00:00,02,126N, 518E, 50, 985,TS
2010-05-22 00:00:00,02,126N, 515E, 45, 989,TS
2010-05-22 06:00:00,02,126N, 513E, 40, 993,TS
2010-05-22 12:00:00,02,126N, 511E, 35, 996,TS
2010-05-22 18:00:00,02,126N, 507E, 30,1000,TD
2010-05-30 18:00:00,03,145N, 647E, 20,1005,DB
2010-05-31 00:00:00,03,145N, 644E, 25,1004,TD
2010-05-31 06:00:00,03,147N, 642E, 30,1001,TD
2010-05-31 12:00:00,03,150N, 640E, 30,1000,TD
2010-05-31 18:00:00,03,154N, 637E, 35, 996,TS
2010-06-01 00:00:00,03,158N, 632E, 45, 989,TS
2010-06-01 06:00:00,03,163N, 627E, 55, 982,TS
2010-06-01 12:00:00,03,168N, 623E, 60, 978,TS
2010-06-01 12:00:00,03,168N, 623E, 60, 978,TS
2010-06-01 18:00:00,03,171N, 616E, 75, 967,TY
2010-06-01 18:00:00,03,171N, 616E, 75, 967,TY
2010-06-01 18:00:00,03,171N, 616E, 75, 967,TY
2010-06-02 00:00:00,03,174N, 610E, 90, 956,TY
2010-06-02 00:00:00,03,174N, 610E, 90, 956,TY
2010-06-02 00:00:00,03,174N, 610E, 90, 956,TY
2010-06-02 06:00:00,03,178N, 605E,115, 937,TY
2010-06-02 06:00:00,03,178N, 605E,115, 937,TY
2010-06-02 06:00:00,03,178N, 605E,115, 937,TY
2010-06-02 12:00:00,03,182N, 600E,125, 929,TY
2010-06-02 12:00:00,03,182N, 600E,125, 929,TY
2010-06-02 12:00:00,03,182N, 600E,125, 929,TY
2010-06-02 18:00:00,03,184N, 597E,120, 933,TY
2010-06-02 18:00:00,03,184N, 597E,120, 933,TY
2010-06-02 18:00:00,03,184N, 597E,120, 933,TY
2010-06-03 00:00:00,03,185N, 596E,120, 933,TY
2010-06-03 00:00:00,03,185N, 596E,120, 933,TY
2010-06-03 00:00:00,03,185N, 596E,120, 933,TY
2010-06-03 06:00:00,03,191N, 596E,115, 937,TY
2010-06-03 06:00:00,03,191N, 596E,115, 937,TY
2010-06-03 06:00:00,03,191N, 596E,115, 937,TY
2010-06-03 12:00:00,03,200N, 595E,110, 941,TY
2010-06-03 12:00:00,03,200N, 595E,110, 941,TY
2010-06-03 12:00:00,03,200N, 595E,110, 941,TY
2010-06-03 18:00:00,03,208N, 592E,105, 944,TY
2010-06-03 18:00:00,03,208N, 592E,105, 944,TY
2010-06-03 18:00:00,03,208N, 592E,105, 944,TY
2010-06-04 00:00:00,03,215N, 591E, 90, 956,TY
2010-06-04 00:00:00,03,215N, 591E, 90, 956,TY
2010-06-04 00:00:00,03,215N, 591E, 90, 956,TY
2010-06-04 06:00:00,03,223N, 592E, 75, 967,TY
2010-06-04 06:00:00,03,223N, 592E, 75, 967,TY
2010-06-04 06:00:00,03,223N, 592E, 75, 967,TY
2010-06-04 12:00:00,03,230N, 594E, 65, 974,TY
2010-06-04 12:00:00,03,230N, 594E, 65, 974,TY
2010-06-04 18:00:00,03,236N, 597E, 55, 982,TS
2010-06-04 18:00:00,03,236N, 597E, 55, 982,TS
2010-06-05 00:00:00,03,239N, 603E, 45, 989,TS
2010-06-05 06:00:00,03,238N, 610E, 40, 993,TS
2010-06-05 12:00:00,03,235N, 616E, 40, 993,TS
2010-06-05 18:00:00,03,232N, 624E, 35, 996,TS
2010-06-06 00:00:00,03,229N, 641E, 35, 996,TS
2010-06-06 06:00:00,03,234N, 658E, 35, 996,TS
2010-06-06 12:00:00,03,246N, 673E, 30,1000,TD
2011-06-09 18:00:00,01,186N, 706E, 25,1004,TD
2011-06-10 00:00:00,01,190N, 707E, 25,1004,TD
2011-06-10 06:00:00,01,191N, 711E, 25,1004,TD
2011-06-10 12:00:00,01,190N, 717E, 30,1000,TD
2011-06-10 18:00:00,01,191N, 719E, 30, 999,TD
2011-06-11 00:00:00,01,192N, 721E, 30, 998,TD
2011-06-11 06:00:00,01,195N, 720E, 35, 996,TS
2011-06-11 12:00:00,01,200N, 717E, 35, 996,TS
2011-06-11 18:00:00,01,203N, 713E, 35, 996,TS
2011-06-12 06:00:00,01,204N, 703E, 20,1007,DB
2011-06-12 12:00:00,01,209N, 701E, 25,1004,TD
2011-11-01 18:00:00,03,160N, 554E, 30, 998,TD
2011-11-02 00:00:00,03,162N, 552E, 35, 996,TS
2011-11-02 06:00:00,03,165N, 550E, 40, 993,TS
2011-11-02 12:00:00,03,169N, 550E, 40, 993,TS
2011-11-02 18:00:00,03,169N, 548E, 45, 989,TS
2011-11-03 00:00:00,03,168N, 549E, 50, 985,TS
2011-11-03 06:00:00,03,171N, 550E, 55, 982,TS
2011-11-03 12:00:00,03,172N, 553E, 50, 985,TS
2011-11-03 18:00:00,03,171N, 555E, 45, 989,TS
2011-11-04 00:00:00,03,166N, 549E, 40, 993,TS
2011-11-07 12:00:00,04,131N, 605E, 20,1007,DB
2011-11-07 18:00:00,04,132N, 599E, 25,1004,TD
2011-11-08 00:00:00,04,137N, 596E, 30,1000,TD
2011-11-08 06:00:00,04,138N, 591E, 30,1000,TD
2011-11-08 12:00:00,04,143N, 590E, 35, 996,TS
2011-11-08 18:00:00,04,148N, 589E, 35, 996,TS
2011-11-09 00:00:00,04,152N, 587E, 35, 996,TC
2011-11-09 06:00:00,04,155N, 585E, 30,1000,TD
2011-11-09 12:00:00,04,158N, 585E, 30,1000,TD
2011-11-09 18:00:00,04,160N, 586E, 25,1004,TD
2011-11-10 00:00:00,04,163N, 585E, 25,1004,TD
2011-11-10 06:00:00,04,159N, 583E, 25,1004,TD
2011-11-10 12:00:00,04,149N, 588E, 25,1004,TD
2011-11-26 06:00:00,05, 83N, 757E, 30,1000,TD
2011-11-26 12:00:00,05, 89N, 748E, 30,1000,TD
2011-11-26 18:00:00,05, 96N, 740E, 30,1000,TD
2011-11-27 00:00:00,05,104N, 732E, 30,1000,TD
2011-11-27 06:00:00,05,113N, 723E, 30,1000,TD
2011-11-27 12:00:00,05,122N, 714E, 30,1000,TD
2011-11-27 18:00:00,05,130N, 704E, 30,1000,TD
2011-11-28 00:00:00,05,138N, 695E, 30,1000,TD
2011-11-28 06:00:00,05,146N, 687E, 35, 996,TS
2011-11-28 12:00:00,05,151N, 681E, 35, 996,TS
2011-11-28 18:00:00,05,155N, 676E, 35, 996,TS
2011-11-29 00:00:00,05,156N, 671E, 30,1000,TD
2011-11-29 06:00:00,05,157N, 666E, 30,1000,TD
2011-11-29 12:00:00,05,165N, 661E, 30,1000,TD
2011-11-29 18:00:00,05,169N, 653E, 25,1004,TD
2011-11-30 00:00:00,05,171N, 645E, 25,1004,TD
2011-11-30 06:00:00,05,178N, 639E, 25,1004,TD
2011-11-30 12:00:00,05,188N, 633E, 25,1004,TD
2011-11-30 18:00:00,05,189N, 629E, 25,1004,TD
2011-12-01 00:00:00,05,191N, 626E, 25,1004,TD
2011-12-01 06:00:00,05,194N, 623E, 20,1007,DB
2012-10-24 12:00:00,01,105N, 563E, 35, 996,TS
2012-10-24 18:00:00,01,104N, 550E, 35, 996,TS
2012-10-25 00:00:00,01,102N, 537E, 35, 996,TS
2012-10-25 06:00:00,01, 99N, 525E, 35, 996,TS
2012-10-25 12:00:00,01, 96N, 513E, 35, 996,TS
2012-12-22 06:00:00,04, 91N, 636E, 25,1004,DB
2012-12-22 12:00:00,04, 88N, 626E, 25,1004,DB
2012-12-22 18:00:00,04, 85N, 613E, 30,1000,TD
2012-12-23 00:00:00,04, 84N, 598E, 35, 996,TS
2012-12-23 06:00:00,04, 83N, 584E, 35, 996,TS
2012-12-23 12:00:00,04, 85N, 572E, 35, 996,TS
2012-12-23 18:00:00,04, 84N, 559E, 35, 996,TS
2012-12-24 00:00:00,04, 83N, 545E, 35, 996,TS
2012-12-24 06:00:00,04, 77N, 531E, 35, 996,TS
2012-12-24 12:00:00,04, 72N, 519E, 30,1000,TD
2012-12-24 18:00:00,04, 67N, 507E, 25,1004,TD
2013-11-06 18:00:00,03, 75N, 636E, 20,1007,DB
2013-11-07 18:00:00,03, 82N, 579E, 25,1004,TD
2013-11-08 00:00:00,03, 81N, 570E, 20,1007,DB
2013-11-08 06:00:00,03, 79N, 561E, 25,1004,TD
2013-11-08 12:00:00,03, 81N, 550E, 35, 996,TS
2013-11-08 18:00:00,03, 80N, 540E, 40, 993,TS
2013-11-09 00:00:00,03, 80N, 532E, 45, 989,TS
2013-11-09 06:00:00,03, 80N, 529E, 35, 996,TS
2013-11-09 12:00:00,03, 80N, 526E, 35, 996,TS
2013-11-09 18:00:00,03, 80N, 523E, 35, 996,TS
2013-11-10 00:00:00,03, 80N, 520E, 35, 996,TS
2013-11-10 06:00:00,03, 80N, 516E, 40, 993,TS
2013-11-10 12:00:00,03, 82N, 513E, 35, 996,TS
2013-11-10 18:00:00,03, 83N, 507E, 35, 996,TS
2013-11-11 00:00:00,03, 86N, 501E, 35, 996,TS
2013-11-11 06:00:00,03, 90N, 492E, 35, 996,TS
2013-11-11 12:00:00,03, 94N, 480E, 30,1000,TD
2013-11-11 18:00:00,03, 95N, 469E, 25,1004,TD
2013-11-12 00:00:00,03, 98N, 460E, 25,1004,TD
2014-06-09 06:00:00,02,134N, 677E, 30,1000,TD
2014-06-09 12:00:00,02,138N, 685E, 30,1000,TD
2014-06-09 18:00:00,02,145N, 692E, 30,1000,TD
2014-06-10 00:00:00,02,151N, 690E, 35, 996,TS
2014-06-10 06:00:00,02,157N, 686E, 40, 993,TS
2014-06-10 12:00:00,02,161N, 681E, 45, 989,TS
2014-06-10 18:00:00,02,164N, 676E, 50, 985,TS
2014-06-11 00:00:00,02,166N, 672E, 55, 982,TS
2014-06-11 00:00:00,02,166N, 672E, 55, 982,TS
2014-06-11 06:00:00,02,170N, 667E, 55, 982,TS
2014-06-11 06:00:00,02,170N, 667E, 55, 982,TS
2014-06-11 12:00:00,02,175N, 662E, 55, 982,TS
2014-06-11 12:00:00,02,175N, 662E, 55, 982,TS
2014-06-11 18:00:00,02,177N, 657E, 55, 982,TS
2014-06-11 18:00:00,02,177N, 657E, 55, 982,TS
2014-06-12 00:00:00,02,180N, 652E, 55, 982,TS
2014-06-12 00:00:00,02,180N, 652E, 55, 982,TS
2014-06-12 06:00:00,02,182N, 646E, 45, 989,TS
2014-06-12 12:00:00,02,186N, 642E, 40, 993,TS
2014-06-12 18:00:00,02,193N, 641E, 35, 996,TS
2014-06-13 00:00:00,02,204N, 646E, 25,1004,TD
2014-06-13 06:00:00,02,212N, 640E, 20,1007,DB
2014-06-13 12:00:00,02,214N, 640E, 20,1007,DB
2014-10-24 06:00:00,04,116N, 615E, 20,1007,DB
2014-10-24 12:00:00,04,118N, 617E, 20,1007,DB
2014-10-24 18:00:00,04,120N, 620E, 25,1004,TD
2014-10-25 00:00:00,04,123N, 623E, 30,1000,TD
2014-10-25 06:00:00,04,129N, 624E, 30,1000,TD
2014-10-25 12:00:00,04,135N, 628E, 35, 996,TS
2014-10-25 18:00:00,04,139N, 630E, 35, 996,TS
2014-10-26 00:00:00,04,141N, 630E, 40, 993,TS
2014-10-26 06:00:00,04,142N, 630E, 45, 989,TS
2014-10-26 12:00:00,04,143N, 630E, 55, 982,TS
2014-10-26 12:00:00,04,143N, 630E, 55, 982,TS
2014-10-26 18:00:00,04,145N, 629E, 55, 982,TS
2014-10-26 18:00:00,04,145N, 629E, 55, 982,TS
2014-10-27 00:00:00,04,147N, 628E, 65, 974,TY
2014-10-27 00:00:00,04,147N, 628E, 65, 974,TY
2014-10-27 06:00:00,04,148N, 625E, 70, 970,TY
2014-10-27 06:00:00,04,148N, 625E, 70, 970,TY
2014-10-27 06:00:00,04,148N, 625E, 70, 970,TY
2014-10-27 12:00:00,04,150N, 623E, 80, 963,TY
2014-10-27 12:00:00,04,150N, 623E, 80, 963,TY
2014-10-27 12:00:00,04,150N, 623E, 80, 963,TY
2014-10-27 18:00:00,04,151N, 621E, 90, 956,TY
2014-10-27 18:00:00,04,151N, 621E, 90, 956,TY
2014-10-27 18:00:00,04,151N, 621E, 90, 956,TY
2014-10-28 00:00:00,04,155N, 617E, 95, 952,TY
2014-10-28 00:00:00,04,155N, 617E, 95, 952,TY
2014-10-28 00:00:00,04,155N, 617E, 95, 952,TY
2014-10-28 06:00:00,04,160N, 617E,100, 948,TY
2014-10-28 06:00:00,04,160N, 617E,100, 948,TY
2014-10-28 06:00:00,04,160N, 617E,100, 948,TY
2014-10-28 12:00:00,04,168N, 618E,115, 937,TY
2014-10-28 12:00:00,04,168N, 618E,115, 937,TY
2014-10-28 12:00:00,04,168N, 618E,115, 937,TY
2014-10-28 18:00:00,04,177N, 616E,115, 937,TY
2014-10-28 18:00:00,04,177N, 616E,115, 937,TY
2014-10-28 18:00:00,04,177N, 616E,115, 937,TY
2014-10-29 00:00:00,04,180N, 616E,105, 944,TY
2014-10-29 00:00:00,04,180N, 616E,105, 944,TY
2014-10-29 00:00:00,04,180N, 616E,105, 944,TY
2014-10-29 06:00:00,04,185N, 618E, 95, 952,TY
2014-10-29 06:00:00,04,185N, 618E, 95, 952,TY
2014-10-29 06:00:00,04,185N, 618E, 95, 952,TY
2014-10-29 12:00:00,04,188N, 622E, 80, 963,TY
2014-10-29 12:00:00,04,188N, 622E, 80, 963,TY
2014-10-29 12:00:00,04,188N, 622E, 80, 963,TY
2014-10-29 18:00:00,04,191N, 629E, 70, 970,TY
2014-10-29 18:00:00,04,191N, 629E, 70, 970,TY
2014-10-29 18:00:00,04,191N, 629E, 70, 970,TY
2014-10-30 00:00:00,04,196N, 635E, 60, 978,TS
2014-10-30 00:00:00,04,196N, 635E, 60, 978,TS
2014-10-30 06:00:00,04,199N, 640E, 50, 985,TS
2014-10-30 12:00:00,04,200N, 645E, 45, 989,TS
2014-10-30 18:00:00,04,204N, 648E, 35, 996,TS
2014-10-31 00:00:00,04,207N, 650E, 30,1000,TD
2014-10-31 06:00:00,04,210N, 651E, 25,1004,TD
2014-10-31 12:00:00,04,214N, 650E, 25,1004,TD
2014-11-01 00:00:00,04,217N, 642E, 20,1007,DB
2014-11-01 06:00:00,04,217N, 638E, 20,1007,DB
2015-06-06 06:00:00,01,131N, 685E, 25,1004,TD
2015-06-06 12:00:00,01,138N, 686E, 25,1004,TD
2015-06-06 18:00:00,01,145N, 686E, 25,1004,TD
2015-06-07 00:00:00,01,152N, 686E, 30,1000,TD
2015-06-07 06:00:00,01,157N, 685E, 40, 993,TS
2015-06-07 12:00:00,01,164N, 685E, 40, 993,TS
2015-06-07 18:00:00,01,172N, 685E, 40, 993,TS
2015-06-08 00:00:00,01,179N, 676E, 40, 993,TS
2015-06-08 06:00:00,01,181N, 668E, 45, 989,TS
2015-06-08 12:00:00,01,188N, 663E, 45, 989,TS
2015-06-08 18:00:00,01,194N, 657E, 50, 985,TS
2015-06-09 00:00:00,01,202N, 651E, 50, 985,TS
2015-06-09 06:00:00,01,206N, 641E, 50, 985,TS
2015-06-09 06:00:00,01,206N, 641E, 50, 985,TS
2015-06-09 12:00:00,01,209N, 635E, 50, 985,TS
2015-06-09 18:00:00,01,210N, 627E, 55, 982,TS
2015-06-09 18:00:00,01,210N, 627E, 55, 982,TS
2015-06-10 00:00:00,01,210N, 619E, 55, 982,TS
2015-06-10 00:00:00,01,210N, 619E, 55, 982,TS
2015-06-10 06:00:00,01,209N, 616E, 55, 982,TS
2015-06-10 06:00:00,01,209N, 616E, 55, 982,TS
2015-06-10 12:00:00,01,208N, 614E, 50, 985,TS
2015-06-10 12:00:00,01,208N, 614E, 50, 985,TS
2015-06-10 18:00:00,01,206N, 614E, 45, 989,TS
2015-06-11 00:00:00,01,208N, 610E, 45, 989,TS
2015-06-11 06:00:00,01,208N, 606E, 45, 989,TS
2015-06-11 12:00:00,01,208N, 603E, 40, 993,TS
2015-06-11 18:00:00,01,208N, 601E, 35, 996,TS
2015-06-12 06:00:00,01,207N, 598E, 30,1000,TD
2015-10-07 18:00:00,03,128N, 717E, 30,1000,TD
2015-10-08 00:00:00,03,129N, 715E, 30,1000,TD
2015-10-08 06:00:00,03,129N, 713E, 30,1000,TD
2015-10-08 12:00:00,03,132N, 711E, 30,1000,TD
2015-10-08 18:00:00,03,134N, 709E, 30,1000,TD
2015-10-09 00:00:00,03,136N, 707E, 30,1000,TD
2015-10-09 06:00:00,03,139N, 705E, 35, 996,TS
2015-10-09 12:00:00,03,143N, 702E, 30,1000,TD
2015-10-09 18:00:00,03,147N, 699E, 30,1000,TD
2015-10-10 00:00:00,03,149N, 696E, 30,1000,TD
2015-10-10 06:00:00,03,151N, 694E, 30,1000,TD
2015-10-10 12:00:00,03,153N, 695E, 25,1004,TD
2015-10-10 18:00:00,03,155N, 696E, 25,1004,TD
2015-10-11 00:00:00,03,157N, 695E, 25,1004,TD
2015-10-11 06:00:00,03,159N, 693E, 20,1007,DB
2015-10-27 12:00:00,04,107N, 651E, 25,1004,TD
2015-10-27 18:00:00,04,111N, 649E, 25,1004,TD
2015-10-28 00:00:00,04,116N, 647E, 30,1000,TD
2015-10-28 06:00:00,04,121N, 647E, 35, 996,TS
2015-10-28 12:00:00,04,128N, 649E, 45, 989,TS
2015-10-28 18:00:00,04,131N, 646E, 45, 989,TS
2015-10-29 00:00:00,04,134N, 642E, 50, 985,TS
2015-10-29 06:00:00,04,138N, 637E, 55, 982,TS
2015-10-29 06:00:00,04,138N, 637E, 55, 982,TS
2015-10-29 12:00:00,04,142N, 631E, 65, 974,TY
2015-10-29 12:00:00,04,142N, 631E, 65, 974,TY
2015-10-29 18:00:00,04,142N, 624E, 80, 963,TY
2015-10-29 18:00:00,04,142N, 624E, 80, 963,TY
2015-10-29 18:00:00,04,142N, 624E, 80, 963,TY
2015-10-30 00:00:00,04,142N, 618E,100, 948,TY
2015-10-30 00:00:00,04,142N, 618E,100, 948,TY
2015-10-30 00:00:00,04,142N, 618E,100, 948,TY
2015-10-30 06:00:00,04,141N, 611E,130, 926,ST
2015-10-30 06:00:00,04,141N, 611E,130, 926,ST
2015-10-30 06:00:00,04,141N, 611E,130, 926,ST
2015-10-30 12:00:00,04,140N, 606E,125, 929,TY
2015-10-30 12:00:00,04,140N, 606E,125, 929,TY
2015-10-30 12:00:00,04,140N, 606E,125, 929,TY
2015-10-30 18:00:00,04,139N, 601E,120, 933,TY
2015-10-30 18:00:00,04,139N, 601E,120, 933,TY
2015-10-30 18:00:00,04,139N, 601E,120, 933,TY
2015-10-31 00:00:00,04,138N, 595E,115, 937,TY
2015-10-31 00:00:00,04,138N, 595E,115, 937,TY
2015-10-31 00:00:00,04,138N, 595E,115, 937,TY
2015-10-31 06:00:00,04,138N, 587E,110, 941,TY
2015-10-31 06:00:00,04,138N, 587E,110, 941,TY
2015-10-31 06:00:00,04,138N, 587E,110, 941,TY
2015-10-31 12:00:00,04,138N, 579E,110, 941,TY
2015-10-31 12:00:00,04,138N, 579E,110, 941,TY
2015-10-31 12:00:00,04,138N, 579E,110, 941,TY
2015-10-31 18:00:00,04,137N, 572E,110, 941,TY
2015-10-31 18:00:00,04,137N, 572E,110, 941,TY
2015-10-31 18:00:00,04,137N, 572E,110, 941,TY
2015-11-01 00:00:00,04,136N, 564E,115, 937,TY
2015-11-01 00:00:00,04,136N, 564E,115, 937,TY
2015-11-01 00:00:00,04,136N, 564E,115, 937,TY
2015-11-01 06:00:00,04,135N, 557E,115, 937,TY
2015-11-01 06:00:00,04,135N, 557E,115, 937,TY
2015-11-01 06:00:00,04,135N, 557E,115, 937,TY
2015-11-01 12:00:00,04,135N, 547E,120, 933,TY
2015-11-01 12:00:00,04,135N, 547E,120, 933,TY
2015-11-01 12:00:00,04,135N, 547E,120, 933,TY
2015-11-01 18:00:00,04,134N, 536E,120, 933,TY
2015-11-01 18:00:00,04,134N, 536E,120, 933,TY
2015-11-01 18:00:00,04,134N, 536E,120, 933,TY
2015-11-02 00:00:00,04,132N, 526E,110, 941,TY
2015-11-02 00:00:00,04,132N, 526E,110, 941,TY
2015-11-02 00:00:00,04,132N, 526E,110, 941,TY
2015-11-02 06:00:00,04,133N, 516E,105, 944,TY
2015-11-02 06:00:00,04,133N, 516E,105, 944,TY
2015-11-02 06:00:00,04,133N, 516E,105, 944,TY
2015-11-02 12:00:00,04,134N, 506E,100, 948,TY
2015-11-02 12:00:00,04,134N, 506E,100, 948,TY
2015-11-02 12:00:00,04,134N, 506E,100, 948,TY
2015-11-02 18:00:00,04,137N, 496E, 90, 956,TY
2015-11-02 18:00:00,04,137N, 496E, 90, 956,TY
2015-11-02 18:00:00,04,137N, 496E, 90, 956,TY
2015-11-03 00:00:00,04,140N, 489E, 75, 967,TY
2015-11-03 00:00:00,04,140N, 489E, 75, 967,TY
2015-11-03 00:00:00,04,140N, 489E, 75, 967,TY
2015-11-03 06:00:00,04,139N, 479E, 50, 985,TS
2015-11-03 06:00:00,04,139N, 479E, 50, 985,TS
2015-11-03 12:00:00,04,140N, 476E, 40, 993,TS
2015-11-04 12:00:00,05,140N, 669E, 20,1007,DB
2015-11-04 18:00:00,05,140N, 664E, 25,1004,TD
2015-11-05 00:00:00,05,141N, 658E, 30,1000,TD
2015-11-05 06:00:00,05,140N, 648E, 35, 996,TS
2015-11-05 12:00:00,05,139N, 639E, 35, 996,TS
2015-11-05 18:00:00,05,137N, 632E, 40, 993,TS
2015-11-06 00:00:00,05,135N, 625E, 40, 993,TS
2015-11-06 06:00:00,05,133N, 619E, 45, 989,TS
2015-11-06 12:00:00,05,131N, 613E, 45, 989,TS
2015-11-06 18:00:00,05,129N, 607E, 45, 989,TS
2015-11-07 00:00:00,05,128N, 600E, 55, 982,TS
2015-11-07 06:00:00,05,127N, 593E, 65, 974,TY
2015-11-07 06:00:00,05,127N, 593E, 65, 974,TY
2015-11-07 12:00:00,05,128N, 583E, 80, 963,TY
2015-11-07 12:00:00,05,128N, 583E, 80, 963,TY
2015-11-07 12:00:00,05,128N, 583E, 80, 963,TY
2015-11-07 18:00:00,05,128N, 573E, 90, 956,TY
2015-11-07 18:00:00,05,128N, 573E, 90, 956,TY
2015-11-07 18:00:00,05,128N, 573E, 90, 956,TY
2015-11-08 00:00:00,05,127N, 561E,105, 944,TY
2015-11-08 00:00:00,05,127N, 561E,105, 944,TY
2015-11-08 00:00:00,05,127N, 561E,105, 944,TY
2015-11-08 06:00:00,05,126N, 549E,110, 941,TY
2015-11-08 06:00:00,05,126N, 549E,110, 941,TY
2015-11-08 06:00:00,05,126N, 549E,110, 941,TY
2015-11-08 12:00:00,05,126N, 535E, 95, 952,TY
2015-11-08 12:00:00,05,126N, 535E, 95, 952,TY
2015-11-08 12:00:00,05,126N, 535E, 95, 952,TY
2015-11-08 18:00:00,05,124N, 521E, 80, 963,TY
2015-11-08 18:00:00,05,124N, 521E, 80, 963,TY
2015-11-08 18:00:00,05,124N, 521E, 80, 963,TY
2015-11-09 00:00:00,05,122N, 508E, 70, 970,TY
2015-11-09 00:00:00,05,122N, 508E, 70, 970,TY
2015-11-09 00:00:00,05,122N, 508E, 70, 970,TY
2015-11-09 06:00:00,05,122N, 495E, 60, 978,TS
2015-11-09 06:00:00,05,122N, 495E, 60, 978,TS
2015-11-09 12:00:00,05,124N, 486E, 50, 985,TS
2015-11-09 18:00:00,05,126N, 481E, 40, 993,TS
2015-11-10 00:00:00,05,128N, 476E, 30,1000,TD
2016-06-26 18:00:00,02,219N, 665E, 30, 997,TD
2016-06-27 00:00:00,02,220N, 656E, 35, 996,TS
2016-06-27 06:00:00,02,219N, 647E, 40, 993,TS
2016-06-27 12:00:00,02,216N, 642E, 40, 993,TS
2016-06-27 18:00:00,02,214N, 639E, 30,1000,TD
2016-06-28 00:00:00,02,212N, 637E, 25,1004,TD
2016-06-28 06:00:00,02,209N, 634E, 20,1007,DB
2018-05-15 18:00:00,01,113N, 537E, 20,1007,DB
2018-05-16 00:00:00,01,120N, 527E, 25,1004,TD
2018-05-16 06:00:00,01,127N, 516E, 25,1004,TD
2018-05-16 12:00:00,01,131N, 506E, 30,1005,TD
2018-05-16 18:00:00,01,132N, 497E, 35,1002,TS
2018-05-17 00:00:00,01,132N, 493E, 40,1002,TS
2018-05-17 06:00:00,01,132N, 489E, 45, 989,TS
2018-05-17 12:00:00,01,130N, 481E, 50, 985,TS
2018-05-17 18:00:00,01,124N, 470E, 50, 985,TS
2018-05-18 00:00:00,01,119N, 464E, 50, 985,TS
2018-05-18 00:00:00,01,119N, 464E, 50, 985,TS
2018-05-18 06:00:00,01,117N, 459E, 55, 982,TS
2018-05-18 06:00:00,01,117N, 459E, 55, 982,TS
2018-05-18 12:00:00,01,115N, 455E, 60, 978,TS
2018-05-18 12:00:00,01,115N, 455E, 60, 978,TS
2018-05-18 18:00:00,01,112N, 451E, 65, 974,TY
2018-05-18 18:00:00,01,112N, 451E, 65, 974,TY
2018-05-19 00:00:00,01,109N, 447E, 60, 978,TS
2018-05-19 00:00:00,01,109N, 447E, 60, 978,TS
2018-05-19 06:00:00,01,106N, 443E, 55, 982,TS
2018-05-19 06:00:00,01,106N, 443E, 55, 982,TS
2018-05-19 12:00:00,01,103N, 439E, 50, 995,TS
2018-05-19 12:00:00,01,103N, 439E, 50, 995,TS
2018-05-21 06:00:00,02, 79N, 586E, 25,1004,TD
2018-05-21 12:00:00,02, 83N, 582E, 25,1004,TD
2018-05-21 18:00:00,02, 87N, 578E, 30,1003,TD
2018-05-22 00:00:00,02, 91N, 575E, 35, 999,TS
2018-05-22 06:00:00,02, 96N, 572E, 35,1000,TS
2018-05-22 12:00:00,02,102N, 568E, 40, 993,TS
2018-05-22 18:00:00,02,106N, 564E, 50, 985,TS
2018-05-23 00:00:00,02,109N, 561E, 55, 989,TS
2018-05-23 00:00:00,02,109N, 561E, 55, 989,TS
2018-05-23 06:00:00,02,114N, 562E, 60, 986,TS
2018-05-23 06:00:00,02,114N, 562E, 60, 986,TS
2018-05-23 12:00:00,02,119N, 561E, 65, 974,TY
2018-05-23 12:00:00,02,119N, 561E, 65, 974,TY
2018-05-23 12:00:00,02,119N, 561E, 65, 974,TY
2018-05-23 18:00:00,02,125N, 558E, 75, 976,TY
2018-05-23 18:00:00,02,125N, 558E, 75, 976,TY
2018-05-23 18:00:00,02,125N, 558E, 75, 976,TY
2018-05-24 00:00:00,02,130N, 557E, 80, 963,TY
2018-05-24 00:00:00,02,130N, 557E, 80, 963,TY
2018-05-24 00:00:00,02,130N, 557E, 80, 963,TY
2018-05-24 06:00:00,02,137N, 556E, 80, 971,TY
2018-05-24 06:00:00,02,137N, 556E, 80, 971,TY
2018-05-24 06:00:00,02,137N, 556E, 80, 971,TY
2018-05-24 12:00:00,02,143N, 554E, 80, 963,TY
2018-05-24 12:00:00,02,143N, 554E, 80, 963,TY
2018-05-24 12:00:00,02,143N, 554E, 80, 963,TY
2018-05-24 18:00:00,02,149N, 549E, 80, 963,TY
2018-05-24 18:00:00,02,149N, 549E, 80, 963,TY
2018-05-24 18:00:00,02,149N, 549E, 80, 963,TY
2018-05-25 00:00:00,02,152N, 547E, 85, 964,TY
2018-05-25 00:00:00,02,152N, 547E, 85, 964,TY
2018-05-25 00:00:00,02,152N, 547E, 85, 964,TY
2018-05-25 06:00:00,02,157N, 546E, 90, 960,TY
2018-05-25 06:00:00,02,157N, 546E, 90, 960,TY
2018-05-25 06:00:00,02,157N, 546E, 90, 960,TY
2018-05-25 12:00:00,02,163N, 544E,100, 948,TY
2018-05-25 12:00:00,02,163N, 544E,100, 948,TY
2018-05-25 12:00:00,02,163N, 544E,100, 948,TY
2018-05-25 18:00:00,02,167N, 539E,100, 953,TY
2018-05-25 18:00:00,02,167N, 539E,100, 953,TY
2018-05-25 18:00:00,02,167N, 539E,100, 953,TY
2018-05-26 00:00:00,02,172N, 535E, 85, 963,TY
2018-05-26 00:00:00,02,172N, 535E, 85, 963,TY
2018-05-26 00:00:00,02,172N, 535E, 85, 963,TY
2018-10-05 18:00:00,05,112N, 689E, 20,1004,DB
2018-10-06 00:00:00,05,110N, 679E, 20,1007,DB
2018-10-06 06:00:00,05,110N, 671E, 25,1006,TD
2018-10-06 12:00:00,05,110N, 667E, 25,1004,TD
2018-10-06 18:00:00,05,111N, 663E, 25,1004,TD
2018-10-07 00:00:00,05,112N, 661E, 25,1003,TD
2018-10-07 06:00:00,05,115N, 652E, 25,1004,TD
2018-10-07 12:00:00,05,118N, 643E, 30,1000,TD
2018-10-07 18:00:00,05,118N, 634E, 35, 996,TS
2018-10-08 00:00:00,05,118N, 626E, 40, 993,TS
2018-10-08 06:00:00,05,119N, 619E, 45, 989,TS
2018-10-08 12:00:00,05,122N, 616E, 50, 985,TS
2018-10-08 12:00:00,05,122N, 616E, 50, 985,TS
2018-10-08 18:00:00,05,124N, 612E, 55, 982,TS
2018-10-08 18:00:00,05,124N, 612E, 55, 982,TS
2018-10-09 00:00:00,05,127N, 608E, 55, 982,TS
2018-10-09 00:00:00,05,127N, 608E, 55, 982,TS
2018-10-09 06:00:00,05,129N, 606E, 60, 978,TS
2018-10-09 06:00:00,05,129N, 606E, 60, 978,TS
2018-10-09 12:00:00,05,131N, 604E, 60, 978,TS
2018-10-09 12:00:00,05,131N, 604E, 60, 978,TS
2018-10-09 18:00:00,05,137N, 598E, 65, 974,TY
2018-10-09 18:00:00,05,137N, 598E, 65, 974,TY
2018-10-09 18:00:00,05,137N, 598E, 65, 974,TY
2018-10-10 00:00:00,05,139N, 593E, 70, 970,TY
2018-10-10 00:00:00,05,139N, 593E, 70, 970,TY
2018-10-10 00:00:00,05,139N, 593E, 70, 970,TY
2018-10-10 06:00:00,05,142N, 590E, 75, 967,TY
2018-10-10 06:00:00,05,142N, 590E, 75, 967,TY
2018-10-10 06:00:00,05,142N, 590E, 75, 967,TY
2018-10-10 12:00:00,05,144N, 586E, 85, 969,TY
2018-10-10 12:00:00,05,144N, 586E, 85, 969,TY
2018-10-10 12:00:00,05,144N, 586E, 85, 969,TY
2018-10-10 18:00:00,05,144N, 584E, 85, 959,TY
2018-10-10 18:00:00,05,144N, 584E, 85, 959,TY
2018-10-10 18:00:00,05,144N, 584E, 85, 959,TY
2018-10-11 00:00:00,05,144N, 582E, 75, 975,TY
2018-10-11 00:00:00,05,144N, 582E, 75, 975,TY
2018-10-11 00:00:00,05,144N, 582E, 75, 975,TY
2018-10-11 06:00:00,05,144N, 580E, 70, 982,TY
2018-10-11 06:00:00,05,144N, 580E, 70, 982,TY
2018-10-11 06:00:00,05,144N, 580E, 70, 982,TY
2018-10-11 12:00:00,05,145N, 579E, 60, 978,TS
2018-10-11 12:00:00,05,145N, 579E, 60, 978,TS
2018-10-11 18:00:00,05,146N, 578E, 50, 985,TS
2018-10-11 18:00:00,05,146N, 578E, 50, 985,TS
2018-10-12 00:00:00,05,146N, 576E, 45, 989,TS
2018-10-12 06:00:00,05,146N, 574E, 40, 993,TS
2018-10-12 12:00:00,05,146N, 569E, 40, 993,TS
2018-10-12 18:00:00,05,147N, 564E, 40, 993,TS
2018-10-13 00:00:00,05,147N, 558E, 40, 993,TS
2018-10-13 06:00:00,05,148N, 553E, 40, 993,TS
2018-10-13 12:00:00,05,149N, 546E, 40, 993,TS
2018-10-13 18:00:00,05,151N, 537E, 40, 993,TS
2018-10-14 00:00:00,05,155N, 528E, 35,1002,TS
2018-10-14 06:00:00,05,158N, 522E, 35, 996,TS
2019-06-09 18:00:00,02,115N, 712E, 30,1000,TD
2019-06-10 00:00:00,02,121N, 710E, 30, 999,TD
2019-06-10 06:00:00,02,127N, 708E, 35, 995,TS
2019-06-10 12:00:00,02,133N, 706E, 45, 994,TS
2019-06-10 18:00:00,02,139N, 705E, 45, 992,TS
2019-06-11 00:00:00,02,145N, 708E, 50, 988,TS
2019-06-11 00:00:00,02,145N, 708E, 50, 988,TS
2019-06-11 06:00:00,02,152N, 709E, 55, 986,TS
2019-06-11 06:00:00,02,152N, 709E, 55, 986,TS
2019-06-11 12:00:00,02,160N, 709E, 70, 977,TY
2019-06-11 12:00:00,02,160N, 709E, 70, 977,TY
2019-06-11 12:00:00,02,160N, 709E, 70, 977,TY
2019-06-11 18:00:00,02,169N, 706E, 80, 963,TY
2019-06-11 18:00:00,02,169N, 706E, 80, 963,TY
2019-06-11 18:00:00,02,169N, 706E, 80, 963,TY
2019-06-12 00:00:00,02,176N, 702E, 95, 958,TY
2019-06-12 00:00:00,02,176N, 702E, 95, 958,TY
2019-06-12 00:00:00,02,176N, 702E, 95, 958,TY
2019-06-12 06:00:00,02,184N, 700E, 95, 957,TY
2019-06-12 06:00:00,02,184N, 700E, 95, 957,TY
2019-06-12 06:00:00,02,184N, 700E, 95, 957,TY
2019-06-12 12:00:00,02,190N, 698E, 90, 961,TY
2019-06-12 12:00:00,02,190N, 698E, 90, 961,TY
2019-06-12 12:00:00,02,190N, 698E, 90, 961,TY
2019-06-12 18:00:00,02,196N, 697E, 85, 963,TY
2019-06-12 18:00:00,02,196N, 697E, 85, 963,TY
2019-06-12 18:00:00,02,196N, 697E, 85, 963,TY
2019-06-13 00:00:00,02,200N, 696E, 85, 961,TY
2019-06-13 00:00:00,02,200N, 696E, 85, 961,TY
2019-06-13 00:00:00,02,200N, 696E, 85, 961,TY
2019-06-13 06:00:00,02,205N, 694E, 95, 955,TY
2019-06-13 06:00:00,02,205N, 694E, 95, 955,TY
2019-06-13 06:00:00,02,205N, 694E, 95, 955,TY
2019-06-13 12:00:00,02,208N, 691E,100, 948,TY
2019-06-13 12:00:00,02,208N, 691E,100, 948,TY
2019-06-13 12:00:00,02,208N, 691E,100, 948,TY
2019-06-13 18:00:00,02,209N, 689E,100, 948,TY
2019-06-13 18:00:00,02,209N, 689E,100, 948,TY
2019-06-13 18:00:00,02,209N, 689E,100, 948,TY
2019-06-14 00:00:00,02,210N, 686E, 95, 952,TY
2019-06-14 00:00:00,02,210N, 686E, 95, 952,TY
2019-06-14 00:00:00,02,210N, 686E, 95, 952,TY
2019-06-14 06:00:00,02,209N, 685E, 90, 957,TY
2019-06-14 06:00:00,02,209N, 685E, 90, 957,TY
2019-06-14 06:00:00,02,209N, 685E, 90, 957,TY
2019-06-14 12:00:00,02,208N, 684E, 75, 965,TY
2019-06-14 12:00:00,02,208N, 684E, 75, 965,TY
2019-06-14 12:00:00,02,208N, 684E, 75, 965,TY
2019-06-14 18:00:00,02,207N, 680E, 75, 967,TY
2019-06-14 18:00:00,02,207N, 680E, 75, 967,TY
2019-06-14 18:00:00,02,207N, 680E, 75, 967,TY
2019-06-15 00:00:00,02,206N, 676E, 80, 962,TY
2019-06-15 00:00:00,02,206N, 676E, 80, 962,TY
2019-06-15 00:00:00,02,206N, 676E, 80, 962,TY
2019-06-15 06:00:00,02,205N, 669E, 80, 964,TY
2019-06-15 06:00:00,02,205N, 669E, 80, 964,TY
2019-06-15 06:00:00,02,205N, 669E, 80, 964,TY
2019-06-15 12:00:00,02,206N, 664E, 75, 968,TY
2019-06-15 12:00:00,02,206N, 664E, 75, 968,TY
2019-06-15 12:00:00,02,206N, 664E, 75, 968,TY
2019-06-15 18:00:00,02,207N, 659E, 70, 971,TY
2019-06-15 18:00:00,02,207N, 659E, 70, 971,TY
2019-06-15 18:00:00,02,207N, 659E, 70, 971,TY
2019-06-16 00:00:00,02,208N, 654E, 65, 975,TY
2019-06-16 00:00:00,02,208N, 654E, 65, 975,TY
2019-06-16 00:00:00,02,208N, 654E, 65, 975,TY
2019-06-16 06:00:00,02,207N, 652E, 60, 979,TS
2019-06-16 06:00:00,02,207N, 652E, 60, 979,TS
2019-06-16 12:00:00,02,205N, 653E, 55, 983,TS
2019-06-16 12:00:00,02,205N, 653E, 55, 983,TS
2019-06-16 18:00:00,02,208N, 661E, 40, 993,TS
2019-06-17 00:00:00,02,216N, 666E, 35, 994,TS
2019-06-17 06:00:00,02,219N, 670E, 30, 996,TD
2019-09-21 12:00:00,03,192N, 703E, 20,1002,DB
2019-09-21 18:00:00,03,193N, 699E, 20,1004,DB
2019-09-22 00:00:00,03,196N, 695E, 25,1001,TD
2019-09-22 06:00:00,03,200N, 688E, 30,1001,TD
2019-09-22 12:00:00,03,204N, 680E, 35, 999,TS
2019-09-22 18:00:00,03,204N, 670E, 35,1001,TS
2019-09-23 00:00:00,03,202N, 659E, 50, 995,TS
2019-09-23 00:00:00,03,202N, 659E, 50, 995,TS
2019-09-23 06:00:00,03,202N, 647E, 55, 994,TS
2019-09-23 06:00:00,03,202N, 647E, 55, 994,TS
2019-09-23 12:00:00,03,202N, 635E, 70, 984,TY
2019-09-23 12:00:00,03,202N, 635E, 70, 984,TY
2019-09-23 12:00:00,03,202N, 635E, 70, 984,TY
2019-09-23 18:00:00,03,202N, 623E, 80, 978,TY
2019-09-23 18:00:00,03,202N, 623E, 80, 978,TY
2019-09-23 18:00:00,03,202N, 623E, 80, 978,TY
2019-09-24 00:00:00,03,201N, 609E, 90, 969,TY
2019-09-24 00:00:00,03,201N, 609E, 90, 969,TY
2019-09-24 00:00:00,03,201N, 609E, 90, 969,TY
2019-09-24 06:00:00,03,200N, 596E, 90, 969,TY
2019-09-24 06:00:00,03,200N, 596E, 90, 969,TY
2019-09-24 06:00:00,03,200N, 596E, 90, 969,TY
2019-09-24 12:00:00,03,198N, 583E, 75, 979,TY
2019-09-24 12:00:00,03,198N, 583E, 75, 979,TY
2019-09-24 12:00:00,03,198N, 583E, 75, 979,TY
2019-09-25 06:00:00,03,192N, 550E, 30,1000,TD
2019-10-22 18:00:00,04,147N, 664E, 20,1004,DB
2019-10-23 00:00:00,04,151N, 672E, 20,1003,DB
2019-10-23 06:00:00,04,153N, 681E, 20,1005,DB
2019-10-23 12:00:00,04,155N, 690E, 20,1002,DB
2019-10-23 18:00:00,04,156N, 701E, 25,1004,TD
2019-10-24 00:00:00,04,155N, 705E, 25, 999,TD
2019-10-24 06:00:00,04,151N, 708E, 30,1001,TD
2019-10-24 12:00:00,04,154N, 711E, 30,1001,TD
2019-10-24 18:00:00,04,154N, 713E, 35,1001,TS
2019-10-25 00:00:00,04,156N, 716E, 45, 994,TS
2019-10-25 06:00:00,04,159N, 718E, 50, 992,TS
2019-10-25 06:00:00,04,159N, 718E, 50, 992,TS
2019-10-25 12:00:00,04,162N, 719E, 55, 987,TS
2019-10-25 12:00:00,04,162N, 719E, 55, 987,TS
2019-10-25 18:00:00,04,165N, 714E, 65, 984,TY
2019-10-25 18:00:00,04,165N, 714E, 65, 984,TY
2019-10-26 00:00:00,04,166N, 707E, 70, 979,TY
2019-10-26 00:00:00,04,166N, 707E, 70, 979,TY
2019-10-26 00:00:00,04,166N, 707E, 70, 979,TY
2019-10-26 06:00:00,04,166N, 700E, 80, 976,TY
2019-10-26 06:00:00,04,166N, 700E, 80, 976,TY
2019-10-26 06:00:00,04,166N, 700E, 80, 976,TY
2019-10-26 12:00:00,04,167N, 694E, 95, 961,TY
2019-10-26 12:00:00,04,167N, 694E, 95, 961,TY
2019-10-26 12:00:00,04,167N, 694E, 95, 961,TY
2019-10-26 18:00:00,04,168N, 689E,120, 939,TY
2019-10-26 18:00:00,04,168N, 689E,120, 939,TY
2019-10-26 18:00:00,04,168N, 689E,120, 939,TY
2019-10-27 00:00:00,04,170N, 682E,135, 924,ST
2019-10-27 00:00:00,04,170N, 682E,135, 924,ST
2019-10-27 00:00:00,04,170N, 682E,135, 924,ST
2019-10-27 06:00:00,04,173N, 675E,135, 926,ST
2019-10-27 06:00:00,04,173N, 675E,135, 926,ST
2019-10-27 06:00:00,04,173N, 675E,135, 926,ST
2019-10-27 12:00:00,04,175N, 669E,130, 928,ST
2019-10-27 12:00:00,04,175N, 669E,130, 928,ST
2019-10-27 12:00:00,04,175N, 669E,130, 928,ST
2019-10-27 18:00:00,04,179N, 662E,125, 933,TY
2019-10-27 18:00:00,04,179N, 662E,125, 933,TY
2019-10-27 18:00:00,04,179N, 662E,125, 933,TY
2019-10-28 00:00:00,04,182N, 655E,130, 929,ST
2019-10-28 00:00:00,04,182N, 655E,130, 929,ST
2019-10-28 00:00:00,04,182N, 655E,130, 929,ST
2019-10-28 06:00:00,04,183N, 648E,130, 931,ST
2019-10-28 06:00:00,04,183N, 648E,130, 931,ST
2019-10-28 06:00:00,04,183N, 648E,130, 931,ST
2019-10-28 12:00:00,04,185N, 644E,125, 933,TY
2019-10-28 12:00:00,04,185N, 644E,125, 933,TY
2019-10-28 12:00:00,04,185N, 644E,125, 933,TY
2019-10-28 18:00:00,04,188N, 640E,120, 937,TY
2019-10-28 18:00:00,04,188N, 640E,120, 937,TY
2019-10-28 18:00:00,04,188N, 640E,120, 937,TY
2019-10-29 00:00:00,04,191N, 636E,115, 942,TY
2019-10-29 00:00:00,04,191N, 636E,115, 942,TY
2019-10-29 00:00:00,04,191N, 636E,115, 942,TY
2019-10-29 06:00:00,04,194N, 633E,110, 947,TY
2019-10-29 06:00:00,04,194N, 633E,110, 947,TY
2019-10-29 06:00:00,04,194N, 633E,110, 947,TY
2019-10-29 12:00:00,04,196N, 630E,100, 955,TY
2019-10-29 12:00:00,04,196N, 630E,100, 955,TY
2019-10-29 12:00:00,04,196N, 630E,100, 955,TY
2019-10-29 18:00:00,04,196N, 627E, 95, 961,TY
2019-10-29 18:00:00,04,196N, 627E, 95, 961,TY
2019-10-29 18:00:00,04,196N, 627E, 95, 961,TY
2019-10-30 00:00:00,04,195N, 622E, 85, 968,TY
2019-10-30 00:00:00,04,195N, 622E, 85, 968,TY
2019-10-30 00:00:00,04,195N, 622E, 85, 968,TY
2019-10-30 06:00:00,04,192N, 618E, 70, 979,TY
2019-10-30 06:00:00,04,192N, 618E, 70, 979,TY
2019-10-30 06:00:00,04,192N, 618E, 70, 979,TY
2019-10-30 06:00:00,05, 85N, 748E, 35,1005,TS
2019-10-30 12:00:00,05, 95N, 742E, 45, 999,TS
2019-10-30 12:00:00,04,189N, 613E, 60, 986,TS
2019-10-30 12:00:00,04,189N, 613E, 60, 986,TS
2019-10-30 18:00:00,04,187N, 606E, 50, 994,TS
2019-10-30 18:00:00,04,187N, 606E, 50, 994,TS
2019-10-30 18:00:00,05,104N, 735E, 45, 999,TS
2019-10-31 00:00:00,04,182N, 602E, 40, 999,TS
2019-10-31 00:00:00,05,112N, 735E, 45, 998,TS
2019-10-31 06:00:00,04,177N, 599E, 35,1003,TS
2019-10-31 06:00:00,05,122N, 734E, 50, 997,TS
2019-10-31 06:00:00,05,122N, 734E, 50, 997,TS
2019-10-31 12:00:00,04,174N, 598E, 35, 999,TS
2019-10-31 12:00:00,05,132N, 734E, 55, 992,TS
2019-10-31 12:00:00,05,132N, 734E, 55, 992,TS
2019-10-31 18:00:00,04,170N, 596E, 25,1005,TD
2019-10-31 18:00:00,05,141N, 724E, 50, 996,TS
2019-11-01 00:00:00,04,164N, 593E, 25,1005,TD
2019-11-01 00:00:00,05,146N, 714E, 45, 998,TS
2019-11-01 06:00:00,04,159N, 585E, 25,1006,TD
2019-11-01 06:00:00,05,151N, 703E, 45, 998,TS
2019-11-01 12:00:00,04,153N, 577E, 25,1004,TD
2019-11-01 12:00:00,05,154N, 698E, 45, 998,TS
2019-11-01 18:00:00,05,158N, 692E, 45, 997,TS
2019-11-01 18:00:00,04,143N, 572E, 25,1005,TD
2019-11-02 00:00:00,05,160N, 687E, 50, 995,TS
2019-11-02 00:00:00,05,160N, 687E, 50, 995,TS
2019-11-02 06:00:00,05,166N, 682E, 55, 993,TS
2019-11-02 06:00:00,05,166N, 682E, 55, 993,TS
2019-11-02 12:00:00,05,170N, 676E, 55, 993,TS
2019-11-02 12:00:00,05,170N, 676E, 55, 993,TS
2019-11-02 18:00:00,05,172N, 671E, 60, 991,TS
2019-11-02 18:00:00,05,172N, 671E, 60, 991,TS
2019-11-03 00:00:00,05,174N, 667E, 65, 989,TY
2019-11-03 00:00:00,05,174N, 667E, 65, 989,TY
2019-11-03 00:00:00,05,174N, 667E, 65, 989,TY
2019-11-03 06:00:00,05,175N, 662E, 70, 986,TY
2019-11-03 06:00:00,05,175N, 662E, 70, 986,TY
2019-11-03 06:00:00,05,175N, 662E, 70, 986,TY
2019-11-03 12:00:00,05,177N, 657E, 80, 979,TY
2019-11-03 12:00:00,05,177N, 657E, 80, 979,TY
2019-11-03 12:00:00,05,177N, 657E, 80, 979,TY
2019-11-03 18:00:00,05,179N, 653E, 95, 967,TY
2019-11-03 18:00:00,05,179N, 653E, 95, 967,TY
2019-11-03 18:00:00,05,179N, 653E, 95, 967,TY
2019-11-04 00:00:00,05,181N, 649E,100, 965,TY
2019-11-04 00:00:00,05,181N, 649E,100, 965,TY
2019-11-04 00:00:00,05,181N, 649E,100, 965,TY
2019-11-04 06:00:00,05,185N, 644E,100, 965,TY
2019-11-04 06:00:00,05,185N, 644E,100, 965,TY
2019-11-04 06:00:00,05,185N, 644E,100, 965,TY
2019-11-04 12:00:00,05,189N, 642E,105, 959,TY
2019-11-04 12:00:00,05,189N, 642E,105, 959,TY
2019-11-04 12:00:00,05,189N, 642E,105, 959,TY
2019-11-04 18:00:00,05,193N, 637E,105, 960,TY
2019-11-04 18:00:00,05,193N, 637E,105, 960,TY
2019-11-04 18:00:00,05,193N, 637E,105, 960,TY
2019-11-05 00:00:00,05,194N, 634E,100, 963,TY
2019-11-05 00:00:00,05,194N, 634E,100, 963,TY
2019-11-05 00:00:00,05,194N, 634E,100, 963,TY
2019-11-05 06:00:00,05,196N, 635E, 90, 970,TY
2019-11-05 06:00:00,05,196N, 635E, 90, 970,TY
2019-11-05 06:00:00,05,196N, 635E, 90, 970,TY
2019-11-05 12:00:00,05,197N, 639E, 85, 974,TY
2019-11-05 12:00:00,05,197N, 639E, 85, 974,TY
2019-11-05 12:00:00,05,197N, 639E, 85, 974,TY
2019-11-05 18:00:00,05,197N, 647E, 70, 987,TY
2019-11-05 18:00:00,05,197N, 647E, 70, 987,TY
2019-11-05 18:00:00,05,197N, 647E, 70, 987,TY
2019-11-06 00:00:00,05,197N, 654E, 55, 993,TS
2019-11-06 00:00:00,05,197N, 654E, 55, 993,TS
2019-11-06 06:00:00,05,196N, 662E, 45,1000,TS
2019-11-06 12:00:00,05,195N, 673E, 40,1000,TS
2019-11-06 18:00:00,05,193N, 685E, 30,1002,TD
2019-12-02 00:00:00,06, 55N, 569E, 25,1002,TD
2019-12-02 06:00:00,06, 58N, 569E, 30, 999,TD
2019-12-02 12:00:00,06, 60N, 569E, 30, 999,TD
2019-12-02 18:00:00,06, 62N, 570E, 30,1005,TD
2019-12-03 00:00:00,06, 65N, 572E, 35,1002,TS
2019-12-03 06:00:00,06, 68N, 574E, 35,1002,TS
2019-12-03 12:00:00,06, 70N, 575E, 30,1000,TD
2019-12-03 12:00:00,07,133N, 702E, 40, 999,TS
2019-12-03 18:00:00,07,136N, 696E, 50, 997,TS
2019-12-03 18:00:00,06, 72N, 575E, 30,1000,TD
2019-12-03 18:00:00,07,136N, 696E, 50, 997,TS
2019-12-04 00:00:00,07,144N, 698E, 55, 993,TS
2019-12-04 00:00:00,07,144N, 698E, 55, 993,TS
2019-12-04 06:00:00,06, 76N, 576E, 35,1000,TS
2019-12-04 06:00:00,07,147N, 690E, 45, 998,TS
2019-12-04 12:00:00,06, 81N, 572E, 40, 997,TS
2019-12-04 12:00:00,07,148N, 684E, 35,1003,TS
2019-12-04 18:00:00,07,150N, 685E, 30,1010,TD
2019-12-04 18:00:00,06, 86N, 570E, 40,1001,TS
2019-12-05 00:00:00,07,152N, 681E, 25,1009,TD
2019-12-05 00:00:00,06, 94N, 567E, 40,1000,TS
2019-12-05 06:00:00,06, 93N, 558E, 40, 999,TS
2019-12-05 12:00:00,06, 90N, 548E, 40, 999,TS
2019-12-05 18:00:00,06, 84N, 541E, 35,1005,TS
2019-12-06 00:00:00,06, 81N, 535E, 35,1004,TS
2019-12-06 06:00:00,06, 79N, 529E, 35,1004,TS
2019-12-06 12:00:00,06, 78N, 520E, 45, 999,TS
2019-12-06 18:00:00,06, 80N, 508E, 45,1000,TS
2019-12-07 00:00:00,06, 79N, 497E, 40,1002,TS
2020-05-31 18:00:00,02,129N, 722E, 20,1008,DB
2020-06-01 00:00:00,02,130N, 717E, 20,1007,DB
2020-06-01 06:00:00,02,132N, 711E, 25,1006,TD
2020-06-01 12:00:00,02,138N, 711E, 25,1003,TD
2020-06-01 18:00:00,02,144N, 712E, 30,1003,TD
2020-06-02 00:00:00,02,150N, 713E, 35, 998,TS
2020-06-02 06:00:00,02,157N, 713E, 40, 997,TS
2020-06-02 12:00:00,02,163N, 714E, 50, 993,TS
2020-06-02 18:00:00,02,167N, 717E, 60, 987,TS
2020-06-02 18:00:00,02,167N, 717E, 60, 987,TS
2020-06-03 00:00:00,02,173N, 722E, 75, 974,TY
2020-06-03 00:00:00,02,173N, 722E, 75, 974,TY
2020-06-03 00:00:00,02,173N, 722E, 75, 974,TY
2020-06-03 06:00:00,02,180N, 729E, 85, 968,TY
2020-06-03 06:00:00,02,180N, 729E, 85, 968,TY
2020-06-03 06:00:00,02,180N, 729E, 85, 968,TY
2020-06-03 12:00:00,02,191N, 737E, 70, 979,TY
2020-06-03 12:00:00,02,191N, 737E, 70, 979,TY
2020-06-03 12:00:00,02,191N, 737E, 70, 979,TY
2020-11-21 00:00:00,03,113N, 606E, 25,1004,TD
2020-11-21 06:00:00,03,113N, 588E, 35,1002,TS
2020-11-21 12:00:00,03,113N, 571E, 30,1003,TD
2020-11-21 18:00:00,03,108N, 554E, 35,1005,TS
2020-11-22 00:00:00,03,106N, 538E, 60, 992,TS
2020-11-22 00:00:00,03,106N, 538E, 60, 992,TS
2020-11-22 06:00:00,03,104N, 525E,100, 967,TY
2020-11-22 06:00:00,03,104N, 525E,100, 967,TY
2020-11-22 06:00:00,03,104N, 525E,100, 967,TY
2020-11-22 12:00:00,03,104N, 515E, 90, 974,TY
2020-11-22 12:00:00,03,104N, 515E, 90, 974,TY
2020-11-22 12:00:00,03,104N, 515E, 90, 974,TY
2020-11-22 18:00:00,03,104N, 506E, 65, 992,TY
2020-11-22 18:00:00,03,104N, 506E, 65, 992,TY
2020-11-23 00:00:00,03,108N, 499E, 50,1000,TS
2020-11-23 06:00:00,03,113N, 493E, 40,1005,TS
2020-11-23 12:00:00,03,116N, 486E, 35,1005,TS
2020-11-23 18:00:00,03,119N, 475E, 30,1007,TD
2020-11-24 00:00:00,03,114N, 467E, 25,1009,TD
2020-11-24 06:00:00,03,109N, 465E, 25,1011,TD
2020-11-24 12:00:00,03,104N, 463E, 15,1013,DB
2021-05-13 06:00:00,01,100N, 709E, 20,1007,DB
2021-05-13 12:00:00,01,102N, 713E, 25,1004,TD
2021-05-14 00:00:00,01,109N, 718E, 30, 997,TD
2021-05-14 06:00:00,01,113N, 721E, 35, 998,TS
2021-05-14 12:00:00,01,118N, 725E, 40, 996,TS
2021-05-15 00:00:00,01,129N, 732E, 50, 989,TS
2021-05-15 00:00:00,01,129N, 732E, 50, 989,TS
2021-05-15 06:00:00,01,134N, 734E, 55,1002,TS
2021-05-15 06:00:00,01,134N, 734E, 55,1002,TS
2021-05-15 12:00:00,01,139N, 732E, 65, 975,TY
2021-05-15 12:00:00,01,139N, 732E, 65, 975,TY
2021-05-15 12:00:00,01,139N, 732E, 65, 975,TY
2021-05-15 18:00:00,01,144N, 730E, 70, 975,TY
2021-05-15 18:00:00,01,144N, 730E, 70, 975,TY
2021-05-15 18:00:00,01,144N, 730E, 70, 975,TY
2021-05-16 00:00:00,01,150N, 728E, 80, 965,TY
2021-05-16 00:00:00,01,150N, 728E, 80, 965,TY
2021-05-16 00:00:00,01,150N, 728E, 80, 965,TY
2021-05-16 06:00:00,01,159N, 729E, 90, 962,TY
2021-05-16 06:00:00,01,159N, 729E, 90, 962,TY
2021-05-16 06:00:00,01,159N, 729E, 90, 962,TY
2021-05-16 12:00:00,01,168N, 725E,100, 952,TY
2021-05-16 12:00:00,01,168N, 725E,100, 952,TY
2021-05-16 12:00:00,01,168N, 725E,100, 952,TY
2021-05-16 18:00:00,01,178N, 720E,115, 942,TY
2021-05-16 18:00:00,01,178N, 720E,115, 942,TY
2021-05-16 18:00:00,01,178N, 720E,115, 942,TY
2021-05-17 00:00:00,01,183N, 718E,120, 931,TY
2021-05-17 00:00:00,01,183N, 718E,120, 931,TY
2021-05-17 00:00:00,01,183N, 718E,120, 931,TY
2021-05-17 06:00:00,01,193N, 716E,120, 934,TY
2021-05-17 06:00:00,01,193N, 716E,120, 934,TY
2021-05-17 06:00:00,01,193N, 716E,120, 934,TY
2021-05-17 12:00:00,01,200N, 714E,100, 949,TY
2021-05-17 12:00:00,01,200N, 714E,100, 949,TY
2021-05-17 12:00:00,01,200N, 714E,100, 949,TY
2021-05-17 15:00:00,01,205N, 713E,115, 936,TY
2021-05-17 15:00:00,01,205N, 713E,115, 936,TY
2021-05-17 15:00:00,01,205N, 713E,115, 936,TY
2021-05-17 18:00:00,01,209N, 713E,110, 942,TY
2021-05-17 18:00:00,01,209N, 713E,110, 942,TY
2021-05-17 18:00:00,01,209N, 713E,110, 942,TY
2021-05-18 00:00:00,01,214N, 712E, 90, 959,TY
2021-05-18 00:00:00,01,214N, 712E, 90, 959,TY
2021-05-18 00:00:00,01,214N, 712E, 90, 959,TY
2022-08-11 18:00:00,03,221N, 672E, 20,1007,DB
2022-08-12 00:00:00,03,218N, 666E, 30, 989,TD
2022-08-12 06:00:00,03,216N, 661E, 35, 991,TS
2022-08-12 12:00:00,03,220N, 652E, 40, 986,TS
2022-08-12 18:00:00,03,223N, 647E, 40, 987,TS
2022-08-13 00:00:00,03,220N, 639E, 35, 987,TS
2022-08-13 06:00:00,03,215N, 636E, 30, 994,TD
2022-08-13 12:00:00,03,216N, 647E, 30, 991,TD
2022-08-13 18:00:00,03,222N, 661E, 25, 995,TD
2022-08-14 00:00:00,03,231N, 666E, 20, 999,DB
2022-08-14 03:00:00,03,235N, 668E, 20,1000,DB
2022-12-12 12:00:00,07,120N, 742E, 15,1010,DB
2022-12-12 18:00:00,07,123N, 736E, 20,1007,DB
2022-12-13 00:00:00,07,126N, 731E, 25,1008,TD
2022-12-13 06:00:00,07,128N, 726E, 30,1000,TD
2022-12-13 12:00:00,07,130N, 721E, 35, 996,TS
2022-12-13 18:00:00,07,132N, 715E, 35,1003,TS
2022-12-14 00:00:00,07,133N, 708E, 50, 994,TS
2022-12-14 00:00:00,07,133N, 708E, 50, 994,TS
2022-12-14 06:00:00,07,135N, 700E, 50, 999,TS
2022-12-14 06:00:00,07,135N, 700E, 50, 999,TS
2022-12-14 12:00:00,07,137N, 693E, 45, 999,TS
2022-12-14 18:00:00,07,137N, 686E, 45,1001,TS
2022-12-15 00:00:00,07,138N, 680E, 45,1000,TS
2022-12-15 06:00:00,07,139N, 673E, 40,1003,TS
2022-12-15 12:00:00,07,140N, 665E, 45, 997,TS
2022-12-15 18:00:00,07,137N, 656E, 35,1003,TS
2022-12-16 00:00:00,07,137N, 650E, 35,1003,TS
2022-12-16 06:00:00,07,140N, 642E, 30,1006,TD
2022-12-16 12:00:00,07,142N, 634E, 30,1002,TD
2022-12-16 18:00:00,07,141N, 628E, 25,1004,TD
2022-12-17 00:00:00,07,140N, 623E, 25,1005,TD
2022-12-17 06:00:00,07,139N, 617E, 25,1005,TD
2022-12-17 12:00:00,07,137N, 609E, 25,1005,TD
2022-12-17 18:00:00,07,136N, 597E, 25,1008,TD
2022-12-18 00:00:00,07,135N, 586E, 25,1004,TD
2022-12-18 06:00:00,07,134N, 575E, 25,1004,TD
2022-12-18 12:00:00,07,131N, 564E, 25,1010,TD
2022-12-18 18:00:00,07,120N, 558E, 25,1010,TD
2022-12-19 00:00:00,07,116N, 554E, 20,1012,DB
2023-06-05 00:00:00,02,103N, 667E, 25,1004,TD
2023-06-05 06:00:00,02,107N, 665E, 25,1004,TD
2023-06-05 12:00:00,02,110N, 663E, 25, 995,TD
2023-06-05 18:00:00,02,114N, 661E, 30, 994,TD
2023-06-06 00:00:00,02,116N, 660E, 40, 993,TS
2023-06-06 06:00:00,02,119N, 659E, 55, 992,TS
2023-06-06 06:00:00,02,119N, 659E, 55, 992,TS
2023-06-06 12:00:00,02,122N, 660E, 75, 982,TY
2023-06-06 12:00:00,02,122N, 660E, 75, 982,TY
2023-06-06 12:00:00,02,122N, 660E, 75, 982,TY
2023-06-06 18:00:00,02,124N, 662E, 80, 979,TY
2023-06-06 18:00:00,02,124N, 662E, 80, 979,TY
2023-06-06 18:00:00,02,124N, 662E, 80, 979,TY
2023-06-07 00:00:00,02,126N, 665E, 85, 976,TY
2023-06-07 00:00:00,02,126N, 665E, 85, 976,TY
2023-06-07 00:00:00,02,126N, 665E, 85, 976,TY
2023-06-07 06:00:00,02,131N, 664E, 80, 973,TY
2023-06-07 06:00:00,02,131N, 664E, 80, 973,TY
2023-06-07 06:00:00,02,131N, 664E, 80, 973,TY
2023-06-07 12:00:00,02,133N, 662E, 85, 970,TY
2023-06-07 12:00:00,02,133N, 662E, 85, 970,TY
2023-06-07 12:00:00,02,133N, 662E, 85, 970,TY
2023-06-07 18:00:00,02,135N, 661E, 80, 973,TY
2023-06-07 18:00:00,02,135N, 661E, 80, 973,TY
2023-06-07 18:00:00,02,135N, 661E, 80, 973,TY
2023-06-08 00:00:00,02,137N, 661E, 75, 974,TY
2023-06-08 00:00:00,02,137N, 661E, 75, 974,TY
2023-06-08 00:00:00,02,137N, 661E, 75, 974,TY
2023-06-08 06:00:00,02,139N, 660E, 75, 976,TY
2023-06-08 06:00:00,02,139N, 660E, 75, 976,TY
2023-06-08 06:00:00,02,139N, 660E, 75, 976,TY
2023-06-08 12:00:00,02,142N, 660E, 75, 976,TY
2023-06-08 12:00:00,02,142N, 660E, 75, 976,TY
2023-06-08 12:00:00,02,142N, 660E, 75, 976,TY
2023-06-08 18:00:00,02,145N, 662E, 70, 979,TY
2023-06-08 18:00:00,02,145N, 662E, 70, 979,TY
2023-06-08 18:00:00,02,145N, 662E, 70, 979,TY
2023-06-09 00:00:00,02,148N, 664E, 65, 983,TY
2023-06-09 00:00:00,02,148N, 664E, 65, 983,TY
2023-06-09 00:00:00,02,148N, 664E, 65, 983,TY
2023-06-09 06:00:00,02,150N, 669E, 60, 986,TS
2023-06-09 06:00:00,02,150N, 669E, 60, 986,TS
2023-06-09 12:00:00,02,157N, 673E, 65, 984,TY
2023-06-09 12:00:00,02,157N, 673E, 65, 984,TY
2023-06-09 12:00:00,02,157N, 673E, 65, 984,TY
2023-06-09 18:00:00,02,163N, 674E, 70, 976,TY
2023-06-09 18:00:00,02,163N, 674E, 70, 976,TY
2023-06-09 18:00:00,02,163N, 674E, 70, 976,TY
2023-06-10 00:00:00,02,164N, 673E, 95, 958,TY
2023-06-10 00:00:00,02,164N, 673E, 95, 958,TY
2023-06-10 00:00:00,02,164N, 673E, 95, 958,TY
2023-06-10 06:00:00,02,166N, 672E,100, 953,TY
2023-06-10 06:00:00,02,166N, 672E,100, 953,TY
2023-06-10 06:00:00,02,166N, 672E,100, 953,TY
2023-06-10 09:00:00,02,169N, 673E,110, 944,TY
2023-06-10 09:00:00,02,169N, 673E,110, 944,TY
2023-06-10 09:00:00,02,169N, 673E,110, 944,TY
2023-06-10 12:00:00,02,172N, 673E,105, 945,TY
2023-06-10 12:00:00,02,172N, 673E,105, 945,TY
2023-06-10 12:00:00,02,172N, 673E,105, 945,TY
2023-06-10 18:00:00,02,176N, 674E,100, 951,TY
2023-06-10 18:00:00,02,176N, 674E,100, 951,TY
2023-06-10 18:00:00,02,176N, 674E,100, 951,TY
2023-06-11 00:00:00,02,178N, 677E, 95, 950,TY
2023-06-11 00:00:00,02,178N, 677E, 95, 950,TY
2023-06-11 00:00:00,02,178N, 677E, 95, 950,TY
2023-06-11 06:00:00,02,183N, 678E, 90, 953,TY
2023-06-11 06:00:00,02,183N, 678E, 90, 953,TY
2023-06-11 06:00:00,02,183N, 678E, 90, 953,TY
2023-06-11 12:00:00,02,187N, 679E, 90, 954,TY
2023-06-11 12:00:00,02,187N, 679E, 90, 954,TY
2023-06-11 12:00:00,02,187N, 679E, 90, 954,TY
2023-06-11 18:00:00,02,190N, 678E, 85, 956,TY
2023-06-11 18:00:00,02,190N, 678E, 85, 956,TY
2023-06-11 18:00:00,02,190N, 678E, 85, 956,TY
2023-06-12 00:00:00,02,192N, 677E, 80, 959,TY
2023-06-12 00:00:00,02,192N, 677E, 80, 959,TY
2023-06-12 00:00:00,02,192N, 677E, 80, 959,TY
2023-06-12 06:00:00,02,197N, 673E, 90, 955,TY
2023-06-12 06:00:00,02,197N, 673E, 90, 955,TY
2023-06-12 06:00:00,02,197N, 673E, 90, 955,TY
2023-06-12 12:00:00,02,199N, 672E, 90, 955,TY
2023-06-12 12:00:00,02,199N, 672E, 90, 955,TY
2023-06-12 12:00:00,02,199N, 672E, 90, 955,TY
2023-06-12 18:00:00,02,203N, 672E, 85, 959,TY
2023-06-12 18:00:00,02,203N, 672E, 85, 959,TY
2023-06-12 18:00:00,02,203N, 672E, 85, 959,TY
2023-06-13 00:00:00,02,207N, 670E, 85, 961,TY
2023-06-13 00:00:00,02,207N, 670E, 85, 961,TY
2023-06-13 00:00:00,02,207N, 670E, 85, 961,TY
2023-06-13 06:00:00,02,209N, 668E, 90, 954,TY
2023-06-13 06:00:00,02,209N, 668E, 90, 954,TY
2023-06-13 06:00:00,02,209N, 668E, 90, 954,TY
2023-06-13 12:00:00,02,211N, 664E, 95, 945,TY
2023-06-13 12:00:00,02,211N, 664E, 95, 945,TY
2023-06-13 12:00:00,02,211N, 664E, 95, 945,TY
2023-06-13 18:00:00,02,212N, 664E, 85, 955,TY
2023-06-13 18:00:00,02,212N, 664E, 85, 955,TY
2023-06-13 18:00:00,02,212N, 664E, 85, 955,TY
2023-06-14 00:00:00,02,213N, 663E, 85, 955,TY
2023-06-14 00:00:00,02,213N, 663E, 85, 955,TY
2023-06-14 00:00:00,02,213N, 663E, 85, 955,TY
2023-06-14 06:00:00,02,214N, 665E, 80, 960,TY
2023-06-14 06:00:00,02,214N, 665E, 80, 960,TY
2023-06-14 06:00:00,02,214N, 665E, 80, 960,TY
2023-06-14 12:00:00,02,218N, 667E, 70, 964,TY
2023-06-14 12:00:00,02,218N, 667E, 70, 964,TY
2023-06-14 12:00:00,02,218N, 667E, 70, 964,TY
2023-06-14 18:00:00,02,222N, 667E, 60, 974,TS
2023-06-14 18:00:00,02,222N, 667E, 60, 974,TS
2023-06-15 00:00:00,02,223N, 669E, 55, 976,TS
2023-06-15 00:00:00,02,223N, 669E, 55, 976,TS
2023-06-15 06:00:00,02,225N, 673E, 55, 975,TS
2023-06-15 06:00:00,02,225N, 673E, 55, 975,TS
2023-06-15 12:00:00,02,228N, 682E, 55, 976,TS
2023-06-15 12:00:00,02,228N, 682E, 55, 976,TS
2023-06-15 18:00:00,02,233N, 686E, 50, 980,TS
2023-06-15 18:00:00,02,233N, 686E, 50, 980,TS
2023-06-16 00:00:00,02,235N, 690E, 45, 983,TS
2023-06-16 06:00:00,02,236N, 696E, 45, 982,TS
2023-06-16 12:00:00,02,242N, 704E, 40, 985,TS
2023-06-16 18:00:00,02,247N, 708E, 35, 987,TS
2023-06-17 00:00:00,02,251N, 711E, 30, 991,TD
2023-10-19 06:00:00,05,107N, 626E, 15,1010,DB
2023-10-19 12:00:00,05,102N, 624E, 20,1007,DB
2023-10-19 18:00:00,05, 99N, 623E, 25,1006,TD
2023-10-20 00:00:00,05, 95N, 621E, 30,1006,TD
2023-10-20 06:00:00,05, 93N, 616E, 30,1006,TD
2023-10-20 12:00:00,05, 94N, 609E, 35,1003,TS
2023-10-20 18:00:00,05, 97N, 598E, 40,1003,TS
2023-10-21 00:00:00,05, 99N, 590E, 50, 997,TS
2023-10-21 00:00:00,05, 99N, 590E, 50, 997,TS
2023-10-21 06:00:00,05,102N, 581E, 55, 995,TS
2023-10-21 06:00:00,05,102N, 581E, 55, 995,TS
2023-10-21 12:00:00,05,107N, 574E, 70, 984,TY
2023-10-21 12:00:00,05,107N, 574E, 70, 984,TY
2023-10-21 12:00:00,05,107N, 574E, 70, 984,TY
2023-10-21 18:00:00,05,114N, 565E,105, 958,TY
2023-10-21 18:00:00,05,114N, 565E,105, 958,TY
2023-10-21 18:00:00,05,114N, 565E,105, 958,TY
2023-10-22 00:00:00,05,121N, 558E,105, 959,TY
2023-10-22 00:00:00,05,121N, 558E,105, 959,TY
2023-10-22 00:00:00,05,121N, 558E,105, 959,TY
2023-10-22 06:00:00,05,127N, 550E,100, 962,TY
2023-10-22 06:00:00,05,127N, 550E,100, 962,TY
2023-10-22 06:00:00,05,127N, 550E,100, 962,TY
2023-10-22 12:00:00,05,134N, 543E,100, 961,TY
2023-10-22 12:00:00,05,134N, 543E,100, 961,TY
2023-10-22 12:00:00,05,134N, 543E,100, 961,TY
2023-10-22 18:00:00,05,139N, 538E,105, 960,TY
2023-10-22 18:00:00,05,139N, 538E,105, 960,TY
2023-10-22 18:00:00,05,139N, 538E,105, 960,TY
2023-10-23 00:00:00,05,142N, 532E, 85, 976,TY
2023-10-23 00:00:00,05,142N, 532E, 85, 976,TY
2023-10-23 00:00:00,05,142N, 532E, 85, 976,TY
2023-10-23 06:00:00,05,147N, 528E, 80, 980,TY
2023-10-23 06:00:00,05,147N, 528E, 80, 980,TY
2023-10-23 06:00:00,05,147N, 528E, 80, 980,TY
2023-10-23 12:00:00,05,153N, 526E, 70, 982,TY
2023-10-23 12:00:00,05,153N, 526E, 70, 982,TY
2023-10-23 12:00:00,05,153N, 526E, 70, 982,TY
2023-10-23 18:00:00,05,157N, 523E, 65, 986,TY
2023-10-23 18:00:00,05,157N, 523E, 65, 986,TY
2023-10-23 18:00:00,05,157N, 523E, 65, 986,TY
2023-10-24 00:00:00,05,158N, 524E, 45, 999,TS
2023-10-24 06:00:00,05,157N, 517E, 30, 997,TD
2023-10-24 12:00:00,05,165N, 515E, 20,1001,DB
