YYYYMMDDHH,LatN/S,LonE/W,VMAX,MSLP,TY,CY_Serial
2006-01-14 00:00:00, 64N, 752E, 45, 991,TC,200601
2006-01-14 06:00:00, 67N, 744E, 45, 991,TC,200601
2006-01-14 12:00:00, 68N, 736E, 45, 991,TC,200601
2006-01-14 18:00:00, 70N, 728E, 40, 994,TC,200601
2006-09-21 00:00:00,196N, 666E, 30,1000,TD,200604
2006-09-21 06:00:00,196N, 664E, 30,1000,TD,200604
2006-09-21 12:00:00,197N, 663E, 35, 997,TS,200604
2006-09-21 18:00:00,199N, 663E, 40, 994,TS,200604
2006-09-22 00:00:00,200N, 664E, 45, 991,TC,200604
2006-09-22 06:00:00,202N, 665E, 45, 991,TS,200604
2006-09-22 12:00:00,203N, 666E, 50, 987,TS,200604
2006-09-22 12:00:00,203N, 666E, 50, 987,TS,200604
2006-09-22 18:00:00,204N, 668E, 50, 987,TS,200604
2006-09-22 18:00:00,204N, 668E, 50, 987,TS,200604
2006-09-23 00:00:00,204N, 669E, 50, 987,TS,200604
2006-09-23 00:00:00,204N, 669E, 50, 987,TS,200604
2006-09-23 06:00:00,205N, 671E, 55, 984,TC,200604
2006-09-23 06:00:00,205N, 671E, 55, 984,TC,200604
2006-09-23 12:00:00,203N, 672E, 45, 991,TC,200604
2006-09-23 18:00:00,202N, 671E, 35, 997,TS,200604
2006-09-24 00:00:00,200N, 670E, 30,1000,TD,200604
2006-09-24 06:00:00,198N, 669E, 30,1000,TD,200604
2006-09-24 12:00:00,196N, 669E, 30,1000,TD,200604
2006-09-24 18:00:00,195N, 668E, 30,1000,TD,200604
2007-06-01 06:00:00,147N, 700E, 30,1000,TD,200702
2007-06-01 12:00:00,150N, 688E, 30,1000,TD,200702
2007-06-01 18:00:00,151N, 683E, 30,1000,TD,200702
2007-06-02 00:00:00,151N, 678E, 40, 994,TS,200702
2007-06-02 06:00:00,151N, 673E, 45, 989,TS,200702
2007-06-02 12:00:00,154N, 671E, 55, 982,TS,200702
2007-06-02 18:00:00,156N, 672E, 55, 982,TS,200702
2007-06-02 18:00:00,156N, 672E, 55, 982,TS,200702
2007-06-03 00:00:00,160N, 675E, 60, 978,TS,200702
2007-06-03 00:00:00,160N, 675E, 60, 978,TS,200702
2007-06-03 06:00:00,169N, 676E, 65, 974,TY,200702
2007-06-03 06:00:00,169N, 676E, 65, 974,TY,200702
2007-06-03 12:00:00,175N, 668E, 70, 970,TY,200702
2007-06-03 12:00:00,175N, 668E, 70, 970,TY,200702
2007-06-03 12:00:00,175N, 668E, 70, 970,TY,200702
2007-06-03 18:00:00,180N, 661E, 95, 952,TY,200702
2007-06-03 18:00:00,180N, 661E, 95, 952,TY,200702
2007-06-03 18:00:00,180N, 661E, 95, 952,TY,200702
2007-06-04 06:00:00,192N, 649E,135, 904,ST,200702
2007-06-04 06:00:00,192N, 649E,135, 904,ST,200702
2007-06-04 06:00:00,192N, 649E,135, 904,ST,200702
2007-06-04 12:00:00,199N, 641E,145, 914,ST,200702
2007-06-04 12:00:00,199N, 641E,145, 914,ST,200702
2007-06-04 12:00:00,199N, 641E,145, 914,ST,200702
2007-06-04 18:00:00,205N, 633E,140, 898,ST,200702
2007-06-04 18:00:00,205N, 633E,140, 898,ST,200702
2007-06-04 18:00:00,205N, 633E,140, 898,ST,200702
2007-06-05 00:00:00,208N, 625E,135, 904,ST,200702
2007-06-05 00:00:00,208N, 625E,135, 904,ST,200702
2007-06-05 00:00:00,208N, 625E,135, 904,ST,200702
2007-06-05 06:00:00,212N, 617E,125, 916,TY,200702
2007-06-05 06:00:00,212N, 617E,125, 916,TY,200702
2007-06-05 06:00:00,212N, 617E,125, 916,TY,200702
2007-06-05 12:00:00,216N, 611E,115, 937,TY,200702
2007-06-05 12:00:00,216N, 611E,115, 937,TY,200702
2007-06-05 12:00:00,216N, 611E,115, 937,TY,200702
2007-06-05 18:00:00,220N, 606E,110, 941,TY,200702
2007-06-05 18:00:00,220N, 606E,110, 941,TY,200702
2007-06-05 18:00:00,220N, 606E,110, 941,TY,200702
2007-06-06 00:00:00,226N, 600E, 90, 956,TY,200702
2007-06-06 00:00:00,226N, 600E, 90, 956,TY,200702
2007-06-06 00:00:00,226N, 600E, 90, 956,TY,200702
2007-06-06 06:00:00,231N, 595E, 90, 956,TY,200702
2007-06-06 06:00:00,231N, 595E, 90, 956,TY,200702
2007-06-06 06:00:00,231N, 595E, 90, 956,TY,200702
2007-06-06 12:00:00,238N, 592E, 75, 967,TY,200702
2007-06-06 12:00:00,238N, 592E, 75, 967,TY,200702
2007-06-06 12:00:00,238N, 592E, 75, 967,TY,200702
2007-06-06 18:00:00,245N, 589E, 65, 974,TY,200702
2007-06-06 18:00:00,245N, 589E, 65, 974,TY,200702
2007-06-07 06:00:00,249N, 583E, 45, 989,TS,200702
2009-11-10 00:00:00,134N, 711E, 35, 996,TS,200904
2009-11-10 06:00:00,142N, 713E, 35, 996,TS,200904
2009-11-10 12:00:00,149N, 716E, 45, 989,TS,200904
2009-11-10 18:00:00,156N, 720E, 50, 985,TS,200904
2009-11-11 00:00:00,165N, 727E, 50, 985,TS,200904
2009-11-11 06:00:00,180N, 731E, 45, 989,TS,200904
2009-11-11 12:00:00,194N, 738E, 35, 996,TS,200904
2010-05-19 00:00:00,109N, 545E, 25,1004,TD,201002
2010-05-19 06:00:00,111N, 540E, 30,1000,TD,201002
2010-05-19 12:00:00,113N, 535E, 35, 996,TS,201002
2010-05-19 18:00:00,114N, 531E, 35, 996,TS,201002
2010-05-20 00:00:00,117N, 529E, 40, 993,TS,201002
2010-05-20 06:00:00,120N, 527E, 40, 993,TS,201002
2010-05-20 12:00:00,122N, 525E, 45, 989,TS,201002
2010-05-20 18:00:00,124N, 523E, 45, 989,TS,201002
2010-05-21 00:00:00,126N, 521E, 45, 989,TS,201002
2010-05-21 06:00:00,127N, 518E, 55, 982,TS,201002
2010-05-21 06:00:00,127N, 518E, 55, 982,TS,201002
2010-05-21 12:00:00,128N, 519E, 55, 982,TS,201002
2010-05-21 12:00:00,128N, 519E, 55, 982,TS,201002
2010-05-21 18:00:00,126N, 518E, 50, 985,TS,201002
2010-05-22 00:00:00,126N, 515E, 45, 989,TS,201002
2010-05-22 06:00:00,126N, 513E, 40, 993,TS,201002
2010-05-22 12:00:00,126N, 511E, 35, 996,TS,201002
2010-05-22 18:00:00,126N, 507E, 30,1000,TD,201002
2010-05-31 00:00:00,145N, 644E, 25,1004,TD,201003
2010-05-31 06:00:00,147N, 642E, 30,1001,TD,201003
2010-05-31 12:00:00,150N, 640E, 30,1000,TD,201003
2010-05-31 18:00:00,154N, 637E, 35, 996,TS,201003
2010-06-01 00:00:00,158N, 632E, 45, 989,TS,201003
2010-06-01 06:00:00,163N, 627E, 55, 982,TS,201003
2010-06-01 12:00:00,168N, 623E, 60, 978,TS,201003
2010-06-01 12:00:00,168N, 623E, 60, 978,TS,201003
2010-06-01 18:00:00,171N, 616E, 75, 967,TY,201003
2010-06-01 18:00:00,171N, 616E, 75, 967,TY,201003
2010-06-01 18:00:00,171N, 616E, 75, 967,TY,201003
2010-06-02 00:00:00,174N, 610E, 90, 956,TY,201003
2010-06-02 00:00:00,174N, 610E, 90, 956,TY,201003
2010-06-02 00:00:00,174N, 610E, 90, 956,TY,201003
2010-06-02 06:00:00,178N, 605E,115, 937,TY,201003
2010-06-02 06:00:00,178N, 605E,115, 937,TY,201003
2010-06-02 06:00:00,178N, 605E,115, 937,TY,201003
2010-06-02 12:00:00,182N, 600E,125, 929,TY,201003
2010-06-02 12:00:00,182N, 600E,125, 929,TY,201003
2010-06-02 12:00:00,182N, 600E,125, 929,TY,201003
2010-06-02 18:00:00,184N, 597E,120, 933,TY,201003
2010-06-02 18:00:00,184N, 597E,120, 933,TY,201003
2010-06-02 18:00:00,184N, 597E,120, 933,TY,201003
2010-06-03 00:00:00,185N, 596E,120, 933,TY,201003
2010-06-03 00:00:00,185N, 596E,120, 933,TY,201003
2010-06-03 00:00:00,185N, 596E,120, 933,TY,201003
2010-06-03 06:00:00,191N, 596E,115, 937,TY,201003
2010-06-03 06:00:00,191N, 596E,115, 937,TY,201003
2010-06-03 06:00:00,191N, 596E,115, 937,TY,201003
2010-06-03 12:00:00,200N, 595E,110, 941,TY,201003
2010-06-03 12:00:00,200N, 595E,110, 941,TY,201003
2010-06-03 12:00:00,200N, 595E,110, 941,TY,201003
2010-06-03 18:00:00,208N, 592E,105, 944,TY,201003
2010-06-03 18:00:00,208N, 592E,105, 944,TY,201003
2010-06-03 18:00:00,208N, 592E,105, 944,TY,201003
2010-06-04 00:00:00,215N, 591E, 90, 956,TY,201003
2010-06-04 00:00:00,215N, 591E, 90, 956,TY,201003
2010-06-04 00:00:00,215N, 591E, 90, 956,TY,201003
2010-06-04 06:00:00,223N, 592E, 75, 967,TY,201003
2010-06-04 06:00:00,223N, 592E, 75, 967,TY,201003
2010-06-04 06:00:00,223N, 592E, 75, 967,TY,201003
2010-06-04 12:00:00,230N, 594E, 65, 974,TY,201003
2010-06-04 12:00:00,230N, 594E, 65, 974,TY,201003
2010-06-04 18:00:00,236N, 597E, 55, 982,TS,201003
2010-06-04 18:00:00,236N, 597E, 55, 982,TS,201003
2010-06-05 00:00:00,239N, 603E, 45, 989,TS,201003
2010-06-05 06:00:00,238N, 610E, 40, 993,TS,201003
2010-06-05 12:00:00,235N, 616E, 40, 993,TS,201003
2010-06-05 18:00:00,232N, 624E, 35, 996,TS,201003
2010-06-06 00:00:00,229N, 641E, 35, 996,TS,201003
2010-06-06 06:00:00,234N, 658E, 35, 996,TS,201003
2010-06-06 12:00:00,246N, 673E, 30,1000,TD,201003
2011-06-09 18:00:00,186N, 706E, 25,1004,TD,201101
2011-06-10 00:00:00,190N, 707E, 25,1004,TD,201101
2011-06-10 06:00:00,191N, 711E, 25,1004,TD,201101
2011-06-10 12:00:00,190N, 717E, 30,1000,TD,201101
2011-06-10 18:00:00,191N, 719E, 30, 999,TD,201101
2011-06-11 00:00:00,192N, 721E, 30, 998,TD,201101
2011-06-11 06:00:00,195N, 720E, 35, 996,TS,201101
2011-06-11 12:00:00,200N, 717E, 35, 996,TS,201101
2011-06-11 18:00:00,203N, 713E, 35, 996,TS,201101
2011-06-12 12:00:00,209N, 701E, 25,1004,TD,201101
2011-11-01 18:00:00,160N, 554E, 30, 998,TD,201103
2011-11-02 00:00:00,162N, 552E, 35, 996,TS,201103
2011-11-02 06:00:00,165N, 550E, 40, 993,TS,201103
2011-11-02 12:00:00,169N, 550E, 40, 993,TS,201103
2011-11-02 18:00:00,169N, 548E, 45, 989,TS,201103
2011-11-03 00:00:00,168N, 549E, 50, 985,TS,201103
2011-11-03 06:00:00,171N, 550E, 55, 982,TS,201103
2011-11-03 12:00:00,172N, 553E, 50, 985,TS,201103
2011-11-03 18:00:00,171N, 555E, 45, 989,TS,201103
2011-11-04 00:00:00,166N, 549E, 40, 993,TS,201103
2011-11-07 18:00:00,132N, 599E, 25,1004,TD,201104
2011-11-08 00:00:00,137N, 596E, 30,1000,TD,201104
2011-11-08 06:00:00,138N, 591E, 30,1000,TD,201104
2011-11-08 12:00:00,143N, 590E, 35, 996,TS,201104
2011-11-08 18:00:00,148N, 589E, 35, 996,TS,201104
2011-11-09 00:00:00,152N, 587E, 35, 996,TC,201104
2011-11-09 06:00:00,155N, 585E, 30,1000,TD,201104
2011-11-09 12:00:00,158N, 585E, 30,1000,TD,201104
2011-11-09 18:00:00,160N, 586E, 25,1004,TD,201104
2011-11-10 00:00:00,163N, 585E, 25,1004,TD,201104
2011-11-10 06:00:00,159N, 583E, 25,1004,TD,201104
2011-11-10 12:00:00,149N, 588E, 25,1004,TD,201104
2011-11-26 06:00:00, 83N, 757E, 30,1000,TD,201105
2011-11-26 12:00:00, 89N, 748E, 30,1000,TD,201105
2011-11-26 18:00:00, 96N, 740E, 30,1000,TD,201105
2011-11-27 00:00:00,104N, 732E, 30,1000,TD,201105
2011-11-27 06:00:00,113N, 723E, 30,1000,TD,201105
2011-11-27 12:00:00,122N, 714E, 30,1000,TD,201105
2011-11-27 18:00:00,130N, 704E, 30,1000,TD,201105
2011-11-28 00:00:00,138N, 695E, 30,1000,TD,201105
2011-11-28 06:00:00,146N, 687E, 35, 996,TS,201105
2011-11-28 12:00:00,151N, 681E, 35, 996,TS,201105
2011-11-28 18:00:00,155N, 676E, 35, 996,TS,201105
2011-11-29 00:00:00,156N, 671E, 30,1000,TD,201105
2011-11-29 06:00:00,157N, 666E, 30,1000,TD,201105
2011-11-29 12:00:00,165N, 661E, 30,1000,TD,201105
2011-11-29 18:00:00,169N, 653E, 25,1004,TD,201105
2011-11-30 00:00:00,171N, 645E, 25,1004,TD,201105
2011-11-30 06:00:00,178N, 639E, 25,1004,TD,201105
2011-11-30 12:00:00,188N, 633E, 25,1004,TD,201105
2011-11-30 18:00:00,189N, 629E, 25,1004,TD,201105
2011-12-01 00:00:00,191N, 626E, 25,1004,TD,201105
2012-10-24 12:00:00,105N, 563E, 35, 996,TS,201201
2012-10-24 18:00:00,104N, 550E, 35, 996,TS,201201
2012-10-25 00:00:00,102N, 537E, 35, 996,TS,201201
2012-10-25 06:00:00, 99N, 525E, 35, 996,TS,201201
2012-10-25 12:00:00, 96N, 513E, 35, 996,TS,201201
2012-12-22 18:00:00, 85N, 613E, 30,1000,TD,201204
2012-12-23 00:00:00, 84N, 598E, 35, 996,TS,201204
2012-12-23 06:00:00, 83N, 584E, 35, 996,TS,201204
2012-12-23 12:00:00, 85N, 572E, 35, 996,TS,201204
2012-12-23 18:00:00, 84N, 559E, 35, 996,TS,201204
2012-12-24 00:00:00, 83N, 545E, 35, 996,TS,201204
2012-12-24 06:00:00, 77N, 531E, 35, 996,TS,201204
2012-12-24 12:00:00, 72N, 519E, 30,1000,TD,201204
2012-12-24 18:00:00, 67N, 507E, 25,1004,TD,201204
2013-11-07 18:00:00, 82N, 579E, 25,1004,TD,201303
2013-11-08 06:00:00, 79N, 561E, 25,1004,TD,201303
2013-11-08 12:00:00, 81N, 550E, 35, 996,TS,201303
2013-11-08 18:00:00, 80N, 540E, 40, 993,TS,201303
2013-11-09 00:00:00, 80N, 532E, 45, 989,TS,201303
2013-11-09 06:00:00, 80N, 529E, 35, 996,TS,201303
2013-11-09 12:00:00, 80N, 526E, 35, 996,TS,201303
2013-11-09 18:00:00, 80N, 523E, 35, 996,TS,201303
2013-11-10 00:00:00, 80N, 520E, 35, 996,TS,201303
2013-11-10 06:00:00, 80N, 516E, 40, 993,TS,201303
2013-11-10 12:00:00, 82N, 513E, 35, 996,TS,201303
2013-11-10 18:00:00, 83N, 507E, 35, 996,TS,201303
2013-11-11 00:00:00, 86N, 501E, 35, 996,TS,201303
2013-11-11 06:00:00, 90N, 492E, 35, 996,TS,201303
2013-11-11 12:00:00, 94N, 480E, 30,1000,TD,201303
2013-11-11 18:00:00, 95N, 469E, 25,1004,TD,201303
2013-11-12 00:00:00, 98N, 460E, 25,1004,TD,201303
2014-06-09 06:00:00,134N, 677E, 30,1000,TD,201402
2014-06-09 12:00:00,138N, 685E, 30,1000,TD,201402
2014-06-09 18:00:00,145N, 692E, 30,1000,TD,201402
2014-06-10 00:00:00,151N, 690E, 35, 996,TS,201402
2014-06-10 06:00:00,157N, 686E, 40, 993,TS,201402
2014-06-10 12:00:00,161N, 681E, 45, 989,TS,201402
2014-06-10 18:00:00,164N, 676E, 50, 985,TS,201402
2014-06-11 00:00:00,166N, 672E, 55, 982,TS,201402
2014-06-11 00:00:00,166N, 672E, 55, 982,TS,201402
2014-06-11 06:00:00,170N, 667E, 55, 982,TS,201402
2014-06-11 06:00:00,170N, 667E, 55, 982,TS,201402
2014-06-11 12:00:00,175N, 662E, 55, 982,TS,201402
2014-06-11 12:00:00,175N, 662E, 55, 982,TS,201402
2014-06-11 18:00:00,177N, 657E, 55, 982,TS,201402
2014-06-11 18:00:00,177N, 657E, 55, 982,TS,201402
2014-06-12 00:00:00,180N, 652E, 55, 982,TS,201402
2014-06-12 00:00:00,180N, 652E, 55, 982,TS,201402
2014-06-12 06:00:00,182N, 646E, 45, 989,TS,201402
2014-06-12 12:00:00,186N, 642E, 40, 993,TS,201402
2014-06-12 18:00:00,193N, 641E, 35, 996,TS,201402
2014-06-13 00:00:00,204N, 646E, 25,1004,TD,201402
2014-10-24 18:00:00,120N, 620E, 25,1004,TD,201404
2014-10-25 00:00:00,123N, 623E, 30,1000,TD,201404
2014-10-25 06:00:00,129N, 624E, 30,1000,TD,201404
2014-10-25 12:00:00,135N, 628E, 35, 996,TS,201404
2014-10-25 18:00:00,139N, 630E, 35, 996,TS,201404
2014-10-26 00:00:00,141N, 630E, 40, 993,TS,201404
2014-10-26 06:00:00,142N, 630E, 45, 989,TS,201404
2014-10-26 12:00:00,143N, 630E, 55, 982,TS,201404
2014-10-26 12:00:00,143N, 630E, 55, 982,TS,201404
2014-10-26 18:00:00,145N, 629E, 55, 982,TS,201404
2014-10-26 18:00:00,145N, 629E, 55, 982,TS,201404
2014-10-27 00:00:00,147N, 628E, 65, 974,TY,201404
2014-10-27 00:00:00,147N, 628E, 65, 974,TY,201404
2014-10-27 06:00:00,148N, 625E, 70, 970,TY,201404
2014-10-27 06:00:00,148N, 625E, 70, 970,TY,201404
2014-10-27 06:00:00,148N, 625E, 70, 970,TY,201404
2014-10-27 12:00:00,150N, 623E, 80, 963,TY,201404
2014-10-27 12:00:00,150N, 623E, 80, 963,TY,201404
2014-10-27 12:00:00,150N, 623E, 80, 963,TY,201404
2014-10-27 18:00:00,151N, 621E, 90, 956,TY,201404
2014-10-27 18:00:00,151N, 621E, 90, 956,TY,201404
2014-10-27 18:00:00,151N, 621E, 90, 956,TY,201404
2014-10-28 00:00:00,155N, 617E, 95, 952,TY,201404
2014-10-28 00:00:00,155N, 617E, 95, 952,TY,201404
2014-10-28 00:00:00,155N, 617E, 95, 952,TY,201404
2014-10-28 06:00:00,160N, 617E,100, 948,TY,201404
2014-10-28 06:00:00,160N, 617E,100, 948,TY,201404
2014-10-28 06:00:00,160N, 617E,100, 948,TY,201404
2014-10-28 12:00:00,168N, 618E,115, 937,TY,201404
2014-10-28 12:00:00,168N, 618E,115, 937,TY,201404
2014-10-28 12:00:00,168N, 618E,115, 937,TY,201404
2014-10-28 18:00:00,177N, 616E,115, 937,TY,201404
2014-10-28 18:00:00,177N, 616E,115, 937,TY,201404
2014-10-28 18:00:00,177N, 616E,115, 937,TY,201404
2014-10-29 00:00:00,180N, 616E,105, 944,TY,201404
2014-10-29 00:00:00,180N, 616E,105, 944,TY,201404
2014-10-29 00:00:00,180N, 616E,105, 944,TY,201404
2014-10-29 06:00:00,185N, 618E, 95, 952,TY,201404
2014-10-29 06:00:00,185N, 618E, 95, 952,TY,201404
2014-10-29 06:00:00,185N, 618E, 95, 952,TY,201404
2014-10-29 12:00:00,188N, 622E, 80, 963,TY,201404
2014-10-29 12:00:00,188N, 622E, 80, 963,TY,201404
2014-10-29 12:00:00,188N, 622E, 80, 963,TY,201404
2014-10-29 18:00:00,191N, 629E, 70, 970,TY,201404
2014-10-29 18:00:00,191N, 629E, 70, 970,TY,201404
2014-10-29 18:00:00,191N, 629E, 70, 970,TY,201404
2014-10-30 00:00:00,196N, 635E, 60, 978,TS,201404
2014-10-30 00:00:00,196N, 635E, 60, 978,TS,201404
2014-10-30 06:00:00,199N, 640E, 50, 985,TS,201404
2014-10-30 12:00:00,200N, 645E, 45, 989,TS,201404
2014-10-30 18:00:00,204N, 648E, 35, 996,TS,201404
2014-10-31 00:00:00,207N, 650E, 30,1000,TD,201404
2014-10-31 06:00:00,210N, 651E, 25,1004,TD,201404
2014-10-31 12:00:00,214N, 650E, 25,1004,TD,201404
2015-06-06 06:00:00,131N, 685E, 25,1004,TD,201501
2015-06-06 12:00:00,138N, 686E, 25,1004,TD,201501
2015-06-06 18:00:00,145N, 686E, 25,1004,TD,201501
2015-06-07 00:00:00,152N, 686E, 30,1000,TD,201501
2015-06-07 06:00:00,157N, 685E, 40, 993,TS,201501
2015-06-07 12:00:00,164N, 685E, 40, 993,TS,201501
2015-06-07 18:00:00,172N, 685E, 40, 993,TS,201501
2015-06-08 00:00:00,179N, 676E, 40, 993,TS,201501
2015-06-08 06:00:00,181N, 668E, 45, 989,TS,201501
2015-06-08 12:00:00,188N, 663E, 45, 989,TS,201501
2015-06-08 18:00:00,194N, 657E, 50, 985,TS,201501
2015-06-09 00:00:00,202N, 651E, 50, 985,TS,201501
2015-06-09 06:00:00,206N, 641E, 50, 985,TS,201501
2015-06-09 06:00:00,206N, 641E, 50, 985,TS,201501
2015-06-09 12:00:00,209N, 635E, 50, 985,TS,201501
2015-06-09 18:00:00,210N, 627E, 55, 982,TS,201501
2015-06-09 18:00:00,210N, 627E, 55, 982,TS,201501
2015-06-10 00:00:00,210N, 619E, 55, 982,TS,201501
2015-06-10 00:00:00,210N, 619E, 55, 982,TS,201501
2015-06-10 06:00:00,209N, 616E, 55, 982,TS,201501
2015-06-10 06:00:00,209N, 616E, 55, 982,TS,201501
2015-06-10 12:00:00,208N, 614E, 50, 985,TS,201501
2015-06-10 12:00:00,208N, 614E, 50, 985,TS,201501
2015-06-10 18:00:00,206N, 614E, 45, 989,TS,201501
2015-06-11 00:00:00,208N, 610E, 45, 989,TS,201501
2015-06-11 06:00:00,208N, 606E, 45, 989,TS,201501
2015-06-11 12:00:00,208N, 603E, 40, 993,TS,201501
2015-06-11 18:00:00,208N, 601E, 35, 996,TS,201501
2015-06-12 06:00:00,207N, 598E, 30,1000,TD,201501
2015-10-07 18:00:00,128N, 717E, 30,1000,TD,201503
2015-10-08 00:00:00,129N, 715E, 30,1000,TD,201503
2015-10-08 06:00:00,129N, 713E, 30,1000,TD,201503
2015-10-08 12:00:00,132N, 711E, 30,1000,TD,201503
2015-10-08 18:00:00,134N, 709E, 30,1000,TD,201503
2015-10-09 00:00:00,136N, 707E, 30,1000,TD,201503
2015-10-09 06:00:00,139N, 705E, 35, 996,TS,201503
2015-10-09 12:00:00,143N, 702E, 30,1000,TD,201503
2015-10-09 18:00:00,147N, 699E, 30,1000,TD,201503
2015-10-10 00:00:00,149N, 696E, 30,1000,TD,201503
2015-10-10 06:00:00,151N, 694E, 30,1000,TD,201503
2015-10-10 12:00:00,153N, 695E, 25,1004,TD,201503
2015-10-10 18:00:00,155N, 696E, 25,1004,TD,201503
2015-10-11 00:00:00,157N, 695E, 25,1004,TD,201503
2015-10-27 12:00:00,107N, 651E, 25,1004,TD,201504
2015-10-27 18:00:00,111N, 649E, 25,1004,TD,201504
2015-10-28 00:00:00,116N, 647E, 30,1000,TD,201504
2015-10-28 06:00:00,121N, 647E, 35, 996,TS,201504
2015-10-28 12:00:00,128N, 649E, 45, 989,TS,201504
2015-10-28 18:00:00,131N, 646E, 45, 989,TS,201504
2015-10-29 00:00:00,134N, 642E, 50, 985,TS,201504
2015-10-29 06:00:00,138N, 637E, 55, 982,TS,201504
2015-10-29 06:00:00,138N, 637E, 55, 982,TS,201504
2015-10-29 12:00:00,142N, 631E, 65, 974,TY,201504
2015-10-29 12:00:00,142N, 631E, 65, 974,TY,201504
2015-10-29 18:00:00,142N, 624E, 80, 963,TY,201504
2015-10-29 18:00:00,142N, 624E, 80, 963,TY,201504
2015-10-29 18:00:00,142N, 624E, 80, 963,TY,201504
2015-10-30 00:00:00,142N, 618E,100, 948,TY,201504
2015-10-30 00:00:00,142N, 618E,100, 948,TY,201504
2015-10-30 00:00:00,142N, 618E,100, 948,TY,201504
2015-10-30 06:00:00,141N, 611E,130, 926,ST,201504
2015-10-30 06:00:00,141N, 611E,130, 926,ST,201504
2015-10-30 06:00:00,141N, 611E,130, 926,ST,201504
2015-10-30 12:00:00,140N, 606E,125, 929,TY,201504
2015-10-30 12:00:00,140N, 606E,125, 929,TY,201504
2015-10-30 12:00:00,140N, 606E,125, 929,TY,201504
2015-10-30 18:00:00,139N, 601E,120, 933,TY,201504
2015-10-30 18:00:00,139N, 601E,120, 933,TY,201504
2015-10-30 18:00:00,139N, 601E,120, 933,TY,201504
2015-10-31 00:00:00,138N, 595E,115, 937,TY,201504
2015-10-31 00:00:00,138N, 595E,115, 937,TY,201504
2015-10-31 00:00:00,138N, 595E,115, 937,TY,201504
2015-10-31 06:00:00,138N, 587E,110, 941,TY,201504
2015-10-31 06:00:00,138N, 587E,110, 941,TY,201504
2015-10-31 06:00:00,138N, 587E,110, 941,TY,201504
2015-10-31 12:00:00,138N, 579E,110, 941,TY,201504
2015-10-31 12:00:00,138N, 579E,110, 941,TY,201504
2015-10-31 12:00:00,138N, 579E,110, 941,TY,201504
2015-10-31 18:00:00,137N, 572E,110, 941,TY,201504
2015-10-31 18:00:00,137N, 572E,110, 941,TY,201504
2015-10-31 18:00:00,137N, 572E,110, 941,TY,201504
2015-11-01 00:00:00,136N, 564E,115, 937,TY,201504
2015-11-01 00:00:00,136N, 564E,115, 937,TY,201504
2015-11-01 00:00:00,136N, 564E,115, 937,TY,201504
2015-11-01 06:00:00,135N, 557E,115, 937,TY,201504
2015-11-01 06:00:00,135N, 557E,115, 937,TY,201504
2015-11-01 06:00:00,135N, 557E,115, 937,TY,201504
2015-11-01 12:00:00,135N, 547E,120, 933,TY,201504
2015-11-01 12:00:00,135N, 547E,120, 933,TY,201504
2015-11-01 12:00:00,135N, 547E,120, 933,TY,201504
2015-11-01 18:00:00,134N, 536E,120, 933,TY,201504
2015-11-01 18:00:00,134N, 536E,120, 933,TY,201504
2015-11-01 18:00:00,134N, 536E,120, 933,TY,201504
2015-11-02 00:00:00,132N, 526E,110, 941,TY,201504
2015-11-02 00:00:00,132N, 526E,110, 941,TY,201504
2015-11-02 00:00:00,132N, 526E,110, 941,TY,201504
2015-11-02 06:00:00,133N, 516E,105, 944,TY,201504
2015-11-02 06:00:00,133N, 516E,105, 944,TY,201504
2015-11-02 06:00:00,133N, 516E,105, 944,TY,201504
2015-11-02 12:00:00,134N, 506E,100, 948,TY,201504
2015-11-02 12:00:00,134N, 506E,100, 948,TY,201504
2015-11-02 12:00:00,134N, 506E,100, 948,TY,201504
2015-11-02 18:00:00,137N, 496E, 90, 956,TY,201504
2015-11-02 18:00:00,137N, 496E, 90, 956,TY,201504
2015-11-02 18:00:00,137N, 496E, 90, 956,TY,201504
2015-11-03 00:00:00,140N, 489E, 75, 967,TY,201504
2015-11-03 00:00:00,140N, 489E, 75, 967,TY,201504
2015-11-03 00:00:00,140N, 489E, 75, 967,TY,201504
2015-11-03 06:00:00,139N, 479E, 50, 985,TS,201504
2015-11-03 06:00:00,139N, 479E, 50, 985,TS,201504
2015-11-03 12:00:00,140N, 476E, 40, 993,TS,201504
2015-11-04 18:00:00,140N, 664E, 25,1004,TD,201505
2015-11-05 00:00:00,141N, 658E, 30,1000,TD,201505
2015-11-05 06:00:00,140N, 648E, 35, 996,TS,201505
2015-11-05 12:00:00,139N, 639E, 35, 996,TS,201505
2015-11-05 18:00:00,137N, 632E, 40, 993,TS,201505
2015-11-06 00:00:00,135N, 625E, 40, 993,TS,201505
2015-11-06 06:00:00,133N, 619E, 45, 989,TS,201505
2015-11-06 12:00:00,131N, 613E, 45, 989,TS,201505
2015-11-06 18:00:00,129N, 607E, 45, 989,TS,201505
2015-11-07 00:00:00,128N, 600E, 55, 982,TS,201505
2015-11-07 06:00:00,127N, 593E, 65, 974,TY,201505
2015-11-07 06:00:00,127N, 593E, 65, 974,TY,201505
2015-11-07 12:00:00,128N, 583E, 80, 963,TY,201505
2015-11-07 12:00:00,128N, 583E, 80, 963,TY,201505
2015-11-07 12:00:00,128N, 583E, 80, 963,TY,201505
2015-11-07 18:00:00,128N, 573E, 90, 956,TY,201505
2015-11-07 18:00:00,128N, 573E, 90, 956,TY,201505
2015-11-07 18:00:00,128N, 573E, 90, 956,TY,201505
2015-11-08 00:00:00,127N, 561E,105, 944,TY,201505
2015-11-08 00:00:00,127N, 561E,105, 944,TY,201505
2015-11-08 00:00:00,127N, 561E,105, 944,TY,201505
2015-11-08 06:00:00,126N, 549E,110, 941,TY,201505
2015-11-08 06:00:00,126N, 549E,110, 941,TY,201505
2015-11-08 06:00:00,126N, 549E,110, 941,TY,201505
2015-11-08 12:00:00,126N, 535E, 95, 952,TY,201505
2015-11-08 12:00:00,126N, 535E, 95, 952,TY,201505
2015-11-08 12:00:00,126N, 535E, 95, 952,TY,201505
2015-11-08 18:00:00,124N, 521E, 80, 963,TY,201505
2015-11-08 18:00:00,124N, 521E, 80, 963,TY,201505
2015-11-08 18:00:00,124N, 521E, 80, 963,TY,201505
2015-11-09 00:00:00,122N, 508E, 70, 970,TY,201505
2015-11-09 00:00:00,122N, 508E, 70, 970,TY,201505
2015-11-09 00:00:00,122N, 508E, 70, 970,TY,201505
2015-11-09 06:00:00,122N, 495E, 60, 978,TS,201505
2015-11-09 06:00:00,122N, 495E, 60, 978,TS,201505
2015-11-09 12:00:00,124N, 486E, 50, 985,TS,201505
2015-11-09 18:00:00,126N, 481E, 40, 993,TS,201505
2015-11-10 00:00:00,128N, 476E, 30,1000,TD,201505
2016-06-26 18:00:00,219N, 665E, 30, 997,TD,201602
2016-06-27 00:00:00,220N, 656E, 35, 996,TS,201602
2016-06-27 06:00:00,219N, 647E, 40, 993,TS,201602
2016-06-27 12:00:00,216N, 642E, 40, 993,TS,201602
2016-06-27 18:00:00,214N, 639E, 30,1000,TD,201602
2016-06-28 00:00:00,212N, 637E, 25,1004,TD,201602
2018-05-16 00:00:00,120N, 527E, 25,1004,TD,201801
2018-05-16 06:00:00,127N, 516E, 25,1004,TD,201801
2018-05-16 12:00:00,131N, 506E, 30,1005,TD,201801
2018-05-16 18:00:00,132N, 497E, 35,1002,TS,201801
2018-05-17 00:00:00,132N, 493E, 40,1002,TS,201801
2018-05-17 06:00:00,132N, 489E, 45, 989,TS,201801
2018-05-17 12:00:00,130N, 481E, 50, 985,TS,201801
2018-05-17 18:00:00,124N, 470E, 50, 985,TS,201801
2018-05-18 00:00:00,119N, 464E, 50, 985,TS,201801
2018-05-18 00:00:00,119N, 464E, 50, 985,TS,201801
2018-05-18 06:00:00,117N, 459E, 55, 982,TS,201801
2018-05-18 06:00:00,117N, 459E, 55, 982,TS,201801
2018-05-18 12:00:00,115N, 455E, 60, 978,TS,201801
2018-05-18 12:00:00,115N, 455E, 60, 978,TS,201801
2018-05-18 18:00:00,112N, 451E, 65, 974,TY,201801
2018-05-18 18:00:00,112N, 451E, 65, 974,TY,201801
2018-05-19 00:00:00,109N, 447E, 60, 978,TS,201801
2018-05-19 00:00:00,109N, 447E, 60, 978,TS,201801
2018-05-19 06:00:00,106N, 443E, 55, 982,TS,201801
2018-05-19 06:00:00,106N, 443E, 55, 982,TS,201801
2018-05-19 12:00:00,103N, 439E, 50, 995,TS,201801
2018-05-19 12:00:00,103N, 439E, 50, 995,TS,201801
2018-05-21 06:00:00, 79N, 586E, 25,1004,TD,201802
2018-05-21 12:00:00, 83N, 582E, 25,1004,TD,201802
2018-05-21 18:00:00, 87N, 578E, 30,1003,TD,201802
2018-05-22 00:00:00, 91N, 575E, 35, 999,TS,201802
2018-05-22 06:00:00, 96N, 572E, 35,1000,TS,201802
2018-05-22 12:00:00,102N, 568E, 40, 993,TS,201802
2018-05-22 18:00:00,106N, 564E, 50, 985,TS,201802
2018-05-23 00:00:00,109N, 561E, 55, 989,TS,201802
2018-05-23 00:00:00,109N, 561E, 55, 989,TS,201802
2018-05-23 06:00:00,114N, 562E, 60, 986,TS,201802
2018-05-23 06:00:00,114N, 562E, 60, 986,TS,201802
2018-05-23 12:00:00,119N, 561E, 65, 974,TY,201802
2018-05-23 12:00:00,119N, 561E, 65, 974,TY,201802
2018-05-23 12:00:00,119N, 561E, 65, 974,TY,201802
2018-05-23 18:00:00,125N, 558E, 75, 976,TY,201802
2018-05-23 18:00:00,125N, 558E, 75, 976,TY,201802
2018-05-23 18:00:00,125N, 558E, 75, 976,TY,201802
2018-05-24 00:00:00,130N, 557E, 80, 963,TY,201802
2018-05-24 00:00:00,130N, 557E, 80, 963,TY,201802
2018-05-24 00:00:00,130N, 557E, 80, 963,TY,201802
2018-05-24 06:00:00,137N, 556E, 80, 971,TY,201802
2018-05-24 06:00:00,137N, 556E, 80, 971,TY,201802
2018-05-24 06:00:00,137N, 556E, 80, 971,TY,201802
2018-05-24 12:00:00,143N, 554E, 80, 963,TY,201802
2018-05-24 12:00:00,143N, 554E, 80, 963,TY,201802
2018-05-24 12:00:00,143N, 554E, 80, 963,TY,201802
2018-05-24 18:00:00,149N, 549E, 80, 963,TY,201802
2018-05-24 18:00:00,149N, 549E, 80, 963,TY,201802
2018-05-24 18:00:00,149N, 549E, 80, 963,TY,201802
2018-05-25 00:00:00,152N, 547E, 85, 964,TY,201802
2018-05-25 00:00:00,152N, 547E, 85, 964,TY,201802
2018-05-25 00:00:00,152N, 547E, 85, 964,TY,201802
2018-05-25 06:00:00,157N, 546E, 90, 960,TY,201802
2018-05-25 06:00:00,157N, 546E, 90, 960,TY,201802
2018-05-25 06:00:00,157N, 546E, 90, 960,TY,201802
2018-05-25 12:00:00,163N, 544E,100, 948,TY,201802
2018-05-25 12:00:00,163N, 544E,100, 948,TY,201802
2018-05-25 12:00:00,163N, 544E,100, 948,TY,201802
2018-05-25 18:00:00,167N, 539E,100, 953,TY,201802
2018-05-25 18:00:00,167N, 539E,100, 953,TY,201802
2018-05-25 18:00:00,167N, 539E,100, 953,TY,201802
2018-05-26 00:00:00,172N, 535E, 85, 963,TY,201802
2018-05-26 00:00:00,172N, 535E, 85, 963,TY,201802
2018-05-26 00:00:00,172N, 535E, 85, 963,TY,201802
2018-10-06 06:00:00,110N, 671E, 25,1006,TD,201805
2018-10-06 12:00:00,110N, 667E, 25,1004,TD,201805
2018-10-06 18:00:00,111N, 663E, 25,1004,TD,201805
2018-10-07 00:00:00,112N, 661E, 25,1003,TD,201805
2018-10-07 06:00:00,115N, 652E, 25,1004,TD,201805
2018-10-07 12:00:00,118N, 643E, 30,1000,TD,201805
2018-10-07 18:00:00,118N, 634E, 35, 996,TS,201805
2018-10-08 00:00:00,118N, 626E, 40, 993,TS,201805
2018-10-08 06:00:00,119N, 619E, 45, 989,TS,201805
2018-10-08 12:00:00,122N, 616E, 50, 985,TS,201805
2018-10-08 12:00:00,122N, 616E, 50, 985,TS,201805
2018-10-08 18:00:00,124N, 612E, 55, 982,TS,201805
2018-10-08 18:00:00,124N, 612E, 55, 982,TS,201805
2018-10-09 00:00:00,127N, 608E, 55, 982,TS,201805
2018-10-09 00:00:00,127N, 608E, 55, 982,TS,201805
2018-10-09 06:00:00,129N, 606E, 60, 978,TS,201805
2018-10-09 06:00:00,129N, 606E, 60, 978,TS,201805
2018-10-09 12:00:00,131N, 604E, 60, 978,TS,201805
2018-10-09 12:00:00,131N, 604E, 60, 978,TS,201805
2018-10-09 18:00:00,137N, 598E, 65, 974,TY,201805
2018-10-09 18:00:00,137N, 598E, 65, 974,TY,201805
2018-10-09 18:00:00,137N, 598E, 65, 974,TY,201805
2018-10-10 00:00:00,139N, 593E, 70, 970,TY,201805
2018-10-10 00:00:00,139N, 593E, 70, 970,TY,201805
2018-10-10 00:00:00,139N, 593E, 70, 970,TY,201805
2018-10-10 06:00:00,142N, 590E, 75, 967,TY,201805
2018-10-10 06:00:00,142N, 590E, 75, 967,TY,201805
2018-10-10 06:00:00,142N, 590E, 75, 967,TY,201805
2018-10-10 12:00:00,144N, 586E, 85, 969,TY,201805
2018-10-10 12:00:00,144N, 586E, 85, 969,TY,201805
2018-10-10 12:00:00,144N, 586E, 85, 969,TY,201805
2018-10-10 18:00:00,144N, 584E, 85, 959,TY,201805
2018-10-10 18:00:00,144N, 584E, 85, 959,TY,201805
2018-10-10 18:00:00,144N, 584E, 85, 959,TY,201805
2018-10-11 00:00:00,144N, 582E, 75, 975,TY,201805
2018-10-11 00:00:00,144N, 582E, 75, 975,TY,201805
2018-10-11 00:00:00,144N, 582E, 75, 975,TY,201805
2018-10-11 06:00:00,144N, 580E, 70, 982,TY,201805
2018-10-11 06:00:00,144N, 580E, 70, 982,TY,201805
2018-10-11 06:00:00,144N, 580E, 70, 982,TY,201805
2018-10-11 12:00:00,145N, 579E, 60, 978,TS,201805
2018-10-11 12:00:00,145N, 579E, 60, 978,TS,201805
2018-10-11 18:00:00,146N, 578E, 50, 985,TS,201805
2018-10-11 18:00:00,146N, 578E, 50, 985,TS,201805
2018-10-12 00:00:00,146N, 576E, 45, 989,TS,201805
2018-10-12 06:00:00,146N, 574E, 40, 993,TS,201805
2018-10-12 12:00:00,146N, 569E, 40, 993,TS,201805
2018-10-12 18:00:00,147N, 564E, 40, 993,TS,201805
2018-10-13 00:00:00,147N, 558E, 40, 993,TS,201805
2018-10-13 06:00:00,148N, 553E, 40, 993,TS,201805
2018-10-13 12:00:00,149N, 546E, 40, 993,TS,201805
2018-10-13 18:00:00,151N, 537E, 40, 993,TS,201805
2018-10-14 00:00:00,155N, 528E, 35,1002,TS,201805
2018-10-14 06:00:00,158N, 522E, 35, 996,TS,201805
2019-06-09 18:00:00,115N, 712E, 30,1000,TD,201902
2019-06-10 00:00:00,121N, 710E, 30, 999,TD,201902
2019-06-10 06:00:00,127N, 708E, 35, 995,TS,201902
2019-06-10 12:00:00,133N, 706E, 45, 994,TS,201902
2019-06-10 18:00:00,139N, 705E, 45, 992,TS,201902
2019-06-11 00:00:00,145N, 708E, 50, 988,TS,201902
2019-06-11 00:00:00,145N, 708E, 50, 988,TS,201902
2019-06-11 06:00:00,152N, 709E, 55, 986,TS,201902
2019-06-11 06:00:00,152N, 709E, 55, 986,TS,201902
2019-06-11 12:00:00,160N, 709E, 70, 977,TY,201902
2019-06-11 12:00:00,160N, 709E, 70, 977,TY,201902
2019-06-11 12:00:00,160N, 709E, 70, 977,TY,201902
2019-06-11 18:00:00,169N, 706E, 80, 963,TY,201902
2019-06-11 18:00:00,169N, 706E, 80, 963,TY,201902
2019-06-11 18:00:00,169N, 706E, 80, 963,TY,201902
2019-06-12 00:00:00,176N, 702E, 95, 958,TY,201902
2019-06-12 00:00:00,176N, 702E, 95, 958,TY,201902
2019-06-12 00:00:00,176N, 702E, 95, 958,TY,201902
2019-06-12 06:00:00,184N, 700E, 95, 957,TY,201902
2019-06-12 06:00:00,184N, 700E, 95, 957,TY,201902
2019-06-12 06:00:00,184N, 700E, 95, 957,TY,201902
2019-06-12 12:00:00,190N, 698E, 90, 961,TY,201902
2019-06-12 12:00:00,190N, 698E, 90, 961,TY,201902
2019-06-12 12:00:00,190N, 698E, 90, 961,TY,201902
2019-06-12 18:00:00,196N, 697E, 85, 963,TY,201902
2019-06-12 18:00:00,196N, 697E, 85, 963,TY,201902
2019-06-12 18:00:00,196N, 697E, 85, 963,TY,201902
2019-06-13 00:00:00,200N, 696E, 85, 961,TY,201902
2019-06-13 00:00:00,200N, 696E, 85, 961,TY,201902
2019-06-13 00:00:00,200N, 696E, 85, 961,TY,201902
2019-06-13 06:00:00,205N, 694E, 95, 955,TY,201902
2019-06-13 06:00:00,205N, 694E, 95, 955,TY,201902
2019-06-13 06:00:00,205N, 694E, 95, 955,TY,201902
2019-06-13 12:00:00,208N, 691E,100, 948,TY,201902
2019-06-13 12:00:00,208N, 691E,100, 948,TY,201902
2019-06-13 12:00:00,208N, 691E,100, 948,TY,201902
2019-06-13 18:00:00,209N, 689E,100, 948,TY,201902
2019-06-13 18:00:00,209N, 689E,100, 948,TY,201902
2019-06-13 18:00:00,209N, 689E,100, 948,TY,201902
2019-06-14 00:00:00,210N, 686E, 95, 952,TY,201902
2019-06-14 00:00:00,210N, 686E, 95, 952,TY,201902
2019-06-14 00:00:00,210N, 686E, 95, 952,TY,201902
2019-06-14 06:00:00,209N, 685E, 90, 957,TY,201902
2019-06-14 06:00:00,209N, 685E, 90, 957,TY,201902
2019-06-14 06:00:00,209N, 685E, 90, 957,TY,201902
2019-06-14 12:00:00,208N, 684E, 75, 965,TY,201902
2019-06-14 12:00:00,208N, 684E, 75, 965,TY,201902
2019-06-14 12:00:00,208N, 684E, 75, 965,TY,201902
2019-06-14 18:00:00,207N, 680E, 75, 967,TY,201902
2019-06-14 18:00:00,207N, 680E, 75, 967,TY,201902
2019-06-14 18:00:00,207N, 680E, 75, 967,TY,201902
2019-06-15 00:00:00,206N, 676E, 80, 962,TY,201902
2019-06-15 00:00:00,206N, 676E, 80, 962,TY,201902
2019-06-15 00:00:00,206N, 676E, 80, 962,TY,201902
2019-06-15 06:00:00,205N, 669E, 80, 964,TY,201902
2019-06-15 06:00:00,205N, 669E, 80, 964,TY,201902
2019-06-15 06:00:00,205N, 669E, 80, 964,TY,201902
2019-06-15 12:00:00,206N, 664E, 75, 968,TY,201902
2019-06-15 12:00:00,206N, 664E, 75, 968,TY,201902
2019-06-15 12:00:00,206N, 664E, 75, 968,TY,201902
2019-06-15 18:00:00,207N, 659E, 70, 971,TY,201902
2019-06-15 18:00:00,207N, 659E, 70, 971,TY,201902
2019-06-15 18:00:00,207N, 659E, 70, 971,TY,201902
2019-06-16 00:00:00,208N, 654E, 65, 975,TY,201902
2019-06-16 00:00:00,208N, 654E, 65, 975,TY,201902
2019-06-16 00:00:00,208N, 654E, 65, 975,TY,201902
2019-06-16 06:00:00,207N, 652E, 60, 979,TS,201902
2019-06-16 06:00:00,207N, 652E, 60, 979,TS,201902
2019-06-16 12:00:00,205N, 653E, 55, 983,TS,201902
2019-06-16 12:00:00,205N, 653E, 55, 983,TS,201902
2019-06-16 18:00:00,208N, 661E, 40, 993,TS,201902
2019-06-17 00:00:00,216N, 666E, 35, 994,TS,201902
2019-06-17 06:00:00,219N, 670E, 30, 996,TD,201902
2019-09-22 00:00:00,196N, 695E, 25,1001,TD,201903
2019-09-22 06:00:00,200N, 688E, 30,1001,TD,201903
2019-09-22 12:00:00,204N, 680E, 35, 999,TS,201903
2019-09-22 18:00:00,204N, 670E, 35,1001,TS,201903
2019-09-23 00:00:00,202N, 659E, 50, 995,TS,201903
2019-09-23 00:00:00,202N, 659E, 50, 995,TS,201903
2019-09-23 06:00:00,202N, 647E, 55, 994,TS,201903
2019-09-23 06:00:00,202N, 647E, 55, 994,TS,201903
2019-09-23 12:00:00,202N, 635E, 70, 984,TY,201903
2019-09-23 12:00:00,202N, 635E, 70, 984,TY,201903
2019-09-23 12:00:00,202N, 635E, 70, 984,TY,201903
2019-09-23 18:00:00,202N, 623E, 80, 978,TY,201903
2019-09-23 18:00:00,202N, 623E, 80, 978,TY,201903
2019-09-23 18:00:00,202N, 623E, 80, 978,TY,201903
2019-09-24 00:00:00,201N, 609E, 90, 969,TY,201903
2019-09-24 00:00:00,201N, 609E, 90, 969,TY,201903
2019-09-24 00:00:00,201N, 609E, 90, 969,TY,201903
2019-09-24 06:00:00,200N, 596E, 90, 969,TY,201903
2019-09-24 06:00:00,200N, 596E, 90, 969,TY,201903
2019-09-24 06:00:00,200N, 596E, 90, 969,TY,201903
2019-09-24 12:00:00,198N, 583E, 75, 979,TY,201903
2019-09-24 12:00:00,198N, 583E, 75, 979,TY,201903
2019-09-24 12:00:00,198N, 583E, 75, 979,TY,201903
2019-09-25 06:00:00,192N, 550E, 30,1000,TD,201903
2019-10-23 18:00:00,156N, 701E, 25,1004,TD,201904
2019-10-24 00:00:00,155N, 705E, 25, 999,TD,201904
2019-10-24 06:00:00,151N, 708E, 30,1001,TD,201904
2019-10-24 12:00:00,154N, 711E, 30,1001,TD,201904
2019-10-24 18:00:00,154N, 713E, 35,1001,TS,201904
2019-10-25 00:00:00,156N, 716E, 45, 994,TS,201904
2019-10-25 06:00:00,159N, 718E, 50, 992,TS,201904
2019-10-25 06:00:00,159N, 718E, 50, 992,TS,201904
2019-10-25 12:00:00,162N, 719E, 55, 987,TS,201904
2019-10-25 12:00:00,162N, 719E, 55, 987,TS,201904
2019-10-25 18:00:00,165N, 714E, 65, 984,TY,201904
2019-10-25 18:00:00,165N, 714E, 65, 984,TY,201904
2019-10-26 00:00:00,166N, 707E, 70, 979,TY,201904
2019-10-26 00:00:00,166N, 707E, 70, 979,TY,201904
2019-10-26 00:00:00,166N, 707E, 70, 979,TY,201904
2019-10-26 06:00:00,166N, 700E, 80, 976,TY,201904
2019-10-26 06:00:00,166N, 700E, 80, 976,TY,201904
2019-10-26 06:00:00,166N, 700E, 80, 976,TY,201904
2019-10-26 12:00:00,167N, 694E, 95, 961,TY,201904
2019-10-26 12:00:00,167N, 694E, 95, 961,TY,201904
2019-10-26 12:00:00,167N, 694E, 95, 961,TY,201904
2019-10-26 18:00:00,168N, 689E,120, 939,TY,201904
2019-10-26 18:00:00,168N, 689E,120, 939,TY,201904
2019-10-26 18:00:00,168N, 689E,120, 939,TY,201904
2019-10-27 00:00:00,170N, 682E,135, 924,ST,201904
2019-10-27 00:00:00,170N, 682E,135, 924,ST,201904
2019-10-27 00:00:00,170N, 682E,135, 924,ST,201904
2019-10-27 06:00:00,173N, 675E,135, 926,ST,201904
2019-10-27 06:00:00,173N, 675E,135, 926,ST,201904
2019-10-27 06:00:00,173N, 675E,135, 926,ST,201904
2019-10-27 12:00:00,175N, 669E,130, 928,ST,201904
2019-10-27 12:00:00,175N, 669E,130, 928,ST,201904
2019-10-27 12:00:00,175N, 669E,130, 928,ST,201904
2019-10-27 18:00:00,179N, 662E,125, 933,TY,201904
2019-10-27 18:00:00,179N, 662E,125, 933,TY,201904
2019-10-27 18:00:00,179N, 662E,125, 933,TY,201904
2019-10-28 00:00:00,182N, 655E,130, 929,ST,201904
2019-10-28 00:00:00,182N, 655E,130, 929,ST,201904
2019-10-28 00:00:00,182N, 655E,130, 929,ST,201904
2019-10-28 06:00:00,183N, 648E,130, 931,ST,201904
2019-10-28 06:00:00,183N, 648E,130, 931,ST,201904
2019-10-28 06:00:00,183N, 648E,130, 931,ST,201904
2019-10-28 12:00:00,185N, 644E,125, 933,TY,201904
2019-10-28 12:00:00,185N, 644E,125, 933,TY,201904
2019-10-28 12:00:00,185N, 644E,125, 933,TY,201904
2019-10-28 18:00:00,188N, 640E,120, 937,TY,201904
2019-10-28 18:00:00,188N, 640E,120, 937,TY,201904
2019-10-28 18:00:00,188N, 640E,120, 937,TY,201904
2019-10-29 00:00:00,191N, 636E,115, 942,TY,201904
2019-10-29 00:00:00,191N, 636E,115, 942,TY,201904
2019-10-29 00:00:00,191N, 636E,115, 942,TY,201904
2019-10-29 06:00:00,194N, 633E,110, 947,TY,201904
2019-10-29 06:00:00,194N, 633E,110, 947,TY,201904
2019-10-29 06:00:00,194N, 633E,110, 947,TY,201904
2019-10-29 12:00:00,196N, 630E,100, 955,TY,201904
2019-10-29 12:00:00,196N, 630E,100, 955,TY,201904
2019-10-29 12:00:00,196N, 630E,100, 955,TY,201904
2019-10-29 18:00:00,196N, 627E, 95, 961,TY,201904
2019-10-29 18:00:00,196N, 627E, 95, 961,TY,201904
2019-10-29 18:00:00,196N, 627E, 95, 961,TY,201904
2019-10-30 00:00:00,195N, 622E, 85, 968,TY,201904
2019-10-30 00:00:00,195N, 622E, 85, 968,TY,201904
2019-10-30 00:00:00,195N, 622E, 85, 968,TY,201904
2019-10-30 06:00:00,192N, 618E, 70, 979,TY,201904
2019-10-30 06:00:00,192N, 618E, 70, 979,TY,201904
2019-10-30 06:00:00,192N, 618E, 70, 979,TY,201904
2019-10-30 06:00:00, 85N, 748E, 35,1005,TS,201905
2019-10-30 12:00:00, 95N, 742E, 45, 999,TS,201905
2019-10-30 12:00:00,189N, 613E, 60, 986,TS,201904
2019-10-30 12:00:00,189N, 613E, 60, 986,TS,201904
2019-10-30 18:00:00,187N, 606E, 50, 994,TS,201904
2019-10-30 18:00:00,187N, 606E, 50, 994,TS,201904
2019-10-30 18:00:00,104N, 735E, 45, 999,TS,201905
2019-10-31 00:00:00,182N, 602E, 40, 999,TS,201904
2019-10-31 00:00:00,112N, 735E, 45, 998,TS,201905
2019-10-31 06:00:00,177N, 599E, 35,1003,TS,201904
2019-10-31 06:00:00,122N, 734E, 50, 997,TS,201905
2019-10-31 06:00:00,122N, 734E, 50, 997,TS,201905
2019-10-31 12:00:00,174N, 598E, 35, 999,TS,201904
2019-10-31 12:00:00,132N, 734E, 55, 992,TS,201905
2019-10-31 12:00:00,132N, 734E, 55, 992,TS,201905
2019-10-31 18:00:00,170N, 596E, 25,1005,TD,201904
2019-10-31 18:00:00,141N, 724E, 50, 996,TS,201905
2019-11-01 00:00:00,164N, 593E, 25,1005,TD,201904
2019-11-01 00:00:00,146N, 714E, 45, 998,TS,201905
2019-11-01 06:00:00,159N, 585E, 25,1006,TD,201904
2019-11-01 06:00:00,151N, 703E, 45, 998,TS,201905
2019-11-01 12:00:00,153N, 577E, 25,1004,TD,201904
2019-11-01 12:00:00,154N, 698E, 45, 998,TS,201905
2019-11-01 18:00:00,158N, 692E, 45, 997,TS,201905
2019-11-01 18:00:00,143N, 572E, 25,1005,TD,201904
2019-11-02 00:00:00,160N, 687E, 50, 995,TS,201905
2019-11-02 00:00:00,160N, 687E, 50, 995,TS,201905
2019-11-02 06:00:00,166N, 682E, 55, 993,TS,201905
2019-11-02 06:00:00,166N, 682E, 55, 993,TS,201905
2019-11-02 12:00:00,170N, 676E, 55, 993,TS,201905
2019-11-02 12:00:00,170N, 676E, 55, 993,TS,201905
2019-11-02 18:00:00,172N, 671E, 60, 991,TS,201905
2019-11-02 18:00:00,172N, 671E, 60, 991,TS,201905
2019-11-03 00:00:00,174N, 667E, 65, 989,TY,201905
2019-11-03 00:00:00,174N, 667E, 65, 989,TY,201905
2019-11-03 00:00:00,174N, 667E, 65, 989,TY,201905
2019-11-03 06:00:00,175N, 662E, 70, 986,TY,201905
2019-11-03 06:00:00,175N, 662E, 70, 986,TY,201905
2019-11-03 06:00:00,175N, 662E, 70, 986,TY,201905
2019-11-03 12:00:00,177N, 657E, 80, 979,TY,201905
2019-11-03 12:00:00,177N, 657E, 80, 979,TY,201905
2019-11-03 12:00:00,177N, 657E, 80, 979,TY,201905
2019-11-03 18:00:00,179N, 653E, 95, 967,TY,201905
2019-11-03 18:00:00,179N, 653E, 95, 967,TY,201905
2019-11-03 18:00:00,179N, 653E, 95, 967,TY,201905
2019-11-04 00:00:00,181N, 649E,100, 965,TY,201905
2019-11-04 00:00:00,181N, 649E,100, 965,TY,201905
2019-11-04 00:00:00,181N, 649E,100, 965,TY,201905
2019-11-04 06:00:00,185N, 644E,100, 965,TY,201905
2019-11-04 06:00:00,185N, 644E,100, 965,TY,201905
2019-11-04 06:00:00,185N, 644E,100, 965,TY,201905
2019-11-04 12:00:00,189N, 642E,105, 959,TY,201905
2019-11-04 12:00:00,189N, 642E,105, 959,TY,201905
2019-11-04 12:00:00,189N, 642E,105, 959,TY,201905
2019-11-04 18:00:00,193N, 637E,105, 960,TY,201905
2019-11-04 18:00:00,193N, 637E,105, 960,TY,201905
2019-11-04 18:00:00,193N, 637E,105, 960,TY,201905
2019-11-05 00:00:00,194N, 634E,100, 963,TY,201905
2019-11-05 00:00:00,194N, 634E,100, 963,TY,201905
2019-11-05 00:00:00,194N, 634E,100, 963,TY,201905
2019-11-05 06:00:00,196N, 635E, 90, 970,TY,201905
2019-11-05 06:00:00,196N, 635E, 90, 970,TY,201905
2019-11-05 06:00:00,196N, 635E, 90, 970,TY,201905
2019-11-05 12:00:00,197N, 639E, 85, 974,TY,201905
2019-11-05 12:00:00,197N, 639E, 85, 974,TY,201905
2019-11-05 12:00:00,197N, 639E, 85, 974,TY,201905
2019-11-05 18:00:00,197N, 647E, 70, 987,TY,201905
2019-11-05 18:00:00,197N, 647E, 70, 987,TY,201905
2019-11-05 18:00:00,197N, 647E, 70, 987,TY,201905
2019-11-06 00:00:00,197N, 654E, 55, 993,TS,201905
2019-11-06 00:00:00,197N, 654E, 55, 993,TS,201905
2019-11-06 06:00:00,196N, 662E, 45,1000,TS,201905
2019-11-06 12:00:00,195N, 673E, 40,1000,TS,201905
2019-11-06 18:00:00,193N, 685E, 30,1002,TD,201905
2019-12-02 00:00:00, 55N, 569E, 25,1002,TD,201906
2019-12-02 06:00:00, 58N, 569E, 30, 999,TD,201906
2019-12-02 12:00:00, 60N, 569E, 30, 999,TD,201906
2019-12-02 18:00:00, 62N, 570E, 30,1005,TD,201906
2019-12-03 00:00:00, 65N, 572E, 35,1002,TS,201906
2019-12-03 06:00:00, 68N, 574E, 35,1002,TS,201906
2019-12-03 12:00:00, 70N, 575E, 30,1000,TD,201906
2019-12-03 12:00:00,133N, 702E, 40, 999,TS,201907
2019-12-03 18:00:00,136N, 696E, 50, 997,TS,201907
2019-12-03 18:00:00, 72N, 575E, 30,1000,TD,201906
2019-12-03 18:00:00,136N, 696E, 50, 997,TS,201907
2019-12-04 00:00:00,144N, 698E, 55, 993,TS,201907
2019-12-04 00:00:00,144N, 698E, 55, 993,TS,201907
2019-12-04 06:00:00, 76N, 576E, 35,1000,TS,201906
2019-12-04 06:00:00,147N, 690E, 45, 998,TS,201907
2019-12-04 12:00:00, 81N, 572E, 40, 997,TS,201906
2019-12-04 12:00:00,148N, 684E, 35,1003,TS,201907
2019-12-04 18:00:00,150N, 685E, 30,1010,TD,201907
2019-12-04 18:00:00, 86N, 570E, 40,1001,TS,201906
2019-12-05 00:00:00,152N, 681E, 25,1009,TD,201907
2019-12-05 00:00:00, 94N, 567E, 40,1000,TS,201906
2019-12-05 06:00:00, 93N, 558E, 40, 999,TS,201906
2019-12-05 12:00:00, 90N, 548E, 40, 999,TS,201906
2019-12-05 18:00:00, 84N, 541E, 35,1005,TS,201906
2019-12-06 00:00:00, 81N, 535E, 35,1004,TS,201906
2019-12-06 06:00:00, 79N, 529E, 35,1004,TS,201906
2019-12-06 12:00:00, 78N, 520E, 45, 999,TS,201906
2019-12-06 18:00:00, 80N, 508E, 45,1000,TS,201906
2019-12-07 00:00:00, 79N, 497E, 40,1002,TS,201906
2020-06-01 06:00:00,132N, 711E, 25,1006,TD,202002
2020-06-01 12:00:00,138N, 711E, 25,1003,TD,202002
2020-06-01 18:00:00,144N, 712E, 30,1003,TD,202002
2020-06-02 00:00:00,150N, 713E, 35, 998,TS,202002
2020-06-02 06:00:00,157N, 713E, 40, 997,TS,202002
2020-06-02 12:00:00,163N, 714E, 50, 993,TS,202002
2020-06-02 18:00:00,167N, 717E, 60, 987,TS,202002
2020-06-02 18:00:00,167N, 717E, 60, 987,TS,202002
2020-06-03 00:00:00,173N, 722E, 75, 974,TY,202002
2020-06-03 00:00:00,173N, 722E, 75, 974,TY,202002
2020-06-03 00:00:00,173N, 722E, 75, 974,TY,202002
2020-06-03 06:00:00,180N, 729E, 85, 968,TY,202002
2020-06-03 06:00:00,180N, 729E, 85, 968,TY,202002
2020-06-03 06:00:00,180N, 729E, 85, 968,TY,202002
2020-06-03 12:00:00,191N, 737E, 70, 979,TY,202002
2020-06-03 12:00:00,191N, 737E, 70, 979,TY,202002
2020-06-03 12:00:00,191N, 737E, 70, 979,TY,202002
2020-11-21 00:00:00,113N, 606E, 25,1004,TD,202003
2020-11-21 06:00:00,113N, 588E, 35,1002,TS,202003
2020-11-21 12:00:00,113N, 571E, 30,1003,TD,202003
2020-11-21 18:00:00,108N, 554E, 35,1005,TS,202003
2020-11-22 00:00:00,106N, 538E, 60, 992,TS,202003
2020-11-22 00:00:00,106N, 538E, 60, 992,TS,202003
2020-11-22 06:00:00,104N, 525E,100, 967,TY,202003
2020-11-22 06:00:00,104N, 525E,100, 967,TY,202003
2020-11-22 06:00:00,104N, 525E,100, 967,TY,202003
2020-11-22 12:00:00,104N, 515E, 90, 974,TY,202003
2020-11-22 12:00:00,104N, 515E, 90, 974,TY,202003
2020-11-22 12:00:00,104N, 515E, 90, 974,TY,202003
2020-11-22 18:00:00,104N, 506E, 65, 992,TY,202003
2020-11-22 18:00:00,104N, 506E, 65, 992,TY,202003
2020-11-23 00:00:00,108N, 499E, 50,1000,TS,202003
2020-11-23 06:00:00,113N, 493E, 40,1005,TS,202003
2020-11-23 12:00:00,116N, 486E, 35,1005,TS,202003
2020-11-23 18:00:00,119N, 475E, 30,1007,TD,202003
2020-11-24 00:00:00,114N, 467E, 25,1009,TD,202003
2020-11-24 06:00:00,109N, 465E, 25,1011,TD,202003
2021-05-13 12:00:00,102N, 713E, 25,1004,TD,202101
2021-05-14 00:00:00,109N, 718E, 30, 997,TD,202101
2021-05-14 06:00:00,113N, 721E, 35, 998,TS,202101
2021-05-14 12:00:00,118N, 725E, 40, 996,TS,202101
2021-05-15 00:00:00,129N, 732E, 50, 989,TS,202101
2021-05-15 00:00:00,129N, 732E, 50, 989,TS,202101
2021-05-15 06:00:00,134N, 734E, 55,1002,TS,202101
2021-05-15 06:00:00,134N, 734E, 55,1002,TS,202101
2021-05-15 12:00:00,139N, 732E, 65, 975,TY,202101
2021-05-15 12:00:00,139N, 732E, 65, 975,TY,202101
2021-05-15 12:00:00,139N, 732E, 65, 975,TY,202101
2021-05-15 18:00:00,144N, 730E, 70, 975,TY,202101
2021-05-15 18:00:00,144N, 730E, 70, 975,TY,202101
2021-05-15 18:00:00,144N, 730E, 70, 975,TY,202101
2021-05-16 00:00:00,150N, 728E, 80, 965,TY,202101
2021-05-16 00:00:00,150N, 728E, 80, 965,TY,202101
2021-05-16 00:00:00,150N, 728E, 80, 965,TY,202101
2021-05-16 06:00:00,159N, 729E, 90, 962,TY,202101
2021-05-16 06:00:00,159N, 729E, 90, 962,TY,202101
2021-05-16 06:00:00,159N, 729E, 90, 962,TY,202101
2021-05-16 12:00:00,168N, 725E,100, 952,TY,202101
2021-05-16 12:00:00,168N, 725E,100, 952,TY,202101
2021-05-16 12:00:00,168N, 725E,100, 952,TY,202101
2021-05-16 18:00:00,178N, 720E,115, 942,TY,202101
2021-05-16 18:00:00,178N, 720E,115, 942,TY,202101
2021-05-16 18:00:00,178N, 720E,115, 942,TY,202101
2021-05-17 00:00:00,183N, 718E,120, 931,TY,202101
2021-05-17 00:00:00,183N, 718E,120, 931,TY,202101
2021-05-17 00:00:00,183N, 718E,120, 931,TY,202101
2021-05-17 06:00:00,193N, 716E,120, 934,TY,202101
2021-05-17 06:00:00,193N, 716E,120, 934,TY,202101
2021-05-17 06:00:00,193N, 716E,120, 934,TY,202101
2021-05-17 12:00:00,200N, 714E,100, 949,TY,202101
2021-05-17 12:00:00,200N, 714E,100, 949,TY,202101
2021-05-17 12:00:00,200N, 714E,100, 949,TY,202101
2021-05-17 15:00:00,205N, 713E,115, 936,TY,202101
2021-05-17 15:00:00,205N, 713E,115, 936,TY,202101
2021-05-17 15:00:00,205N, 713E,115, 936,TY,202101
2021-05-17 18:00:00,209N, 713E,110, 942,TY,202101
2021-05-17 18:00:00,209N, 713E,110, 942,TY,202101
2021-05-17 18:00:00,209N, 713E,110, 942,TY,202101
2021-05-18 00:00:00,214N, 712E, 90, 959,TY,202101
2021-05-18 00:00:00,214N, 712E, 90, 959,TY,202101
2021-05-18 00:00:00,214N, 712E, 90, 959,TY,202101
2022-08-12 00:00:00,218N, 666E, 30, 989,TD,202203
2022-08-12 06:00:00,216N, 661E, 35, 991,TS,202203
2022-08-12 12:00:00,220N, 652E, 40, 986,TS,202203
2022-08-12 18:00:00,223N, 647E, 40, 987,TS,202203
2022-08-13 00:00:00,220N, 639E, 35, 987,TS,202203
2022-08-13 06:00:00,215N, 636E, 30, 994,TD,202203
2022-08-13 12:00:00,216N, 647E, 30, 991,TD,202203
2022-08-13 18:00:00,222N, 661E, 25, 995,TD,202203
2022-12-13 00:00:00,126N, 731E, 25,1008,TD,202207
2022-12-13 06:00:00,128N, 726E, 30,1000,TD,202207
2022-12-13 12:00:00,130N, 721E, 35, 996,TS,202207
2022-12-13 18:00:00,132N, 715E, 35,1003,TS,202207
2022-12-14 00:00:00,133N, 708E, 50, 994,TS,202207
2022-12-14 00:00:00,133N, 708E, 50, 994,TS,202207
2022-12-14 06:00:00,135N, 700E, 50, 999,TS,202207
2022-12-14 06:00:00,135N, 700E, 50, 999,TS,202207
2022-12-14 12:00:00,137N, 693E, 45, 999,TS,202207
2022-12-14 18:00:00,137N, 686E, 45,1001,TS,202207
2022-12-15 00:00:00,138N, 680E, 45,1000,TS,202207
2022-12-15 06:00:00,139N, 673E, 40,1003,TS,202207
2022-12-15 12:00:00,140N, 665E, 45, 997,TS,202207
2022-12-15 18:00:00,137N, 656E, 35,1003,TS,202207
2022-12-16 00:00:00,137N, 650E, 35,1003,TS,202207
2022-12-16 06:00:00,140N, 642E, 30,1006,TD,202207
2022-12-16 12:00:00,142N, 634E, 30,1002,TD,202207
2022-12-16 18:00:00,141N, 628E, 25,1004,TD,202207
2022-12-17 00:00:00,140N, 623E, 25,1005,TD,202207
2022-12-17 06:00:00,139N, 617E, 25,1005,TD,202207
2022-12-17 12:00:00,137N, 609E, 25,1005,TD,202207
2022-12-17 18:00:00,136N, 597E, 25,1008,TD,202207
2022-12-18 00:00:00,135N, 586E, 25,1004,TD,202207
2022-12-18 06:00:00,134N, 575E, 25,1004,TD,202207
2022-12-18 12:00:00,131N, 564E, 25,1010,TD,202207
2022-12-18 18:00:00,120N, 558E, 25,1010,TD,202207
2023-06-05 00:00:00,103N, 667E, 25,1004,TD,202302
2023-06-05 06:00:00,107N, 665E, 25,1004,TD,202302
2023-06-05 12:00:00,110N, 663E, 25, 995,TD,202302
2023-06-05 18:00:00,114N, 661E, 30, 994,TD,202302
2023-06-06 00:00:00,116N, 660E, 40, 993,TS,202302
2023-06-06 06:00:00,119N, 659E, 55, 992,TS,202302
2023-06-06 06:00:00,119N, 659E, 55, 992,TS,202302
2023-06-06 12:00:00,122N, 660E, 75, 982,TY,202302
2023-06-06 12:00:00,122N, 660E, 75, 982,TY,202302
2023-06-06 12:00:00,122N, 660E, 75, 982,TY,202302
2023-06-06 18:00:00,124N, 662E, 80, 979,TY,202302
2023-06-06 18:00:00,124N, 662E, 80, 979,TY,202302
2023-06-06 18:00:00,124N, 662E, 80, 979,TY,202302
2023-06-07 00:00:00,126N, 665E, 85, 976,TY,202302
2023-06-07 00:00:00,126N, 665E, 85, 976,TY,202302
2023-06-07 00:00:00,126N, 665E, 85, 976,TY,202302
2023-06-07 06:00:00,131N, 664E, 80, 973,TY,202302
2023-06-07 06:00:00,131N, 664E, 80, 973,TY,202302
2023-06-07 06:00:00,131N, 664E, 80, 973,TY,202302
2023-06-07 12:00:00,133N, 662E, 85, 970,TY,202302
2023-06-07 12:00:00,133N, 662E, 85, 970,TY,202302
2023-06-07 12:00:00,133N, 662E, 85, 970,TY,202302
2023-06-07 18:00:00,135N, 661E, 80, 973,TY,202302
2023-06-07 18:00:00,135N, 661E, 80, 973,TY,202302
2023-06-07 18:00:00,135N, 661E, 80, 973,TY,202302
2023-06-08 00:00:00,137N, 661E, 75, 974,TY,202302
2023-06-08 00:00:00,137N, 661E, 75, 974,TY,202302
2023-06-08 00:00:00,137N, 661E, 75, 974,TY,202302
2023-06-08 06:00:00,139N, 660E, 75, 976,TY,202302
2023-06-08 06:00:00,139N, 660E, 75, 976,TY,202302
2023-06-08 06:00:00,139N, 660E, 75, 976,TY,202302
2023-06-08 12:00:00,142N, 660E, 75, 976,TY,202302
2023-06-08 12:00:00,142N, 660E, 75, 976,TY,202302
2023-06-08 12:00:00,142N, 660E, 75, 976,TY,202302
2023-06-08 18:00:00,145N, 662E, 70, 979,TY,202302
2023-06-08 18:00:00,145N, 662E, 70, 979,TY,202302
2023-06-08 18:00:00,145N, 662E, 70, 979,TY,202302
2023-06-09 00:00:00,148N, 664E, 65, 983,TY,202302
2023-06-09 00:00:00,148N, 664E, 65, 983,TY,202302
2023-06-09 00:00:00,148N, 664E, 65, 983,TY,202302
2023-06-09 06:00:00,150N, 669E, 60, 986,TS,202302
2023-06-09 06:00:00,150N, 669E, 60, 986,TS,202302
2023-06-09 12:00:00,157N, 673E, 65, 984,TY,202302
2023-06-09 12:00:00,157N, 673E, 65, 984,TY,202302
2023-06-09 12:00:00,157N, 673E, 65, 984,TY,202302
2023-06-09 18:00:00,163N, 674E, 70, 976,TY,202302
2023-06-09 18:00:00,163N, 674E, 70, 976,TY,202302
2023-06-09 18:00:00,163N, 674E, 70, 976,TY,202302
2023-06-10 00:00:00,164N, 673E, 95, 958,TY,202302
2023-06-10 00:00:00,164N, 673E, 95, 958,TY,202302
2023-06-10 00:00:00,164N, 673E, 95, 958,TY,202302
2023-06-10 06:00:00,166N, 672E,100, 953,TY,202302
2023-06-10 06:00:00,166N, 672E,100, 953,TY,202302
2023-06-10 06:00:00,166N, 672E,100, 953,TY,202302
2023-06-10 09:00:00,169N, 673E,110, 944,TY,202302
2023-06-10 09:00:00,169N, 673E,110, 944,TY,202302
2023-06-10 09:00:00,169N, 673E,110, 944,TY,202302
2023-06-10 12:00:00,172N, 673E,105, 945,TY,202302
2023-06-10 12:00:00,172N, 673E,105, 945,TY,202302
2023-06-10 12:00:00,172N, 673E,105, 945,TY,202302
2023-06-10 18:00:00,176N, 674E,100, 951,TY,202302
2023-06-10 18:00:00,176N, 674E,100, 951,TY,202302
2023-06-10 18:00:00,176N, 674E,100, 951,TY,202302
2023-06-11 00:00:00,178N, 677E, 95, 950,TY,202302
2023-06-11 00:00:00,178N, 677E, 95, 950,TY,202302
2023-06-11 00:00:00,178N, 677E, 95, 950,TY,202302
2023-06-11 06:00:00,183N, 678E, 90, 953,TY,202302
2023-06-11 06:00:00,183N, 678E, 90, 953,TY,202302
2023-06-11 06:00:00,183N, 678E, 90, 953,TY,202302
2023-06-11 12:00:00,187N, 679E, 90, 954,TY,202302
2023-06-11 12:00:00,187N, 679E, 90, 954,TY,202302
2023-06-11 12:00:00,187N, 679E, 90, 954,TY,202302
2023-06-11 18:00:00,190N, 678E, 85, 956,TY,202302
2023-06-11 18:00:00,190N, 678E, 85, 956,TY,202302
2023-06-11 18:00:00,190N, 678E, 85, 956,TY,202302
2023-06-12 00:00:00,192N, 677E, 80, 959,TY,202302
2023-06-12 00:00:00,192N, 677E, 80, 959,TY,202302
2023-06-12 00:00:00,192N, 677E, 80, 959,TY,202302
2023-06-12 06:00:00,197N, 673E, 90, 955,TY,202302
2023-06-12 06:00:00,197N, 673E, 90, 955,TY,202302
2023-06-12 06:00:00,197N, 673E, 90, 955,TY,202302
2023-06-12 12:00:00,199N, 672E, 90, 955,TY,202302
2023-06-12 12:00:00,199N, 672E, 90, 955,TY,202302
2023-06-12 12:00:00,199N, 672E, 90, 955,TY,202302
2023-06-12 18:00:00,203N, 672E, 85, 959,TY,202302
2023-06-12 18:00:00,203N, 672E, 85, 959,TY,202302
2023-06-12 18:00:00,203N, 672E, 85, 959,TY,202302
2023-06-13 00:00:00,207N, 670E, 85, 961,TY,202302
2023-06-13 00:00:00,207N, 670E, 85, 961,TY,202302
2023-06-13 00:00:00,207N, 670E, 85, 961,TY,202302
2023-06-13 06:00:00,209N, 668E, 90, 954,TY,202302
2023-06-13 06:00:00,209N, 668E, 90, 954,TY,202302
2023-06-13 06:00:00,209N, 668E, 90, 954,TY,202302
2023-06-13 12:00:00,211N, 664E, 95, 945,TY,202302
2023-06-13 12:00:00,211N, 664E, 95, 945,TY,202302
2023-06-13 12:00:00,211N, 664E, 95, 945,TY,202302
2023-06-13 18:00:00,212N, 664E, 85, 955,TY,202302
2023-06-13 18:00:00,212N, 664E, 85, 955,TY,202302
2023-06-13 18:00:00,212N, 664E, 85, 955,TY,202302
2023-06-14 00:00:00,213N, 663E, 85, 955,TY,202302
2023-06-14 00:00:00,213N, 663E, 85, 955,TY,202302
2023-06-14 00:00:00,213N, 663E, 85, 955,TY,202302
2023-06-14 06:00:00,214N, 665E, 80, 960,TY,202302
2023-06-14 06:00:00,214N, 665E, 80, 960,TY,202302
2023-06-14 06:00:00,214N, 665E, 80, 960,TY,202302
2023-06-14 12:00:00,218N, 667E, 70, 964,TY,202302
2023-06-14 12:00:00,218N, 667E, 70, 964,TY,202302
2023-06-14 12:00:00,218N, 667E, 70, 964,TY,202302
2023-06-14 18:00:00,222N, 667E, 60, 974,TS,202302
2023-06-14 18:00:00,222N, 667E, 60, 974,TS,202302
2023-06-15 00:00:00,223N, 669E, 55, 976,TS,202302
2023-06-15 00:00:00,223N, 669E, 55, 976,TS,202302
2023-06-15 06:00:00,225N, 673E, 55, 975,TS,202302
2023-06-15 06:00:00,225N, 673E, 55, 975,TS,202302
2023-06-15 12:00:00,228N, 682E, 55, 976,TS,202302
2023-06-15 12:00:00,228N, 682E, 55, 976,TS,202302
2023-06-15 18:00:00,233N, 686E, 50, 980,TS,202302
2023-06-15 18:00:00,233N, 686E, 50, 980,TS,202302
2023-06-16 00:00:00,235N, 690E, 45, 983,TS,202302
2023-06-16 06:00:00,236N, 696E, 45, 982,TS,202302
2023-06-16 12:00:00,242N, 704E, 40, 985,TS,202302
2023-06-16 18:00:00,247N, 708E, 35, 987,TS,202302
2023-06-17 00:00:00,251N, 711E, 30, 991,TD,202302
2023-10-19 18:00:00, 99N, 623E, 25,1006,TD,202305
2023-10-20 00:00:00, 95N, 621E, 30,1006,TD,202305
2023-10-20 06:00:00, 93N, 616E, 30,1006,TD,202305
2023-10-20 12:00:00, 94N, 609E, 35,1003,TS,202305
2023-10-20 18:00:00, 97N, 598E, 40,1003,TS,202305
2023-10-21 00:00:00, 99N, 590E, 50, 997,TS,202305
2023-10-21 00:00:00, 99N, 590E, 50, 997,TS,202305
2023-10-21 06:00:00,102N, 581E, 55, 995,TS,202305
2023-10-21 06:00:00,102N, 581E, 55, 995,TS,202305
2023-10-21 12:00:00,107N, 574E, 70, 984,TY,202305
2023-10-21 12:00:00,107N, 574E, 70, 984,TY,202305
2023-10-21 12:00:00,107N, 574E, 70, 984,TY,202305
2023-10-21 18:00:00,114N, 565E,105, 958,TY,202305
2023-10-21 18:00:00,114N, 565E,105, 958,TY,202305
2023-10-21 18:00:00,114N, 565E,105, 958,TY,202305
2023-10-22 00:00:00,121N, 558E,105, 959,TY,202305
2023-10-22 00:00:00,121N, 558E,105, 959,TY,202305
2023-10-22 00:00:00,121N, 558E,105, 959,TY,202305
2023-10-22 06:00:00,127N, 550E,100, 962,TY,202305
2023-10-22 06:00:00,127N, 550E,100, 962,TY,202305
2023-10-22 06:00:00,127N, 550E,100, 962,TY,202305
2023-10-22 12:00:00,134N, 543E,100, 961,TY,202305
2023-10-22 12:00:00,134N, 543E,100, 961,TY,202305
2023-10-22 12:00:00,134N, 543E,100, 961,TY,202305
2023-10-22 18:00:00,139N, 538E,105, 960,TY,202305
2023-10-22 18:00:00,139N, 538E,105, 960,TY,202305
2023-10-22 18:00:00,139N, 538E,105, 960,TY,202305
2023-10-23 00:00:00,142N, 532E, 85, 976,TY,202305
2023-10-23 00:00:00,142N, 532E, 85, 976,TY,202305
2023-10-23 00:00:00,142N, 532E, 85, 976,TY,202305
2023-10-23 06:00:00,147N, 528E, 80, 980,TY,202305
2023-10-23 06:00:00,147N, 528E, 80, 980,TY,202305
2023-10-23 06:00:00,147N, 528E, 80, 980,TY,202305
2023-10-23 12:00:00,153N, 526E, 70, 982,TY,202305
2023-10-23 12:00:00,153N, 526E, 70, 982,TY,202305
2023-10-23 12:00:00,153N, 526E, 70, 982,TY,202305
2023-10-23 18:00:00,157N, 523E, 65, 986,TY,202305
2023-10-23 18:00:00,157N, 523E, 65, 986,TY,202305
2023-10-23 18:00:00,157N, 523E, 65, 986,TY,202305
2023-10-24 00:00:00,158N, 524E, 45, 999,TS,202305
2023-10-24 06:00:00,157N, 517E, 30, 997,TD,202305
