ISO_TIME,SID,LAT,LON,WMO_WIND,NEWDELHI_GRADE,TimeRelativeToLMI
1982-11-04 12:00:00,1982309N12066,11.5,66.0,25.0,D,0.0
1982-11-05 03:00:00,1982309N12066,12.1,64.0,35.0,CS,0.625
1982-11-05 12:00:00,1982309N12066,12.5,64.4,40.0,CS,1.0
1982-11-06 00:00:00,1982309N12066,13.2,65.0,45.0,CS,1.5
1982-11-06 03:00:00,1982309N12066,13.4,65.1,55.0,SCS,1.625
1982-11-06 12:00:00,1982309N12066,14.0,65.7,60.0,SCS,2.0
1982-11-07 03:00:00,1982309N12066,15.5,66.8,60.0,SCS,2.625
1982-11-07 12:00:00,1982309N12066,16.8,67.8,65.0,VSCS,3.0
1982-11-08 03:00:00,1982309N12066,19.2,69.9,80.0,VSCS,3.625
1982-11-08 12:00:00,1982309N12066,21.0,71.0,90.0,ESCS,4.0
1982-11-09 00:00:00,1982309N12066,22.5,73.2,50.0,SCS,4.5
1982-11-09 03:00:00,1982309N12066,23.0,73.5,35.0,CS,4.625
1982-11-09 12:00:00,1982309N12066,23.5,75.0,25.0,D,5.0
1985-05-28 03:00:00,1985148N15067,15.0,67.0,25.0,D,0.0
1985-05-28 12:00:00,1985148N15067,16.1,67.3,30.0,DD,0.375
1985-05-29 03:00:00,1985148N15067,17.5,67.7,35.0,DD,1.0
1985-05-29 12:00:00,1985148N15067,18.4,68.1,45.0,CS,1.375
1985-05-30 03:00:00,1985148N15067,20.3,68.3,45.0,CS,2.0
1985-05-30 12:00:00,1985148N15067,21.4,68.2,45.0,CS,2.375
1996-06-17 09:00:00,1996167N16072,17.8,69.1,25.0,D,0.0
1996-06-17 12:00:00,1996167N16072,18.1,69.2,25.0,D,0.125
1996-06-17 18:00:00,1996167N16072,18.2,69.5,30.0,DD,0.375
1996-06-18 00:00:00,1996167N16072,18.8,70.1,30.0,DD,0.625
1996-06-18 03:00:00,1996167N16072,19.0,70.3,30.0,DD,0.75
1996-06-18 06:00:00,1996167N16072,19.4,70.4,30.0,DD,0.875
1996-06-18 09:00:00,1996167N16072,19.5,70.5,35.0,CS,1.0
1996-06-18 12:00:00,1996167N16072,19.9,70.6,45.0,CS,1.125
1996-06-18 18:00:00,1996167N16072,20.4,70.7,55.0,SCS,1.375
1996-06-19 00:00:00,1996167N16072,20.9,70.9,60.0,SCS,1.625
1996-10-22 09:00:00,1996288N09092,14.1,69.5,25.0,D,0.0
1996-10-22 12:00:00,1996288N09092,14.3,69.6,25.0,D,0.125
1996-10-22 18:00:00,1996288N09092,14.4,69.6,30.0,DD,0.375
1996-10-23 00:00:00,1996288N09092,14.8,70.0,30.0,DD,0.625
1996-10-23 03:00:00,1996288N09092,14.9,70.0,30.0,DD,0.75
1996-10-23 06:00:00,1996288N09092,15.3,70.3,30.0,DD,0.875
1996-10-23 09:00:00,1996288N09092,15.4,70.3,35.0,DD,1.0
1996-10-23 12:00:00,1996288N09092,15.9,70.4,45.0,CS,1.125
1996-10-23 18:00:00,1996288N09092,16.7,70.4,55.0,SCS,1.375
1996-10-24 00:00:00,1996288N09092,17.7,70.3,55.0,SCS,1.625
1996-10-24 03:00:00,1996288N09092,18.0,70.2,60.0,SCS,1.75
1996-10-24 06:00:00,1996288N09092,18.2,70.2,60.0,SCS,1.875
1996-10-24 12:00:00,1996288N09092,19.0,70.0,55.0,SCS,2.125
1996-10-24 18:00:00,1996288N09092,19.3,70.0,55.0,SCS,2.375
1996-10-25 00:00:00,1996288N09092,19.7,70.1,45.0,SCS,2.625
1996-10-25 03:00:00,1996288N09092,20.0,70.1,35.0,CS,2.75
1996-10-25 06:00:00,1996288N09092,20.0,70.1,30.0,DD,2.875
1996-10-25 12:00:00,1996288N09092,20.1,70.0,25.0,D,3.125
1996-10-26 00:00:00,1996288N09092,19.9,69.9,25.0,D,3.625
1996-10-26 03:00:00,1996288N09092,19.9,69.9,25.0,D,3.75
1996-10-26 06:00:00,1996288N09092,19.8,69.9,25.0,D,3.875
1996-10-26 12:00:00,1996288N09092,19.7,69.9,25.0,D,4.125
1996-10-26 18:00:00,1996288N09092,19.5,69.8,25.0,D,4.375
1996-10-27 00:00:00,1996288N09092,19.2,69.7,25.0,D,4.625
1996-10-27 03:00:00,1996288N09092,18.8,69.6,25.0,D,4.75
1996-10-27 06:00:00,1996288N09092,18.5,69.4,25.0,D,4.875
1996-10-27 09:00:00,1996288N09092,17.9,69.2,25.0,D,5.0
1996-10-27 12:00:00,1996288N09092,17.3,68.8,25.0,D,5.125
1998-06-04 06:00:00,1998152N11075,11.1,71.0,25.0,D,0.0
1998-06-04 12:00:00,1998152N11075,11.2,70.3,30.0,DD,0.25
1998-06-05 03:00:00,1998152N11075,11.3,70.3,30.0,DD,0.875
1998-06-05 06:00:00,1998152N11075,11.6,70.5,30.0,DD,1.0
1998-06-05 09:00:00,1998152N11075,12.2,70.2,35.0,CS,1.125
1998-06-05 12:00:00,1998152N11075,12.0,70.1,35.0,CS,1.25
1998-06-05 18:00:00,1998152N11075,12.0,69.6,35.0,CS,1.5
1998-06-06 00:00:00,1998152N11075,12.4,69.3,35.0,CS,1.75
1998-06-06 03:00:00,1998152N11075,12.4,69.2,45.0,CS,1.875
1998-06-06 06:00:00,1998152N11075,12.5,69.2,55.0,SCS,2.0
1998-06-06 12:00:00,1998152N11075,13.1,69.0,55.0,SCS,2.25
1998-06-06 18:00:00,1998152N11075,13.6,68.5,55.0,SCS,2.5
1998-06-07 00:00:00,1998152N11075,14.2,68.1,55.0,SCS,2.75
1998-06-07 03:00:00,1998152N11075,14.6,68.0,55.0,SCS,2.875
1998-06-07 06:00:00,1998152N11075,15.0,68.0,55.0,SCS,3.0
1998-06-07 09:00:00,1998152N11075,15.4,67.9,65.0,SCS,3.125
1998-06-07 12:00:00,1998152N11075,15.9,67.9,80.0,VSCS,3.25
1998-06-07 18:00:00,1998152N11075,16.6,67.9,80.0,VSCS,3.5
1998-06-08 00:00:00,1998152N11075,17.6,67.9,80.0,VSCS,3.75
1998-06-08 03:00:00,1998152N11075,18.1,67.6,80.0,VSCS,3.875
1998-06-08 06:00:00,1998152N11075,18.6,67.9,90.0,VSCS,4.0
1998-06-08 12:00:00,1998152N11075,19.6,67.9,90.0,VSCS,4.25
1998-06-08 18:00:00,1998152N11075,20.5,68.4,80.0,VSCS,4.5
1998-06-09 00:00:00,1998152N11075,21.5,69.0,80.0,VSCS,4.75
1998-10-11 12:00:00,1998285N14068,14.0,67.5,25.0,D,0.0
1998-10-11 18:00:00,1998285N14068,15.0,66.5,25.0,D,0.25
1998-10-12 00:00:00,1998285N14068,15.0,66.0,25.0,D,0.5
1998-10-12 03:00:00,1998285N14068,14.5,66.5,25.0,D,0.625
1998-10-12 06:00:00,1998285N14068,14.0,66.0,25.0,D,0.75
1998-10-12 09:00:00,1998285N14068,14.5,66.5,30.0,DD,0.875
1998-10-12 12:00:00,1998285N14068,15.0,66.0,30.0,DD,1.0
1998-10-12 18:00:00,1998285N14068,15.0,65.5,30.0,DD,1.25
1998-10-13 00:00:00,1998285N14068,15.0,65.5,30.0,DD,1.5
1998-10-13 03:00:00,1998285N14068,15.5,65.0,30.0,DD,1.625
1998-10-13 06:00:00,1998285N14068,15.5,64.5,30.0,DD,1.75
1998-10-13 12:00:00,1998285N14068,16.0,64.0,25.0,DD,2.0
1998-10-13 18:00:00,1998285N14068,16.0,64.0,25.0,D,2.25
1998-10-14 00:00:00,1998285N14068,16.5,63.5,25.0,D,2.5
1998-10-14 03:00:00,1998285N14068,17.0,63.0,25.0,D,2.625
1998-10-14 06:00:00,1998285N14068,17.0,62.5,25.0,D,2.75
1998-10-14 12:00:00,1998285N14068,17.5,62.0,25.0,D,3.0
1998-10-14 18:00:00,1998285N14068,16.5,61.0,25.0,D,3.25
1998-10-15 00:00:00,1998285N14068,16.6,62.4,25.0,D,3.5
1998-10-15 03:00:00,1998285N14068,16.4,62.9,25.0,D,3.625
1998-10-15 06:00:00,1998285N14068,16.5,63.3,25.0,D,3.75
1998-10-15 12:00:00,1998285N14068,16.8,63.9,30.0,DD,4.0
1998-10-15 18:00:00,1998285N14068,16.8,64.4,30.0,DD,4.25
1998-10-16 00:00:00,1998285N14068,17.1,65.1,30.0,DD,4.5
1998-10-16 03:00:00,1998285N14068,17.2,65.4,30.0,DD,4.625
1998-10-16 06:00:00,1998285N14068,18.1,66.6,30.0,DD,4.75
1998-10-16 12:00:00,1998285N14068,18.7,68.3,35.0,CS,5.0
1998-10-16 18:00:00,1998285N14068,19.7,69.3,35.0,CS,5.25
1998-10-17 00:00:00,1998285N14068,20.3,69.5,35.0,CS,5.5
1998-12-13 00:00:00,1998346N10072,10.6,68.6,25.0,D,0.0
1998-12-13 03:00:00,1998346N10072,10.8,68.4,30.0,DD,0.125
1998-12-13 06:00:00,1998346N10072,11.0,68.2,35.0,DD,0.25
1998-12-13 09:00:00,1998346N10072,11.2,67.9,35.0,CS,0.375
1998-12-13 12:00:00,1998346N10072,11.5,67.6,35.0,CS,0.5
1998-12-13 18:00:00,1998346N10072,12.1,67.4,35.0,CS,0.75
1998-12-14 00:00:00,1998346N10072,12.4,67.4,35.0,CS,1.0
1998-12-14 03:00:00,1998346N10072,12.8,67.3,45.0,CS,1.125
1998-12-14 06:00:00,1998346N10072,13.1,67.2,45.0,CS,1.25
1998-12-14 09:00:00,1998346N10072,13.5,67.0,55.0,SCS,1.375
1998-12-14 12:00:00,1998346N10072,14.0,66.9,55.0,SCS,1.5
1998-12-14 18:00:00,1998346N10072,14.9,66.8,55.0,SCS,1.75
1998-12-15 00:00:00,1998346N10072,15.6,66.6,55.0,SCS,2.0
1998-12-15 03:00:00,1998346N10072,16.3,66.0,55.0,SCS,2.125
1998-12-15 06:00:00,1998346N10072,16.7,65.7,55.0,SCS,2.25
1998-12-15 09:00:00,1998346N10072,16.7,65.4,55.0,SCS,2.375
1998-12-15 12:00:00,1998346N10072,17.1,65.0,55.0,SCS,2.5
1998-12-15 18:00:00,1998346N10072,17.4,64.3,55.0,SCS,2.75
1998-12-16 00:00:00,1998346N10072,17.8,63.5,55.0,SCS,3.0
1998-12-16 03:00:00,1998346N10072,18.0,62.7,45.0,CS,3.125
1998-12-16 06:00:00,1998346N10072,18.3,62.0,35.0,CS,3.25
1998-12-16 09:00:00,1998346N10072,18.2,61.4,30.0,DD,3.375
1998-12-16 12:00:00,1998346N10072,18.5,60.7,25.0,D,3.5
1998-12-16 18:00:00,1998346N10072,18.8,59.8,25.0,D,3.75
1998-12-17 00:00:00,1998346N10072,18.7,58.9,25.0,D,4.0
1998-12-17 03:00:00,1998346N10072,18.7,58.3,25.0,D,4.125
1999-05-16 12:00:00,1999135N12073,13.0,71.8,25.0,D,0.0
1999-05-16 15:00:00,1999135N12073,13.2,71.5,25.0,D,0.125
1999-05-16 18:00:00,1999135N12073,13.4,71.3,25.0,DD,0.25
1999-05-16 21:00:00,1999135N12073,13.6,71.1,30.0,DD,0.375
1999-05-17 00:00:00,1999135N12073,14.0,70.7,30.0,DD,0.5
1999-05-17 03:00:00,1999135N12073,14.7,70.2,35.0,CS,0.625
1999-05-17 06:00:00,1999135N12073,15.1,69.9,45.0,CS,0.75
1999-05-17 09:00:00,1999135N12073,15.2,69.4,55.0,SCS,0.875
1999-05-17 12:00:00,1999135N12073,15.4,69.3,64.0,VSCS,1.0
1999-05-17 15:00:00,1999135N12073,15.7,68.9,64.0,VSCS,1.125
1999-05-17 18:00:00,1999135N12073,16.2,68.6,64.0,VSCS,1.25
1999-05-17 21:00:00,1999135N12073,16.3,68.4,64.0,VSCS,1.375
1999-05-18 00:00:00,1999135N12073,16.8,68.3,80.0,VSCS,1.5
1999-05-18 03:00:00,1999135N12073,17.3,67.7,80.0,VSCS,1.625
1999-05-18 06:00:00,1999135N12073,18.0,67.6,90.0,VSCS,1.75
1999-05-18 09:00:00,1999135N12073,18.1,67.5,90.0,VSCS,1.875
1999-05-18 12:00:00,1999135N12073,18.7,67.4,105.0,VSCS,2.0
1999-05-18 15:00:00,1999135N12073,18.9,67.4,105.0,VSCS,2.125
1999-05-18 18:00:00,1999135N12073,19.3,67.4,105.0,VSCS,2.25
1999-05-18 21:00:00,1999135N12073,20.0,67.3,105.0,VSCS,2.375
1999-05-19 00:00:00,1999135N12073,20.4,67.3,105.0,VSCS,2.5
1999-05-19 03:00:00,1999135N12073,20.9,67.3,105.0,VSCS,2.625
1999-05-19 06:00:00,1999135N12073,21.1,67.3,105.0,VSCS,2.75
1999-05-19 09:00:00,1999135N12073,21.2,67.3,105.0,VSCS,2.875
1999-05-19 12:00:00,1999135N12073,21.7,67.4,105.0,VSCS,3.0
1999-05-19 15:00:00,1999135N12073,22.1,67.5,105.0,VSCS,3.125
1999-05-19 18:00:00,1999135N12073,22.5,67.6,105.0,VSCS,3.25
1999-05-19 21:00:00,1999135N12073,22.9,67.6,105.0,VSCS,3.375
1999-05-20 00:00:00,1999135N12073,23.2,67.7,105.0,VSCS,3.5
1999-05-20 03:00:00,1999135N12073,23.4,68.3,105.0,VSCS,3.625
1999-05-20 06:00:00,1999135N12073,23.7,68.4,105.0,VSCS,3.75
2000-12-28 00:00:00,2000358N08086,8.4,77.8,35.0,CS,0.0
2000-12-28 03:00:00,2000358N08086,8.4,77.7,35.0,CS,0.125
2000-12-28 06:00:00,2000358N08086,8.5,77.3,30.0,DD,0.25
2000-12-28 12:00:00,2000358N08086,8.9,76.7,25.0,D,0.5
2001-05-21 12:00:00,2001141N14068,13.7,69.0,25.0,D,0.0
2001-05-21 18:00:00,2001141N14068,13.6,69.9,25.0,D,0.25
2001-05-21 21:00:00,2001141N14068,13.6,70.1,30.0,DD,0.375
2001-05-22 00:00:00,2001141N14068,13.9,70.8,30.0,DD,0.5
2001-05-22 03:00:00,2001141N14068,14.0,71.2,40.0,CS,0.625
2001-05-22 06:00:00,2001141N14068,14.1,71.4,45.0,CS,0.75
2001-05-22 09:00:00,2001141N14068,14.1,71.5,45.0,CS,0.875
2001-05-22 12:00:00,2001141N14068,14.3,71.6,45.0,CS,1.0
2001-05-22 15:00:00,2001141N14068,14.3,71.6,55.0,SCS,1.125
2001-05-22 18:00:00,2001141N14068,14.4,71.6,55.0,SCS,1.25
2001-05-22 21:00:00,2001141N14068,14.8,71.5,65.0,VSCS,1.375
2001-05-23 00:00:00,2001141N14068,15.0,71.5,65.0,VSCS,1.5
2001-05-23 03:00:00,2001141N14068,15.3,71.3,77.0,VSCS,1.625
2001-05-23 06:00:00,2001141N14068,15.6,71.0,90.0,VSCS,1.75
2001-05-23 09:00:00,2001141N14068,15.9,70.8,90.0,VSCS,1.875
2001-05-23 12:00:00,2001141N14068,16.0,70.5,90.0,VSCS,2.0
2001-05-23 15:00:00,2001141N14068,16.1,70.4,90.0,VSCS,2.125
2001-05-23 18:00:00,2001141N14068,16.2,70.4,90.0,VSCS,2.25
2001-05-23 21:00:00,2001141N14068,16.3,70.0,90.0,VSCS,2.375
2001-05-24 00:00:00,2001141N14068,16.4,69.7,90.0,VSCS,2.5
2001-05-24 03:00:00,2001141N14068,16.6,69.5,102.0,VSCS,2.625
2001-05-24 06:00:00,2001141N14068,16.9,69.0,102.0,VSCS,2.75
2001-05-24 09:00:00,2001141N14068,16.9,68.5,115.0,VSCS,2.875
2001-05-24 12:00:00,2001141N14068,16.9,68.4,115.0,VSCS,3.0
2001-05-24 15:00:00,2001141N14068,16.9,68.3,115.0,VSCS,3.125
2001-05-24 18:00:00,2001141N14068,17.0,68.3,115.0,VSCS,3.25
2001-05-24 21:00:00,2001141N14068,17.0,68.0,115.0,VSCS,3.375
2001-05-25 00:00:00,2001141N14068,17.0,67.8,115.0,VSCS,3.5
2001-05-25 03:00:00,2001141N14068,17.1,68.0,102.0,VSCS,3.625
2001-05-25 06:00:00,2001141N14068,17.1,67.9,90.0,VSCS,3.75
2001-05-25 09:00:00,2001141N14068,17.1,67.8,90.0,VSCS,3.875
2001-05-25 12:00:00,2001141N14068,17.2,67.6,77.0,VSCS,4.0
2001-05-25 15:00:00,2001141N14068,17.1,67.8,77.0,VSCS,4.125
2001-05-25 18:00:00,2001141N14068,17.1,67.9,77.0,VSCS,4.25
2001-05-25 21:00:00,2001141N14068,17.0,67.7,77.0,VSCS,4.375
2001-05-26 00:00:00,2001141N14068,17.3,67.7,65.0,VSCS,4.5
2001-05-26 03:00:00,2001141N14068,17.3,67.7,55.0,SCS,4.625
2001-05-26 06:00:00,2001141N14068,17.4,67.7,55.0,SCS,4.75
2001-05-26 09:00:00,2001141N14068,17.4,67.6,55.0,SCS,4.875
2001-05-26 12:00:00,2001141N14068,17.6,67.7,55.0,SCS,5.0
2001-05-26 15:00:00,2001141N14068,17.7,67.6,55.0,SCS,5.125
2001-05-26 18:00:00,2001141N14068,17.8,67.6,55.0,SCS,5.25
2001-05-26 21:00:00,2001141N14068,18.1,67.6,55.0,SCS,5.375
2001-05-27 00:00:00,2001141N14068,18.2,67.6,55.0,SCS,5.5
2001-05-27 03:00:00,2001141N14068,18.2,67.5,45.0,CS,5.625
2001-05-27 06:00:00,2001141N14068,18.3,67.6,45.0,CS,5.75
2001-05-27 09:00:00,2001141N14068,18.4,67.5,45.0,CS,5.875
2001-05-27 12:00:00,2001141N14068,19.0,67.6,45.0,CS,6.0
2001-05-27 15:00:00,2001141N14068,19.1,67.8,35.0,CS,6.125
2001-05-27 18:00:00,2001141N14068,19.3,67.9,35.0,CS,6.25
2001-05-27 21:00:00,2001141N14068,19.6,67.8,35.0,CS,6.375
2001-05-28 00:00:00,2001141N14068,19.7,67.9,35.0,CS,6.5
2001-05-28 03:00:00,2001141N14068,20.0,68.0,35.0,CS,6.625
2001-05-28 06:00:00,2001141N14068,20.1,68.1,35.0,CS,6.75
2001-05-28 09:00:00,2001141N14068,20.3,68.2,35.0,CS,6.875
2001-05-28 12:00:00,2001141N14068,21.0,68.5,30.0,DD,7.0
2001-05-28 15:00:00,2001141N14068,21.2,68.3,30.0,DD,7.125
2001-05-28 18:00:00,2001141N14068,21.7,68.4,25.0,D,7.25
2001-05-28 21:00:00,2001141N14068,21.9,68.2,25.0,D,7.375
2001-05-29 00:00:00,2001141N14068,22.1,68.0,25.0,D,7.5
2001-09-24 09:00:00,2001267N17070,16.8,69.4,25.0,D,0.0
2001-09-24 12:00:00,2001267N17070,16.9,69.3,25.0,D,0.125
2001-09-24 18:00:00,2001267N17070,16.9,69.0,30.0,DD,0.375
2001-09-25 00:00:00,2001267N17070,17.0,68.9,30.0,DD,0.625
2001-09-25 03:00:00,2001267N17070,17.0,68.5,30.0,DD,0.75
2001-09-25 06:00:00,2001267N17070,17.1,68.2,30.0,DD,0.875
2001-09-25 09:00:00,2001267N17070,17.1,68.1,30.0,DD,1.0
2001-09-25 12:00:00,2001267N17070,17.2,68.1,35.0,CS,1.125
2001-09-25 15:00:00,2001267N17070,17.2,68.0,35.0,CS,1.25
2001-09-25 18:00:00,2001267N17070,17.3,67.9,35.0,CS,1.375
2001-09-25 21:00:00,2001267N17070,17.3,68.2,35.0,CS,1.5
2001-09-26 00:00:00,2001267N17070,17.4,67.6,35.0,CS,1.625
2001-09-26 03:00:00,2001267N17070,18.0,67.2,35.0,CS,1.75
2001-09-26 06:00:00,2001267N17070,17.9,66.8,35.0,CS,1.875
2001-09-26 09:00:00,2001267N17070,18.2,66.4,35.0,CS,2.0
2001-09-26 12:00:00,2001267N17070,18.4,66.0,35.0,CS,2.125
2001-09-26 15:00:00,2001267N17070,18.6,65.8,35.0,CS,2.25
2001-09-26 18:00:00,2001267N17070,18.6,65.3,35.0,CS,2.375
2001-09-26 21:00:00,2001267N17070,18.6,65.1,35.0,CS,2.5
2001-09-27 00:00:00,2001267N17070,18.7,64.7,35.0,CS,2.625
2001-09-27 03:00:00,2001267N17070,18.7,64.0,35.0,CS,2.75
2001-09-27 06:00:00,2001267N17070,18.7,63.8,35.0,CS,2.875
2001-09-27 12:00:00,2001267N17070,18.8,63.3,30.0,DD,3.125
2001-09-27 18:00:00,2001267N17070,18.9,62.7,30.0,DD,3.375
2001-09-27 21:00:00,2001267N17070,19.0,62.3,25.0,D,3.5
2001-10-08 21:00:00,2001281N18071,18.2,69.9,25.0,D,0.0
2001-10-09 00:00:00,2001281N18071,18.4,69.8,25.0,D,0.125
2001-10-09 03:00:00,2001281N18071,18.5,69.7,30.0,DD,0.25
2001-10-09 06:00:00,2001281N18071,18.6,69.2,30.0,DD,0.375
2001-10-09 09:00:00,2001281N18071,18.8,68.8,35.0,CS,0.5
2001-10-09 12:00:00,2001281N18071,18.8,68.4,30.0,CS,0.625
2001-10-09 15:00:00,2001281N18071,18.7,68.3,35.0,CS,0.75
2001-10-09 18:00:00,2001281N18071,18.7,68.0,35.0,CS,0.875
2001-10-09 21:00:00,2001281N18071,18.6,67.9,35.0,CS,1.0
2001-10-10 00:00:00,2001281N18071,18.5,67.8,35.0,CS,1.125
2001-10-10 03:00:00,2001281N18071,18.3,67.8,30.0,DD,1.25
2001-10-10 06:00:00,2001281N18071,18.2,67.8,30.0,DD,1.375
2001-10-10 09:00:00,2001281N18071,18.1,67.7,25.0,D,1.5
2002-05-06 03:00:00,2002126N09068,9.3,66.9,25.0,D,0.0
2002-05-06 06:00:00,2002126N09068,10.0,66.5,25.0,D,0.125
2002-05-06 12:00:00,2002126N09068,11.2,66.0,25.0,D,0.375
2002-05-06 18:00:00,2002126N09068,11.8,65.6,25.0,D,0.625
2002-05-07 00:00:00,2002126N09068,12.7,64.9,25.0,D,0.875
2002-05-07 03:00:00,2002126N09068,13.0,64.4,30.0,DD,1.0
2002-05-07 06:00:00,2002126N09068,13.1,64.0,30.0,DD,1.125
2002-05-07 12:00:00,2002126N09068,13.1,63.2,30.0,DD,1.375
2002-05-07 18:00:00,2002126N09068,13.1,62.6,30.0,DD,1.625
2002-05-08 00:00:00,2002126N09068,13.2,62.3,30.0,DD,1.875
2002-05-08 03:00:00,2002126N09068,13.3,61.8,25.0,D,2.0
2002-05-08 06:00:00,2002126N09068,13.4,61.3,25.0,D,2.125
2002-05-08 12:00:00,2002126N09068,13.5,60.7,25.0,D,2.375
2002-05-08 18:00:00,2002126N09068,13.9,60.1,25.0,D,2.625
2002-05-08 21:00:00,2002126N09068,14.0,59.6,25.0,D,2.75
2002-05-09 00:00:00,2002126N09068,14.1,59.4,25.0,D,2.875
2002-05-09 03:00:00,2002126N09068,14.2,58.9,30.0,DD,3.0
2002-05-09 06:00:00,2002126N09068,14.6,58.1,35.0,CS,3.125
2002-05-09 09:00:00,2002126N09068,14.7,57.6,35.0,CS,3.25
2002-05-09 12:00:00,2002126N09068,15.0,56.8,35.0,CS,3.375
2002-05-09 15:00:00,2002126N09068,15.1,56.2,35.0,CS,3.5
2002-05-09 18:00:00,2002126N09068,15.4,55.7,35.0,CS,3.625
2002-05-09 21:00:00,2002126N09068,15.5,54.9,35.0,CS,3.75
2002-05-10 00:00:00,2002126N09068,15.8,54.4,35.0,CS,3.875
2002-05-10 03:00:00,2002126N09068,15.9,54.0,35.0,CS,4.0
2002-05-10 06:00:00,2002126N09068,16.1,53.8,35.0,CS,4.125
2003-11-12 03:00:00,2003315N09067,6.3,61.1,25.0,D,0.0
2003-11-12 12:00:00,2003315N09067,6.3,59.8,30.0,DD,0.375
2003-11-12 18:00:00,2003315N09067,6.3,59.2,35.0,CS,0.625
2003-11-13 00:00:00,2003315N09067,6.4,58.4,35.0,CS,0.875
2003-11-13 03:00:00,2003315N09067,6.4,58.3,35.0,CS,1.0
2003-11-13 06:00:00,2003315N09067,6.4,58.1,55.0,SCS,1.125
2003-11-13 09:00:00,2003315N09067,6.2,57.8,55.0,SCS,1.25
2003-11-13 12:00:00,2003315N09067,6.1,57.6,55.0,SCS,1.375
2003-11-13 15:00:00,2003315N09067,6.1,57.2,55.0,SCS,1.5
2003-11-13 18:00:00,2003315N09067,6.1,57.0,55.0,SCS,1.625
2003-11-13 21:00:00,2003315N09067,6.0,56.8,55.0,SCS,1.75
2003-11-14 00:00:00,2003315N09067,6.0,56.4,55.0,SCS,1.875
2003-11-14 03:00:00,2003315N09067,5.9,56.2,55.0,SCS,2.0
2003-11-14 06:00:00,2003315N09067,5.6,55.6,55.0,SCS,2.125
2003-11-14 09:00:00,2003315N09067,5.7,55.4,55.0,SCS,2.25
2003-11-14 12:00:00,2003315N09067,5.8,55.2,45.0,CS,2.375
2003-11-14 15:00:00,2003315N09067,5.8,55.0,35.0,CS,2.5
2003-11-14 18:00:00,2003315N09067,5.9,54.8,30.0,DD,2.625
2003-11-14 21:00:00,2003315N09067,6.0,54.7,30.0,DD,2.75
2003-11-15 00:00:00,2003315N09067,6.0,54.6,30.0,DD,2.875
2003-11-15 03:00:00,2003315N09067,6.0,54.5,25.0,D,3.0
2003-11-15 12:00:00,2003315N09067,6.0,54.1,25.0,D,3.375
2004-05-05 03:00:00,2004125N11074,11.5,72.9,25.0,D,0.0
2004-05-05 06:00:00,2004125N11074,11.4,73.0,30.0,DD,0.125
2004-05-05 09:00:00,2004125N11074,11.4,72.9,30.0,DD,0.25
2004-05-05 12:00:00,2004125N11074,11.3,73.0,35.0,CS,0.375
2004-05-05 15:00:00,2004125N11074,11.2,72.9,35.0,CS,0.5
2004-05-05 18:00:00,2004125N11074,11.2,73.1,35.0,CS,0.625
2004-05-05 21:00:00,2004125N11074,11.2,73.2,35.0,CS,0.75
2004-05-06 00:00:00,2004125N11074,11.3,73.2,35.0,CS,0.875
2004-05-06 03:00:00,2004125N11074,11.4,73.2,45.0,CS,1.0
2004-05-06 06:00:00,2004125N11074,11.4,73.2,45.0,CS,1.125
2004-05-06 09:00:00,2004125N11074,11.4,73.2,45.0,CS,1.25
2004-05-06 12:00:00,2004125N11074,11.5,73.2,45.0,CS,1.375
2004-05-06 15:00:00,2004125N11074,11.6,73.1,45.0,CS,1.5
2004-05-06 18:00:00,2004125N11074,11.7,73.1,45.0,CS,1.625
2004-05-06 21:00:00,2004125N11074,11.8,73.0,45.0,CS,1.75
2004-05-07 00:00:00,2004125N11074,11.9,72.9,45.0,CS,1.875
2004-05-07 03:00:00,2004125N11074,12.4,72.3,55.0,SCS,2.0
2004-05-07 06:00:00,2004125N11074,12.7,72.1,55.0,SCS,2.125
2004-05-07 09:00:00,2004125N11074,12.8,72.3,55.0,SCS,2.25
2004-05-07 12:00:00,2004125N11074,12.8,72.6,55.0,SCS,2.375
2004-05-07 15:00:00,2004125N11074,12.5,73.0,55.0,SCS,2.5
2004-05-07 18:00:00,2004125N11074,12.4,73.1,55.0,SCS,2.625
2004-05-07 21:00:00,2004125N11074,12.5,73.3,55.0,SCS,2.75
2004-05-08 00:00:00,2004125N11074,12.7,73.5,55.0,SCS,2.875
2004-05-08 03:00:00,2004125N11074,12.9,73.6,55.0,SCS,3.0
2004-05-08 06:00:00,2004125N11074,13.2,73.5,55.0,SCS,3.125
2004-05-08 09:00:00,2004125N11074,13.5,73.4,55.0,SCS,3.25
2004-05-08 12:00:00,2004125N11074,13.7,73.2,45.0,CS,3.375
2004-05-08 15:00:00,2004125N11074,13.9,73.1,45.0,CS,3.5
2004-05-08 18:00:00,2004125N11074,14.1,72.9,45.0,CS,3.625
2004-05-08 21:00:00,2004125N11074,14.3,72.7,45.0,CS,3.75
2004-05-09 00:00:00,2004125N11074,14.5,72.5,45.0,CS,3.875
2004-05-09 03:00:00,2004125N11074,14.8,71.9,45.0,CS,4.0
2004-05-09 06:00:00,2004125N11074,15.3,71.1,45.0,CS,4.125
2004-05-09 09:00:00,2004125N11074,15.9,70.5,45.0,CS,4.25
2004-05-09 12:00:00,2004125N11074,16.5,70.1,45.0,CS,4.375
2004-05-09 15:00:00,2004125N11074,17.0,70.0,45.0,CS,4.5
2004-05-09 18:00:00,2004125N11074,17.5,70.0,45.0,CS,4.625
2004-05-09 21:00:00,2004125N11074,18.0,70.0,45.0,CS,4.75
2004-05-10 00:00:00,2004125N11074,18.5,70.0,35.0,CS,4.875
2004-05-10 03:00:00,2004125N11074,19.0,70.0,35.0,CS,5.0
2004-05-10 06:00:00,2004125N11074,19.0,70.0,30.0,DD,5.125
2004-05-10 09:00:00,2004125N11074,19.5,70.0,25.0,D,5.25
2004-09-30 18:00:00,2004274N16069,17.7,67.7,30.0,DD,0.0
2004-09-30 21:00:00,2004274N16069,18.1,67.3,30.0,DD,0.125
2004-10-01 00:00:00,2004274N16069,18.5,67.0,30.0,DD,0.25
2004-10-01 03:00:00,2004274N16069,18.9,66.9,30.0,DD,0.375
2004-10-01 06:00:00,2004274N16069,19.1,66.8,30.0,DD,0.5
2004-10-01 09:00:00,2004274N16069,19.5,66.5,35.0,CS,0.625
2004-10-01 12:00:00,2004274N16069,19.9,66.5,35.0,CS,0.75
2004-10-01 15:00:00,2004274N16069,20.1,66.5,35.0,CS,0.875
2004-10-01 18:00:00,2004274N16069,20.3,66.6,35.0,CS,1.0
2004-10-01 21:00:00,2004274N16069,20.4,66.6,35.0,CS,1.125
2004-10-02 00:00:00,2004274N16069,21.0,66.7,35.0,CS,1.25
2004-10-02 03:00:00,2004274N16069,21.1,66.8,35.0,CS,1.375
2004-10-02 06:00:00,2004274N16069,21.5,67.1,45.0,CS,1.5
2004-10-02 09:00:00,2004274N16069,21.6,67.2,55.0,SCS,1.625
2004-10-02 12:00:00,2004274N16069,22.1,67.6,55.0,SCS,1.75
2004-10-02 15:00:00,2004274N16069,22.2,67.7,55.0,SCS,1.875
2004-10-02 18:00:00,2004274N16069,22.6,68.1,55.0,SCS,2.0
2004-10-02 21:00:00,2004274N16069,22.6,68.4,55.0,SCS,2.125
2004-10-03 00:00:00,2004274N16069,23.0,68.5,35.0,CS,2.25
2004-10-03 03:00:00,2004274N16069,23.1,68.5,30.0,DD,2.375
2004-10-03 06:00:00,2004274N16069,23.2,68.4,30.0,DD,2.5
2004-10-03 09:00:00,2004274N16069,23.2,68.3,30.0,DD,2.625
2004-10-03 12:00:00,2004274N16069,23.2,68.2,25.0,D,2.75
2004-10-03 15:00:00,2004274N16069,23.2,68.0,25.0,D,2.875
2004-10-03 18:00:00,2004274N16069,23.1,67.7,25.0,D,3.0
2004-11-29 15:00:00,2004332N02072,3.8,64.0,35.0,CS,0.0
2004-11-29 18:00:00,2004332N02072,4.0,63.7,35.0,CS,0.125
2004-11-29 21:00:00,2004332N02072,4.2,63.4,35.0,CS,0.25
2004-11-30 00:00:00,2004332N02072,4.8,63.0,35.0,CS,0.375
2004-11-30 03:00:00,2004332N02072,5.2,62.4,45.0,CS,0.5
2004-11-30 06:00:00,2004332N02072,5.6,61.7,55.0,SCS,0.625
2004-11-30 09:00:00,2004332N02072,6.0,61.1,55.0,SCS,0.75
2004-11-30 12:00:00,2004332N02072,6.1,60.7,55.0,SCS,0.875
2004-11-30 15:00:00,2004332N02072,6.1,60.4,55.0,SCS,1.0
2004-11-30 18:00:00,2004332N02072,6.3,60.0,45.0,CS,1.125
2004-11-30 21:00:00,2004332N02072,6.6,59.8,45.0,CS,1.25
2004-12-01 00:00:00,2004332N02072,7.0,59.5,35.0,CS,1.375
2004-12-01 03:00:00,2004332N02072,7.1,59.3,35.0,CS,1.5
2004-12-01 06:00:00,2004332N02072,7.3,59.2,35.0,CS,1.625
2004-12-01 09:00:00,2004332N02072,7.6,58.5,30.0,DD,1.75
2004-12-01 12:00:00,2004332N02072,7.7,58.4,25.0,DD,1.875
2004-12-02 03:00:00,2004332N02072,8.0,56.3,25.0,D,2.5
2004-12-02 12:00:00,2004332N02072,8.2,55.0,25.0,D,2.875
2006-09-21 03:00:00,2006262N19069,19.6,66.4,25.0,D,0.0
2006-09-21 06:00:00,2006262N19069,19.6,66.3,30.0,DD,0.125
2006-09-21 09:00:00,2006262N19069,19.6,66.2,30.0,DD,0.25
2006-09-21 12:00:00,2006262N19069,19.6,66.2,30.0,DD,0.375
2006-09-21 15:00:00,2006262N19069,19.6,66.1,30.0,DD,0.5
2006-09-21 18:00:00,2006262N19069,19.7,66.2,30.0,DD,0.625
2006-09-21 21:00:00,2006262N19069,19.7,66.2,30.0,DD,0.75
2006-09-22 00:00:00,2006262N19069,20.0,66.2,40.0,CS,0.875
2006-09-22 03:00:00,2006262N19069,20.1,66.2,45.0,CS,1.0
2006-09-22 06:00:00,2006262N19069,20.1,66.3,45.0,CS,1.125
2006-09-22 09:00:00,2006262N19069,20.1,66.3,45.0,CS,1.25
2006-09-22 12:00:00,2006262N19069,20.4,66.6,45.0,SCS,1.375
2006-09-22 15:00:00,2006262N19069,20.4,66.6,45.0,SCS,1.5
2006-09-22 18:00:00,2006262N19069,20.4,66.7,45.0,SCS,1.625
2006-09-22 21:00:00,2006262N19069,20.4,66.7,45.0,SCS,1.75
2006-09-23 00:00:00,2006262N19069,20.7,67.0,45.0,SCS,1.875
2006-09-23 03:00:00,2006262N19069,20.7,67.0,45.0,SCS,2.0
2006-09-23 06:00:00,2006262N19069,20.8,67.1,45.0,SCS,2.125
2006-09-23 09:00:00,2006262N19069,20.7,67.1,45.0,SCS,2.25
2006-09-23 12:00:00,2006262N19069,20.7,67.1,50.0,SCS,2.375
2006-09-23 15:00:00,2006262N19069,20.6,67.1,55.0,SCS,2.5
2006-09-23 18:00:00,2006262N19069,20.6,67.1,50.0,SCS,2.625
2006-09-23 21:00:00,2006262N19069,20.6,67.0,45.0,CS,2.75
2006-09-24 00:00:00,2006262N19069,20.5,67.0,40.0,CS,2.875
2006-09-24 03:00:00,2006262N19069,20.5,67.0,35.0,CS,3.0
2006-09-24 06:00:00,2006262N19069,20.3,66.9,30.0,DD,3.125
2006-09-24 09:00:00,2006262N19069,20.1,66.9,30.0,DD,3.25
2006-09-24 12:00:00,2006262N19069,19.9,66.9,25.0,D,3.375
2007-06-01 18:00:00,2007151N14072,15.1,68.2,25.0,D,0.0
2007-06-01 21:00:00,2007151N14072,15.1,68.0,25.0,D,0.125
2007-06-02 00:00:00,2007151N14072,15.1,67.9,25.0,D,0.25
2007-06-02 03:00:00,2007151N14072,15.0,67.5,30.0,DD,0.375
2007-06-02 09:00:00,2007151N14072,15.1,67.1,35.0,CS,0.625
2007-06-02 12:00:00,2007151N14072,15.2,67.1,45.0,CS,0.75
2007-06-02 15:00:00,2007151N14072,15.2,67.1,45.0,CS,0.875
2007-06-02 18:00:00,2007151N14072,15.3,67.1,45.0,CS,1.0
2007-06-02 21:00:00,2007151N14072,15.4,66.9,45.0,CS,1.125
2007-06-03 00:00:00,2007151N14072,15.8,67.0,55.0,SCS,1.25
2007-06-03 03:00:00,2007151N14072,16.0,67.1,55.0,SCS,1.375
2007-06-03 06:00:00,2007151N14072,16.5,67.1,55.0,SCS,1.5
2007-06-03 09:00:00,2007151N14072,16.9,66.9,55.0,SCS,1.625
2007-06-03 12:00:00,2007151N14072,17.5,66.7,55.0,SCS,1.75
2007-06-03 15:00:00,2007151N14072,17.6,66.5,55.0,SCS,1.875
2007-06-03 18:00:00,2007151N14072,18.0,66.1,65.0,VSCS,2.0
2007-06-03 21:00:00,2007151N14072,18.1,65.9,65.0,VSCS,2.125
2007-06-04 00:00:00,2007151N14072,18.6,65.3,77.0,VSCS,2.25
2007-06-04 03:00:00,2007151N14072,18.7,65.1,90.0,VSCS,2.375
2007-06-04 06:00:00,2007151N14072,19.1,64.7,102.0,VSCS,2.5
2007-06-04 09:00:00,2007151N14072,19.5,64.5,115.0,VSCS,2.625
2007-06-04 12:00:00,2007151N14072,20.0,64.1,115.0,VSCS,2.75
2007-06-04 15:00:00,2007151N14072,20.1,63.8,127.0,SUCS,2.875
2007-06-04 18:00:00,2007151N14072,20.5,63.4,127.0,SUCS,3.0
2007-06-04 21:00:00,2007151N14072,20.6,63.2,115.0,VSCS,3.125
2007-06-05 00:00:00,2007151N14072,20.7,62.8,115.0,VSCS,3.25
2007-06-05 03:00:00,2007151N14072,21.0,62.0,115.0,VSCS,3.375
2007-06-05 06:00:00,2007151N14072,21.4,61.6,102.0,VSCS,3.5
2007-06-05 09:00:00,2007151N14072,21.4,61.2,102.0,VSCS,3.625
2007-06-05 12:00:00,2007151N14072,21.6,61.1,90.0,VSCS,3.75
2007-06-05 15:00:00,2007151N14072,21.9,60.9,77.0,VSCS,3.875
2007-06-05 18:00:00,2007151N14072,22.0,60.6,77.0,VSCS,4.0
2007-06-05 21:00:00,2007151N14072,22.4,60.4,77.0,VSCS,4.125
2007-06-06 00:00:00,2007151N14072,22.6,59.8,77.0,VSCS,4.25
2007-06-06 03:00:00,2007151N14072,22.9,59.4,77.0,VSCS,4.375
2007-06-06 06:00:00,2007151N14072,23.3,59.5,77.0,VSCS,4.5
2007-06-06 09:00:00,2007151N14072,23.5,59.4,77.0,VSCS,4.625
2007-06-06 12:00:00,2007151N14072,23.9,59.1,77.0,VSCS,4.75
2007-06-06 15:00:00,2007151N14072,24.1,59.0,77.0,VSCS,4.875
2007-06-06 18:00:00,2007151N14072,24.5,59.0,65.0,VSCS,5.0
2007-06-06 21:00:00,2007151N14072,24.8,58.8,55.0,SCS,5.125
2007-06-07 00:00:00,2007151N14072,24.9,58.6,45.0,CS,5.25
2007-06-07 03:00:00,2007151N14072,25.0,58.4,45.0,CS,5.375
2007-06-25 03:00:00,2007172N15088,22.7,67.6,25.0,D,0.0
2007-06-25 06:00:00,2007172N15088,23.1,67.4,25.0,D,0.125
2007-06-25 09:00:00,2007172N15088,23.3,67.0,25.0,D,0.25
2007-06-25 12:00:00,2007172N15088,23.6,66.6,30.0,DD,0.375
2007-06-25 15:00:00,2007172N15088,23.8,66.4,30.0,DD,0.5
2007-06-25 18:00:00,2007172N15088,24.0,66.0,30.0,DD,0.625
2007-06-25 21:00:00,2007172N15088,24.3,65.8,35.0,CS,0.75
2007-06-26 00:00:00,2007172N15088,24.8,65.3,35.0,CS,0.875
2009-11-09 03:00:00,2009313N11072,11.0,72.0,25.0,D,0.0
2009-11-09 12:00:00,2009313N11072,12.1,71.1,25.0,D,0.375
2009-11-09 18:00:00,2009313N11072,12.7,70.8,25.0,D,0.625
2009-11-09 21:00:00,2009313N11072,13.0,70.8,30.0,DD,0.75
2009-11-10 00:00:00,2009313N11072,13.4,70.8,30.0,DD,0.875
2009-11-10 06:00:00,2009313N11072,14.4,71.2,30.0,DD,1.125
2009-11-10 12:00:00,2009313N11072,15.0,71.3,35.0,CS,1.375
2009-11-10 15:00:00,2009313N11072,15.4,71.6,35.0,CS,1.5
2009-11-10 18:00:00,2009313N11072,15.8,71.8,40.0,CS,1.625
2009-11-10 21:00:00,2009313N11072,16.5,72.2,45.0,CS,1.75
2009-11-11 00:00:00,2009313N11072,17.0,72.6,45.0,CS,1.875
2009-11-11 03:00:00,2009313N11072,17.9,72.7,40.0,CS,2.0
2009-11-11 06:00:00,2009313N11072,18.8,73.3,30.0,DD,2.125
2009-11-11 09:00:00,2009313N11072,19.4,73.7,30.0,DD,2.25
2009-11-11 12:00:00,2009313N11072,19.7,73.9,20.0,D,2.375
2010-05-19 09:00:00,2010136N09057,11.1,53.8,25.0,D,0.0
2010-05-19 12:00:00,2010136N09057,11.2,53.7,25.0,D,0.125
2010-05-19 15:00:00,2010136N09057,11.4,53.4,25.0,D,0.25
2010-05-19 18:00:00,2010136N09057,11.5,53.3,30.0,DD,0.375
2010-05-19 21:00:00,2010136N09057,11.5,53.0,30.0,DD,0.5
2010-05-20 00:00:00,2010136N09057,11.6,53.0,30.0,DD,0.625
2010-05-20 03:00:00,2010136N09057,11.7,52.9,30.0,DD,0.75
2010-05-20 06:00:00,2010136N09057,11.8,52.9,30.0,DD,0.875
2010-05-20 09:00:00,2010136N09057,12.1,52.8,30.0,DD,1.0
2010-05-20 12:00:00,2010136N09057,12.4,52.5,30.0,DD,1.125
2010-05-20 18:00:00,2010136N09057,12.5,51.9,30.0,DD,1.375
2010-05-21 00:00:00,2010136N09057,12.5,51.8,30.0,DD,1.625
2010-05-21 03:00:00,2010136N09057,12.6,51.7,30.0,DD,1.75
2010-05-21 06:00:00,2010136N09057,12.6,51.7,30.0,DD,1.875
2010-05-21 09:00:00,2010136N09057,12.6,51.7,30.0,DD,2.0
2010-05-21 12:00:00,2010136N09057,12.7,51.7,40.0,CS,2.125
2010-05-21 15:00:00,2010136N09057,12.6,51.7,40.0,CS,2.25
2010-05-21 18:00:00,2010136N09057,12.6,51.7,40.0,CS,2.375
2010-05-21 21:00:00,2010136N09057,12.5,51.3,40.0,CS,2.5
2010-05-22 00:00:00,2010136N09057,12.6,51.0,40.0,CS,2.625
2010-05-22 03:00:00,2010136N09057,12.5,50.9,40.0,CS,2.75
2010-05-22 06:00:00,2010136N09057,12.6,50.9,40.0,CS,2.875
2010-05-22 09:00:00,2010136N09057,12.5,50.6,35.0,CS,3.0
2010-05-22 12:00:00,2010136N09057,12.6,50.6,30.0,DD,3.125
2010-05-22 18:00:00,2010136N09057,12.6,50.4,25.0,D,3.375
2010-05-31 06:00:00,2010151N14065,14.8,64.2,25.0,D,0.0
2010-05-31 12:00:00,2010151N14065,15.2,63.8,25.0,D,0.25
2010-05-31 18:00:00,2010151N14065,15.5,63.6,25.0,D,0.5
2010-06-01 00:00:00,2010151N14065,15.7,63.4,30.0,DD,0.75
2010-06-01 03:00:00,2010151N14065,15.8,63.2,30.0,DD,0.875
2010-06-01 06:00:00,2010151N14065,16.2,62.9,30.0,DD,1.0
2010-06-01 09:00:00,2010151N14065,16.3,62.8,35.0,CS,1.125
2010-06-01 12:00:00,2010151N14065,16.7,62.4,35.0,CS,1.25
2010-06-01 15:00:00,2010151N14065,16.7,62.2,40.0,CS,1.375
2010-06-01 18:00:00,2010151N14065,17.1,61.8,45.0,CS,1.5
2010-06-01 21:00:00,2010151N14065,17.1,61.6,45.0,CS,1.625
2010-06-02 00:00:00,2010151N14065,17.5,61.3,55.0,SCS,1.75
2010-06-02 03:00:00,2010151N14065,17.5,60.9,60.0,SCS,1.875
2010-06-02 06:00:00,2010151N14065,17.7,60.8,70.0,VSCS,2.0
2010-06-02 09:00:00,2010151N14065,18.0,60.4,80.0,VSCS,2.125
2010-06-02 12:00:00,2010151N14065,18.1,60.3,85.0,VSCS,2.25
2010-06-02 15:00:00,2010151N14065,18.4,59.9,85.0,VSCS,2.375
2010-06-02 18:00:00,2010151N14065,18.5,59.9,85.0,VSCS,2.5
2010-06-02 21:00:00,2010151N14065,18.5,59.8,80.0,VSCS,2.625
2010-06-03 00:00:00,2010151N14065,18.5,59.6,75.0,VSCS,2.75
2010-06-03 03:00:00,2010151N14065,18.6,59.5,75.0,VSCS,2.875
2010-06-03 06:00:00,2010151N14065,19.1,59.6,70.0,VSCS,3.0
2010-06-03 09:00:00,2010151N14065,19.5,59.5,70.0,VSCS,3.125
2010-06-03 12:00:00,2010151N14065,20.0,59.5,70.0,VSCS,3.25
2010-06-03 15:00:00,2010151N14065,20.2,59.4,70.0,VSCS,3.375
2010-06-03 18:00:00,2010151N14065,20.7,59.4,65.0,VSCS,3.5
2010-06-03 21:00:00,2010151N14065,21.1,59.3,65.0,VSCS,3.625
2010-06-04 00:00:00,2010151N14065,21.5,59.3,65.0,VSCS,3.75
2010-06-04 03:00:00,2010151N14065,21.9,59.3,60.0,SCS,3.875
2010-06-04 06:00:00,2010151N14065,22.2,59.4,60.0,SCS,4.0
2010-06-04 09:00:00,2010151N14065,22.6,59.4,60.0,SCS,4.125
2010-06-04 12:00:00,2010151N14065,23.0,59.5,60.0,SCS,4.25
2010-06-04 15:00:00,2010151N14065,23.2,59.5,55.0,SCS,4.375
2010-06-04 18:00:00,2010151N14065,23.3,59.6,55.0,SCS,4.5
2010-06-04 21:00:00,2010151N14065,23.7,60.0,50.0,SCS,4.625
2010-06-05 00:00:00,2010151N14065,24.0,60.4,45.0,CS,4.75
2010-06-05 03:00:00,2010151N14065,24.2,60.8,40.0,CS,4.875
2010-06-05 06:00:00,2010151N14065,24.2,61.0,40.0,CS,5.0
2010-06-05 09:00:00,2010151N14065,24.1,61.1,40.0,CS,5.125
2010-06-05 12:00:00,2010151N14065,24.0,61.6,40.0,CS,5.25
2010-06-05 15:00:00,2010151N14065,23.9,62.0,35.0,CS,5.375
2010-06-05 18:00:00,2010151N14065,23.9,62.5,30.0,DD,5.5
2010-06-05 21:00:00,2010151N14065,23.7,63.1,30.0,DD,5.625
2010-06-06 00:00:00,2010151N14065,23.7,64.1,30.0,DD,5.75
2010-06-06 03:00:00,2010151N14065,23.8,65.0,25.0,D,5.875
2010-06-06 06:00:00,2010151N14065,24.0,65.9,25.0,D,6.0
2010-06-06 09:00:00,2010151N14065,24.2,66.6,25.0,D,6.125
2010-06-06 12:00:00,2010151N14065,24.6,67.2,25.0,D,6.25
2010-06-06 15:00:00,2010151N14065,25.0,67.9,25.0,D,6.375
2010-06-06 18:00:00,2010151N14065,25.1,68.7,25.0,D,6.5
2010-06-07 00:00:00,2010151N14065,26.4,70.5,25.0,D,6.75
2010-06-07 03:00:00,2010151N14065,26.7,71.5,25.0,D,6.875
2011-10-29 06:00:00,2011302N13062,13.0,62.0,25.0,D,0.0
2011-10-29 12:00:00,2011302N13062,13.0,61.0,25.0,D,0.25
2011-10-29 18:00:00,2011302N13062,13.0,61.0,25.0,D,0.5
2011-10-30 00:00:00,2011302N13062,13.0,60.5,25.0,D,0.75
2011-10-30 03:00:00,2011302N13062,13.0,60.0,25.0,D,0.875
2011-10-30 06:00:00,2011302N13062,13.0,60.0,25.0,D,1.0
2011-10-30 12:00:00,2011302N13062,13.5,59.5,25.0,D,1.25
2011-10-30 18:00:00,2011302N13062,14.0,59.0,25.0,D,1.5
2011-10-31 00:00:00,2011302N13062,14.5,59.0,25.0,D,1.75
2011-10-31 03:00:00,2011302N13062,15.0,58.5,25.0,D,1.875
2011-10-31 06:00:00,2011302N13062,16.0,57.0,25.0,D,2.0
2011-10-31 12:00:00,2011302N13062,16.0,57.5,25.0,D,2.25
2011-10-31 18:00:00,2011302N13062,16.0,57.0,25.0,D,2.5
2011-11-01 12:00:00,2011302N13062,16.0,55.7,30.0,DD,3.25
2011-11-01 18:00:00,2011302N13062,16.0,55.5,30.0,DD,3.5
2011-11-02 00:00:00,2011302N13062,16.1,55.3,30.0,DD,3.75
2011-11-02 03:00:00,2011302N13062,16.2,55.0,35.0,CS,3.875
2011-11-02 06:00:00,2011302N13062,16.3,54.8,35.0,CS,4.0
2011-11-02 09:00:00,2011302N13062,16.4,54.7,35.0,CS,4.125
2011-11-02 12:00:00,2011302N13062,16.7,54.8,35.0,CS,4.25
2011-11-02 15:00:00,2011302N13062,16.9,54.6,35.0,CS,4.375
2011-11-02 18:00:00,2011302N13062,17.0,54.5,30.0,DD,4.5
2011-11-03 00:00:00,2011302N13062,17.0,54.6,30.0,DD,4.75
2011-11-03 03:00:00,2011302N13062,17.0,54.6,30.0,DD,4.875
2011-11-03 06:00:00,2011302N13062,17.1,54.6,30.0,DD,5.0
2011-11-03 12:00:00,2011302N13062,17.1,54.9,30.0,DD,5.25
2011-11-03 18:00:00,2011302N13062,17.1,55.2,30.0,DD,5.5
2011-11-04 00:00:00,2011302N13062,16.7,54.9,30.0,DD,5.75
2011-11-04 03:00:00,2011302N13062,16.4,54.7,25.0,D,5.875
2012-10-22 15:00:00,2012297N11067,11.0,66.5,25.0,D,0.0
2012-10-24 12:00:00,2012297N11067,10.5,55.9,40.0,CS,1.875
2012-10-24 18:00:00,2012297N11067,10.5,54.5,35.0,CS,2.125
2012-10-24 21:00:00,2012297N11067,10.4,53.9,35.0,CS,2.25
2012-10-25 00:00:00,2012297N11067,10.1,53.4,35.0,CS,2.375
2012-10-25 06:00:00,2012297N11067,9.7,52.0,35.0,CS,2.625
2012-10-25 12:00:00,2012297N11067,9.6,50.9,30.0,DD,2.875
2012-10-25 18:00:00,2012297N11067,9.5,49.9,25.0,D,3.125
2012-10-25 21:00:00,2012297N11067,9.4,48.8,25.0,D,3.25
2014-06-10 09:00:00,2014159N12068,15.8,68.4,25.0,D,0.0
2014-06-10 12:00:00,2014159N12068,16.1,68.1,25.0,D,0.125
2014-06-10 18:00:00,2014159N12068,16.5,67.6,30.0,DD,0.375
2014-06-11 00:00:00,2014159N12068,16.6,67.2,35.0,CS,0.625
2014-06-11 03:00:00,2014159N12068,16.7,67.0,35.0,CS,0.75
2014-06-11 06:00:00,2014159N12068,17.0,66.7,45.0,CS,0.875
2014-06-11 09:00:00,2014159N12068,17.1,66.5,45.0,CS,1.0
2014-06-11 12:00:00,2014159N12068,17.4,66.2,45.0,CS,1.125
2014-06-11 15:00:00,2014159N12068,17.6,66.0,45.0,CS,1.25
2014-06-11 18:00:00,2014159N12068,17.6,65.8,45.0,CS,1.375
2014-06-11 21:00:00,2014159N12068,17.7,65.6,45.0,CS,1.5
2014-06-12 00:00:00,2014159N12068,17.9,65.3,45.0,CS,1.625
2014-06-12 03:00:00,2014159N12068,18.0,64.9,45.0,CS,1.75
2014-06-12 06:00:00,2014159N12068,18.2,64.6,45.0,CS,1.875
2014-06-12 09:00:00,2014159N12068,18.3,64.3,45.0,CS,2.0
2014-06-12 12:00:00,2014159N12068,18.5,64.1,45.0,CS,2.125
2014-06-12 15:00:00,2014159N12068,18.8,64.0,45.0,CS,2.25
2014-06-12 18:00:00,2014159N12068,19.3,64.1,45.0,CS,2.375
2014-06-12 21:00:00,2014159N12068,19.9,64.4,45.0,CS,2.5
2014-06-13 00:00:00,2014159N12068,20.4,64.6,45.0,CS,2.625
2014-06-13 03:00:00,2014159N12068,20.7,64.4,45.0,CS,2.75
2014-10-25 00:00:00,2014297N11062,12.3,62.1,25.0,D,0.0
2014-10-25 03:00:00,2014297N11062,12.6,62.1,25.0,D,0.125
2014-10-25 06:00:00,2014297N11062,12.7,62.0,25.0,D,0.25
2014-10-25 12:00:00,2014297N11062,13.3,61.9,25.0,D,0.5
2014-10-25 18:00:00,2014297N11062,13.5,62.0,25.0,D,0.75
2014-10-26 00:00:00,2014297N11062,14.1,62.5,25.0,D,1.0
2014-10-26 03:00:00,2014297N11062,14.1,62.5,30.0,DD,1.125
2014-10-26 06:00:00,2014297N11062,14.2,62.5,35.0,CS,1.25
2014-10-26 09:00:00,2014297N11062,14.2,62.5,35.0,CS,1.375
2014-10-26 12:00:00,2014297N11062,14.3,62.5,40.0,CS,1.5
2014-10-26 15:00:00,2014297N11062,14.3,62.5,40.0,CS,1.625
2014-10-26 18:00:00,2014297N11062,14.5,62.5,45.0,CS,1.75
2014-10-26 21:00:00,2014297N11062,14.6,62.4,50.0,SCS,1.875
2014-10-27 00:00:00,2014297N11062,14.8,62.4,55.0,SCS,2.0
2014-10-27 03:00:00,2014297N11062,14.8,62.3,60.0,SCS,2.125
2014-10-27 06:00:00,2014297N11062,14.9,62.3,65.0,VSCS,2.25
2014-10-27 09:00:00,2014297N11062,14.9,62.2,65.0,VSCS,2.375
2014-10-27 12:00:00,2014297N11062,15.0,62.2,70.0,VSCS,2.5
2014-10-27 15:00:00,2014297N11062,15.1,62.1,70.0,VSCS,2.625
2014-10-27 18:00:00,2014297N11062,15.2,62.1,70.0,VSCS,2.75
2014-10-27 21:00:00,2014297N11062,15.4,61.8,75.0,VSCS,2.875
2014-10-28 00:00:00,2014297N11062,15.6,61.8,75.0,VSCS,3.0
2014-10-28 03:00:00,2014297N11062,15.8,61.7,75.0,VSCS,3.125
2014-10-28 06:00:00,2014297N11062,16.0,61.7,80.0,VSCS,3.25
2014-10-28 09:00:00,2014297N11062,16.3,61.7,90.0,VSCS,3.375
2014-10-28 12:00:00,2014297N11062,16.8,61.8,100.0,VSCS,3.5
2014-10-28 15:00:00,2014297N11062,17.2,61.8,105.0,VSCS,3.625
2014-10-28 18:00:00,2014297N11062,17.7,61.7,110.0,VSCS,3.75
2014-10-28 21:00:00,2014297N11062,17.9,61.7,110.0,VSCS,3.875
2014-10-29 00:00:00,2014297N11062,18.1,61.8,105.0,VSCS,4.0
2014-10-29 03:00:00,2014297N11062,18.5,61.8,100.0,VSCS,4.125
2014-10-29 06:00:00,2014297N11062,18.7,61.9,95.0,VSCS,4.25
2014-10-29 09:00:00,2014297N11062,18.8,62.0,90.0,VSCS,4.375
2014-10-29 12:00:00,2014297N11062,19.0,62.2,80.0,VSCS,4.5
2014-10-29 15:00:00,2014297N11062,19.2,62.5,70.0,VSCS,4.625
2014-10-29 18:00:00,2014297N11062,19.3,62.9,70.0,VSCS,4.75
2014-10-29 21:00:00,2014297N11062,19.4,63.2,60.0,SCS,4.875
2014-10-30 00:00:00,2014297N11062,19.6,63.6,60.0,SCS,5.0
2014-10-30 03:00:00,2014297N11062,19.8,63.9,50.0,SCS,5.125
2014-10-30 06:00:00,2014297N11062,20.1,64.2,45.0,SCS,5.25
2014-10-30 09:00:00,2014297N11062,20.1,64.4,40.0,CS,5.375
2014-10-30 12:00:00,2014297N11062,20.3,64.6,40.0,CS,5.5
2014-10-30 18:00:00,2014297N11062,20.5,64.8,35.0,CS,5.75
2014-10-30 21:00:00,2014297N11062,20.6,64.9,30.0,DD,5.875
2014-10-31 00:00:00,2014297N11062,20.7,65.0,25.0,D,6.0
2015-06-07 03:00:00,2015157N13069,15.3,68.5,25.0,D,0.0
2015-06-07 06:00:00,2015157N13069,15.5,68.4,25.0,D,0.125
2015-06-07 12:00:00,2015157N13069,16.2,68.3,25.0,D,0.375
2015-06-07 18:00:00,2015157N13069,16.9,68.3,25.0,D,0.625
2015-06-08 00:00:00,2015157N13069,17.7,67.6,30.0,DD,0.875
2015-06-08 03:00:00,2015157N13069,18.0,67.2,35.0,CS,1.0
2015-06-08 06:00:00,2015157N13069,18.0,67.0,35.0,CS,1.125
2015-06-08 09:00:00,2015157N13069,18.5,66.6,35.0,CS,1.25
2015-06-08 12:00:00,2015157N13069,18.7,66.4,35.0,CS,1.375
2015-06-08 15:00:00,2015157N13069,18.9,66.1,35.0,CS,1.5
2015-06-08 18:00:00,2015157N13069,19.3,65.7,35.0,CS,1.625
2015-06-08 21:00:00,2015157N13069,19.7,65.4,35.0,CS,1.75
2015-06-09 00:00:00,2015157N13069,20.1,65.1,35.0,CS,1.875
2015-06-09 03:00:00,2015157N13069,20.2,64.8,35.0,CS,2.0
2015-06-09 06:00:00,2015157N13069,20.5,64.4,35.0,CS,2.125
2015-06-09 09:00:00,2015157N13069,20.6,63.8,40.0,CS,2.25
2015-06-09 12:00:00,2015157N13069,21.0,63.3,40.0,CS,2.375
2015-06-09 15:00:00,2015157N13069,21.1,62.8,40.0,CS,2.5
2015-06-09 18:00:00,2015157N13069,21.1,62.6,45.0,CS,2.625
2015-06-09 21:00:00,2015157N13069,21.2,62.3,45.0,CS,2.75
2015-06-10 00:00:00,2015157N13069,21.2,62.0,45.0,CS,2.875
2015-06-10 03:00:00,2015157N13069,21.1,61.8,45.0,CS,3.0
2015-06-10 06:00:00,2015157N13069,21.1,61.6,45.0,CS,3.125
2015-06-10 09:00:00,2015157N13069,21.0,61.3,45.0,CS,3.25
2015-06-10 12:00:00,2015157N13069,21.0,61.3,45.0,CS,3.375
2015-06-10 15:00:00,2015157N13069,20.8,61.1,45.0,CS,3.5
2015-06-10 18:00:00,2015157N13069,20.8,61.1,45.0,CS,3.625
2015-06-10 21:00:00,2015157N13069,20.8,61.2,45.0,CS,3.75
2015-06-11 00:00:00,2015157N13069,20.8,60.9,40.0,CS,3.875
2015-06-11 03:00:00,2015157N13069,20.8,60.8,40.0,CS,4.0
2015-06-11 06:00:00,2015157N13069,20.8,60.6,35.0,CS,4.125
2015-06-11 09:00:00,2015157N13069,20.8,60.4,35.0,CS,4.25
2015-06-11 12:00:00,2015157N13069,20.8,60.2,35.0,CS,4.375
2015-06-11 15:00:00,2015157N13069,20.8,59.9,35.0,CS,4.5
2015-06-11 18:00:00,2015157N13069,20.8,59.9,30.0,DD,4.625
2015-06-12 00:00:00,2015157N13069,20.8,59.8,25.0,D,4.875
2015-06-12 03:00:00,2015157N13069,20.8,59.7,25.0,D,5.0
2015-06-12 06:00:00,2015157N13069,20.8,59.7,25.0,D,5.125
2015-10-28 03:00:00,2015301N11065,11.8,64.7,25.0,D,0.0
2015-10-28 06:00:00,2015301N11065,12.0,64.8,25.0,D,0.125
2015-10-28 12:00:00,2015301N11065,12.7,64.8,30.0,DD,0.375
2015-10-28 18:00:00,2015301N11065,13.1,64.6,30.0,DD,0.625
2015-10-29 00:00:00,2015301N11065,13.6,64.3,35.0,CS,0.875
2015-10-29 03:00:00,2015301N11065,13.7,64.1,40.0,CS,1.0
2015-10-29 06:00:00,2015301N11065,13.9,63.8,45.0,CS,1.125
2015-10-29 09:00:00,2015301N11065,14.0,63.5,50.0,SCS,1.25
2015-10-29 12:00:00,2015301N11065,14.2,63.2,55.0,SCS,1.375
2015-10-29 15:00:00,2015301N11065,14.3,62.8,60.0,SCS,1.5
2015-10-29 18:00:00,2015301N11065,14.3,62.5,65.0,VSCS,1.625
2015-10-29 21:00:00,2015301N11065,14.3,62.2,75.0,VSCS,1.75
2015-10-30 00:00:00,2015301N11065,14.3,61.8,90.0,ESCS,1.875
2015-10-30 03:00:00,2015301N11065,14.2,61.5,105.0,ESCS,2.0
2015-10-30 06:00:00,2015301N11065,14.2,61.1,110.0,ESCS,2.125
2015-10-30 09:00:00,2015301N11065,14.1,60.8,115.0,ESCS,2.25
2015-10-30 12:00:00,2015301N11065,14.1,60.6,115.0,ESCS,2.375
2015-10-30 15:00:00,2015301N11065,14.0,60.4,115.0,ESCS,2.5
2015-10-30 18:00:00,2015301N11065,13.9,60.2,115.0,ESCS,2.625
2015-10-30 21:00:00,2015301N11065,13.9,59.9,115.0,ESCS,2.75
2015-10-31 00:00:00,2015301N11065,13.8,59.6,110.0,ESCS,2.875
2015-10-31 03:00:00,2015301N11065,13.8,59.2,110.0,ESCS,3.0
2015-10-31 06:00:00,2015301N11065,13.8,58.7,105.0,ESCS,3.125
2015-10-31 09:00:00,2015301N11065,13.8,58.3,105.0,ESCS,3.25
2015-10-31 12:00:00,2015301N11065,13.8,57.9,105.0,ESCS,3.375
2015-10-31 15:00:00,2015301N11065,13.8,57.5,105.0,ESCS,3.5
2015-10-31 18:00:00,2015301N11065,13.8,57.2,105.0,ESCS,3.625
2015-10-31 21:00:00,2015301N11065,13.7,56.8,105.0,ESCS,3.75
2015-11-01 00:00:00,2015301N11065,13.7,56.4,105.0,ESCS,3.875
2015-11-01 03:00:00,2015301N11065,13.6,56.1,105.0,ESCS,4.0
2015-11-01 06:00:00,2015301N11065,13.6,55.7,100.0,ESCS,4.125
2015-11-01 09:00:00,2015301N11065,13.5,55.2,100.0,ESCS,4.25
2015-11-01 12:00:00,2015301N11065,13.6,54.7,100.0,ESCS,4.375
2015-11-01 15:00:00,2015301N11065,13.5,54.2,100.0,ESCS,4.5
2015-11-01 18:00:00,2015301N11065,13.4,53.7,100.0,ESCS,4.625
2015-11-01 21:00:00,2015301N11065,13.3,53.1,100.0,ESCS,4.75
2015-11-02 00:00:00,2015301N11065,13.2,52.6,100.0,ESCS,4.875
2015-11-02 03:00:00,2015301N11065,13.2,52.2,95.0,ESCS,5.0
2015-11-02 06:00:00,2015301N11065,13.3,51.6,90.0,ESCS,5.125
2015-11-02 09:00:00,2015301N11065,13.3,51.0,90.0,ESCS,5.25
2015-11-02 12:00:00,2015301N11065,13.4,50.6,85.0,VSCS,5.375
2015-11-02 15:00:00,2015301N11065,13.5,50.0,85.0,VSCS,5.5
2015-11-02 18:00:00,2015301N11065,13.7,49.6,80.0,VSCS,5.625
2015-11-02 21:00:00,2015301N11065,13.8,49.3,75.0,VSCS,5.75
2015-11-03 00:00:00,2015301N11065,14.0,48.9,65.0,VSCS,5.875
2015-11-03 03:00:00,2015301N11065,14.1,48.4,55.0,SCS,6.0
2015-11-03 06:00:00,2015301N11065,14.1,47.9,45.0,CS,6.125
2015-11-03 09:00:00,2015301N11065,14.1,47.6,40.0,CS,6.25
2015-11-03 12:00:00,2015301N11065,14.1,47.4,40.0,CS,6.375
2015-11-03 15:00:00,2015301N11065,14.2,47.2,40.0,CS,6.5
2015-11-03 18:00:00,2015301N11065,14.3,47.1,30.0,DD,6.625
2015-11-04 00:00:00,2015301N11065,14.8,46.5,25.0,D,6.875
2015-11-05 00:00:00,2015309N14067,14.1,65.8,25.0,D,0.0
2015-11-05 03:00:00,2015309N14067,14.1,65.4,25.0,D,0.125
2015-11-05 06:00:00,2015309N14067,14.0,64.8,30.0,DD,0.25
2015-11-05 12:00:00,2015309N14067,14.0,64.0,35.0,CS,0.5
2015-11-05 15:00:00,2015309N14067,13.9,63.6,40.0,CS,0.625
2015-11-05 18:00:00,2015309N14067,13.8,63.3,45.0,CS,0.75
2015-11-05 21:00:00,2015309N14067,13.7,62.9,45.0,CS,0.875
2015-11-06 00:00:00,2015309N14067,13.6,62.5,45.0,CS,1.0
2015-11-06 03:00:00,2015309N14067,13.4,62.2,45.0,CS,1.125
2015-11-06 06:00:00,2015309N14067,13.3,61.9,45.0,CS,1.25
2015-11-06 09:00:00,2015309N14067,13.1,61.6,45.0,CS,1.375
2015-11-06 12:00:00,2015309N14067,13.1,61.2,45.0,CS,1.5
2015-11-06 15:00:00,2015309N14067,12.9,60.9,45.0,CS,1.625
2015-11-06 18:00:00,2015309N14067,12.9,60.7,45.0,CS,1.75
2015-11-06 21:00:00,2015309N14067,12.8,60.4,45.0,CS,1.875
2015-11-07 00:00:00,2015309N14067,12.8,60.1,45.0,CS,2.0
2015-11-07 03:00:00,2015309N14067,12.8,59.6,45.0,CS,2.125
2015-11-07 06:00:00,2015309N14067,12.7,59.3,50.0,SCS,2.25
2015-11-07 09:00:00,2015309N14067,12.7,58.8,55.0,SCS,2.375
2015-11-07 12:00:00,2015309N14067,12.8,58.4,60.0,SCS,2.5
2015-11-07 15:00:00,2015309N14067,12.7,57.9,65.0,VSCS,2.625
2015-11-07 18:00:00,2015309N14067,12.8,57.3,70.0,VSCS,2.75
2015-11-07 21:00:00,2015309N14067,12.7,56.7,80.0,VSCS,2.875
2015-11-08 00:00:00,2015309N14067,12.7,56.1,85.0,VSCS,3.0
2015-11-08 03:00:00,2015309N14067,12.7,55.5,90.0,ESCS,3.125
2015-11-08 06:00:00,2015309N14067,12.7,54.9,95.0,ESCS,3.25
2015-11-08 09:00:00,2015309N14067,12.7,54.2,95.0,ESCS,3.375
2015-11-08 12:00:00,2015309N14067,12.7,53.5,90.0,ESCS,3.5
2015-11-08 15:00:00,2015309N14067,12.6,52.8,90.0,ESCS,3.625
2015-11-08 18:00:00,2015309N14067,12.5,52.3,90.0,ESCS,3.75
2015-11-08 21:00:00,2015309N14067,12.4,51.6,90.0,ESCS,3.875
2015-11-09 00:00:00,2015309N14067,12.3,50.9,85.0,VSCS,4.0
2015-11-09 03:00:00,2015309N14067,12.2,50.2,80.0,VSCS,4.125
2015-11-09 06:00:00,2015309N14067,12.3,49.6,80.0,VSCS,4.25
2015-11-09 09:00:00,2015309N14067,12.3,48.9,75.0,VSCS,4.375
2015-11-09 12:00:00,2015309N14067,12.5,48.3,70.0,VSCS,4.5
2015-11-09 15:00:00,2015309N14067,12.5,48.0,65.0,VSCS,4.625
2015-11-09 18:00:00,2015309N14067,12.6,47.6,65.0,VSCS,4.75
2015-11-09 21:00:00,2015309N14067,12.7,47.3,60.0,SCS,4.875
2015-11-10 00:00:00,2015309N14067,12.9,47.0,50.0,SCS,5.0
2015-11-10 03:00:00,2015309N14067,13.0,46.8,40.0,CS,5.125
2015-11-10 06:00:00,2015309N14067,13.3,46.6,30.0,DD,5.25
2017-11-30 03:00:00,2017333N06082,7.5,77.4,35.0,CS,0.0
2017-11-30 06:00:00,2017333N06082,7.8,76.8,40.0,CS,0.125
2017-11-30 09:00:00,2017333N06082,7.9,76.3,45.0,CS,0.25
2017-11-30 12:00:00,2017333N06082,8.2,75.8,45.0,CS,0.375
2017-11-30 15:00:00,2017333N06082,8.3,75.4,45.0,CS,0.5
2017-11-30 18:00:00,2017333N06082,8.5,74.9,45.0,CS,0.625
2017-11-30 21:00:00,2017333N06082,8.6,74.5,45.0,CS,0.75
2017-12-01 00:00:00,2017333N06082,8.8,74.1,50.0,SCS,0.875
2017-12-01 03:00:00,2017333N06082,8.8,73.8,55.0,SCS,1.0
2017-12-01 06:00:00,2017333N06082,8.9,73.4,60.0,SCS,1.125
2017-12-01 09:00:00,2017333N06082,8.9,73.0,65.0,VSCS,1.25
2017-12-01 12:00:00,2017333N06082,9.0,72.8,65.0,VSCS,1.375
2017-12-01 15:00:00,2017333N06082,9.1,72.5,65.0,VSCS,1.5
2017-12-01 18:00:00,2017333N06082,9.2,72.1,70.0,VSCS,1.625
2017-12-01 21:00:00,2017333N06082,9.3,71.8,75.0,VSCS,1.75
2017-12-02 00:00:00,2017333N06082,9.5,71.5,80.0,VSCS,1.875
2017-12-02 03:00:00,2017333N06082,9.6,71.2,80.0,VSCS,2.0
2017-12-02 06:00:00,2017333N06082,9.8,71.0,85.0,VSCS,2.125
2017-12-02 09:00:00,2017333N06082,10.2,70.6,85.0,VSCS,2.25
2017-12-02 12:00:00,2017333N06082,10.5,70.3,85.0,VSCS,2.375
2017-12-02 15:00:00,2017333N06082,10.7,70.0,85.0,VSCS,2.5
2017-12-02 18:00:00,2017333N06082,11.0,69.7,85.0,VSCS,2.625
2017-12-02 21:00:00,2017333N06082,11.2,69.5,85.0,VSCS,2.75
2017-12-03 00:00:00,2017333N06082,11.5,69.3,85.0,VSCS,2.875
2017-12-03 03:00:00,2017333N06082,11.9,69.0,80.0,VSCS,3.0
2017-12-03 06:00:00,2017333N06082,12.2,68.9,75.0,VSCS,3.125
2017-12-03 09:00:00,2017333N06082,12.4,68.8,75.0,VSCS,3.25
2017-12-03 12:00:00,2017333N06082,12.9,68.7,75.0,VSCS,3.375
2017-12-03 15:00:00,2017333N06082,13.1,68.6,75.0,VSCS,3.5
2017-12-03 18:00:00,2017333N06082,13.5,68.5,75.0,VSCS,3.625
2017-12-03 21:00:00,2017333N06082,13.9,68.5,75.0,VSCS,3.75
2017-12-04 00:00:00,2017333N06082,14.3,68.5,70.0,VSCS,3.875
2017-12-04 03:00:00,2017333N06082,14.5,68.5,65.0,VSCS,4.0
2017-12-04 06:00:00,2017333N06082,14.8,68.7,65.0,VSCS,4.125
2017-12-04 09:00:00,2017333N06082,15.1,69.0,65.0,VSCS,4.25
2017-12-04 12:00:00,2017333N06082,15.6,69.2,60.0,VSCS,4.375
2017-12-04 15:00:00,2017333N06082,16.1,69.5,60.0,VSCS,4.5
2017-12-04 18:00:00,2017333N06082,16.6,69.9,55.0,SCS,4.625
2017-12-04 21:00:00,2017333N06082,17.0,70.3,55.0,SCS,4.75
2017-12-05 00:00:00,2017333N06082,17.5,70.7,50.0,SCS,4.875
2017-12-05 03:00:00,2017333N06082,17.9,71.0,45.0,CS,5.0
2017-12-05 06:00:00,2017333N06082,18.2,71.2,40.0,CS,5.125
2017-12-05 09:00:00,2017333N06082,18.3,71.4,30.0,DD,5.25
2017-12-05 15:00:00,2017333N06082,18.8,71.6,25.0,D,5.5
2017-12-05 18:00:00,2017333N06082,19.2,71.9,20.0,D,5.625
2018-05-16 12:00:00,2018136N11054,13.1,50.5,25.0,D,0.0
2018-05-16 18:00:00,2018136N11054,13.2,49.7,30.0,D,0.25
2018-05-17 00:00:00,2018136N11054,13.2,49.2,30.0,DD,0.5
2018-05-17 03:00:00,2018136N11054,13.2,48.9,35.0,CS,0.625
2018-05-17 06:00:00,2018136N11054,13.1,48.7,35.0,CS,0.75
2018-05-17 09:00:00,2018136N11054,13.1,48.4,35.0,CS,0.875
2018-05-17 12:00:00,2018136N11054,13.0,48.1,40.0,CS,1.0
2018-05-17 15:00:00,2018136N11054,12.9,47.7,40.0,CS,1.125
2018-05-17 18:00:00,2018136N11054,12.6,47.3,40.0,CS,1.25
2018-05-17 21:00:00,2018136N11054,12.4,46.9,40.0,CS,1.375
2018-05-18 00:00:00,2018136N11054,12.2,46.5,45.0,CS,1.5
2018-05-18 03:00:00,2018136N11054,12.0,46.2,45.0,CS,1.625
2018-05-18 06:00:00,2018136N11054,11.9,46.0,45.0,CS,1.75
2018-05-18 09:00:00,2018136N11054,11.7,45.6,45.0,CS,1.875
2018-05-18 12:00:00,2018136N11054,11.5,45.5,45.0,CS,2.0
2018-05-18 15:00:00,2018136N11054,11.4,45.3,45.0,CS,2.125
2018-05-18 18:00:00,2018136N11054,11.3,45.1,45.0,CS,2.25
2018-05-18 21:00:00,2018136N11054,11.1,45.0,45.0,CS,2.375
2018-05-19 00:00:00,2018136N11054,11.0,44.8,45.0,CS,2.5
2018-05-19 03:00:00,2018136N11054,10.8,44.5,45.0,CS,2.625
2018-05-19 06:00:00,2018136N11054,10.7,44.2,40.0,CS,2.75
2018-05-19 09:00:00,2018136N11054,10.5,44.0,40.0,CS,2.875
2018-05-19 12:00:00,2018136N11054,10.4,43.8,35.0,CS,3.0
2018-05-19 18:00:00,2018136N11054,10.1,43.4,30.0,DD,3.25
2018-05-20 00:00:00,2018136N11054,10.0,42.9,25.0,D,3.5
2018-05-21 12:00:00,2018136N11054,8.4,58.4,25.0,D,5.0
2018-05-21 18:00:00,2018136N11054,8.7,57.9,25.0,D,5.25
2018-05-22 00:00:00,2018136N11054,9.1,57.5,25.0,D,5.5
2018-05-22 03:00:00,2018136N11054,9.3,57.3,30.0,DD,5.625
2018-05-22 06:00:00,2018136N11054,9.6,57.1,30.0,DD,5.75
2018-05-22 12:00:00,2018136N11054,10.2,56.8,35.0,CS,6.0
2018-05-22 15:00:00,2018136N11054,10.5,56.6,35.0,CS,6.125
2018-05-22 18:00:00,2018136N11054,10.7,56.4,40.0,CS,6.25
2018-05-22 21:00:00,2018136N11054,10.8,56.2,40.0,CS,6.375
2018-05-23 00:00:00,2018136N11054,11.0,56.1,45.0,CS,6.5
2018-05-23 03:00:00,2018136N11054,11.2,56.0,55.0,SCS,6.625
2018-05-23 06:00:00,2018136N11054,11.4,56.1,60.0,SCS,6.75
2018-05-23 09:00:00,2018136N11054,11.7,56.0,65.0,VSCS,6.875
2018-05-23 12:00:00,2018136N11054,12.0,56.0,65.0,VSCS,7.0
2018-05-23 15:00:00,2018136N11054,12.3,55.9,70.0,VSCS,7.125
2018-05-23 18:00:00,2018136N11054,12.5,55.8,70.0,VSCS,7.25
2018-05-23 21:00:00,2018136N11054,12.8,55.7,70.0,VSCS,7.375
2018-05-24 00:00:00,2018136N11054,13.0,55.7,70.0,VSCS,7.5
2018-05-24 03:00:00,2018136N11054,13.3,55.5,75.0,VSCS,7.625
2018-05-24 06:00:00,2018136N11054,13.7,55.5,80.0,VSCS,7.75
2018-05-24 09:00:00,2018136N11054,14.0,55.4,80.0,VSCS,7.875
2018-05-24 12:00:00,2018136N11054,14.3,55.3,80.0,VSCS,8.0
2018-05-24 15:00:00,2018136N11054,14.6,55.2,80.0,VSCS,8.125
2018-05-24 18:00:00,2018136N11054,14.9,54.9,80.0,VSCS,8.25
2018-05-24 21:00:00,2018136N11054,15.1,54.7,80.0,VSCS,8.375
2018-05-25 00:00:00,2018136N11054,15.2,54.6,85.0,VSCS,8.5
2018-05-25 03:00:00,2018136N11054,15.4,54.6,90.0,ESCS,8.625
2018-05-25 06:00:00,2018136N11054,15.8,54.5,90.0,ESCS,8.75
2018-05-25 09:00:00,2018136N11054,16.1,54.4,90.0,ESCS,8.875
2018-05-25 12:00:00,2018136N11054,16.3,54.3,95.0,ESCS,9.0
2018-05-25 15:00:00,2018136N11054,16.5,54.1,95.0,ESCS,9.125
2018-05-25 18:00:00,2018136N11054,16.7,53.9,95.0,ESCS,9.25
2018-05-25 21:00:00,2018136N11054,17.0,53.6,90.0,ESCS,9.375
2018-05-26 00:00:00,2018136N11054,17.2,53.5,75.0,VSCS,9.5
2018-05-26 03:00:00,2018136N11054,17.5,53.4,60.0,SCS,9.625
2018-05-26 06:00:00,2018136N11054,17.8,53.3,50.0,SCS,9.75
2018-05-26 09:00:00,2018136N11054,18.2,53.2,45.0,CS,9.875
2018-05-26 12:00:00,2018136N11054,18.5,53.1,40.0,CS,10.0
2018-05-26 15:00:00,2018136N11054,18.6,52.9,35.0,CS,10.125
2018-05-26 18:00:00,2018136N11054,18.8,52.7,30.0,DD,10.25
2018-05-27 00:00:00,2018136N11054,19.0,52.4,25.0,D,10.5
2018-10-06 09:00:00,2018279N11069,11.0,66.9,25.0,D,0.0
2018-10-06 12:00:00,2018279N11069,11.1,66.8,25.0,D,0.125
2018-10-06 18:00:00,2018279N11069,11.4,66.4,25.0,D,0.375
2018-10-07 00:00:00,2018279N11069,11.5,66.0,25.0,D,0.625
2018-10-07 03:00:00,2018279N11069,11.7,65.7,25.0,D,0.75
2018-10-07 06:00:00,2018279N11069,11.8,65.3,25.0,D,0.875
2018-10-07 09:00:00,2018279N11069,11.8,64.8,30.0,DD,1.0
2018-10-07 12:00:00,2018279N11069,12.0,64.3,30.0,DD,1.125
2018-10-07 18:00:00,2018279N11069,12.0,63.5,30.0,DD,1.375
2018-10-08 00:00:00,2018279N11069,12.1,62.5,35.0,CS,1.625
2018-10-08 03:00:00,2018279N11069,12.1,62.1,40.0,CS,1.75
2018-10-08 06:00:00,2018279N11069,12.2,61.9,40.0,CS,1.875
2018-10-08 09:00:00,2018279N11069,12.3,61.6,45.0,CS,2.0
2018-10-08 12:00:00,2018279N11069,12.4,61.3,45.0,CS,2.125
2018-10-08 15:00:00,2018279N11069,12.5,61.1,45.0,CS,2.25
2018-10-08 18:00:00,2018279N11069,12.6,60.9,45.0,CS,2.375
2018-10-08 21:00:00,2018279N11069,12.7,60.6,45.0,CS,2.5
2018-10-09 00:00:00,2018279N11069,12.8,60.5,45.0,CS,2.625
2018-10-09 03:00:00,2018279N11069,12.9,60.4,45.0,CS,2.75
2018-10-09 06:00:00,2018279N11069,13.0,60.4,45.0,CS,2.875
2018-10-09 09:00:00,2018279N11069,13.1,60.3,50.0,SCS,3.0
2018-10-09 12:00:00,2018279N11069,13.2,60.1,55.0,SCS,3.125
2018-10-09 15:00:00,2018279N11069,13.4,59.8,55.0,SCS,3.25
2018-10-09 18:00:00,2018279N11069,13.6,59.6,55.0,SCS,3.375
2018-10-09 21:00:00,2018279N11069,13.7,59.3,60.0,SCS,3.5
2018-10-10 00:00:00,2018279N11069,14.0,59.2,65.0,VSCS,3.625
2018-10-10 03:00:00,2018279N11069,14.1,59.1,65.0,VSCS,3.75
2018-10-10 06:00:00,2018279N11069,14.2,59.0,75.0,VSCS,3.875
2018-10-10 09:00:00,2018279N11069,14.4,58.7,75.0,VSCS,4.0
2018-10-10 12:00:00,2018279N11069,14.4,58.6,75.0,VSCS,4.125
2018-10-10 15:00:00,2018279N11069,14.5,58.5,75.0,VSCS,4.25
2018-10-10 18:00:00,2018279N11069,14.5,58.4,75.0,VSCS,4.375
2018-10-10 21:00:00,2018279N11069,14.5,58.4,75.0,VSCS,4.5
2018-10-11 00:00:00,2018279N11069,14.6,58.2,75.0,VSCS,4.625
2018-10-11 03:00:00,2018279N11069,14.4,58.0,70.0,VSCS,4.75
2018-10-11 06:00:00,2018279N11069,14.5,57.9,70.0,VSCS,4.875
2018-10-11 09:00:00,2018279N11069,14.5,57.9,70.0,VSCS,5.0
2018-10-11 12:00:00,2018279N11069,14.5,57.8,70.0,VSCS,5.125
2018-10-11 15:00:00,2018279N11069,14.5,57.8,70.0,VSCS,5.25
2018-10-11 18:00:00,2018279N11069,14.6,57.7,70.0,VSCS,5.375
2018-10-11 21:00:00,2018279N11069,14.7,57.7,65.0,VSCS,5.5
2018-10-12 00:00:00,2018279N11069,14.7,57.6,60.0,VSCS,5.625
2018-10-12 03:00:00,2018279N11069,14.6,57.5,55.0,SCS,5.75
2018-10-12 06:00:00,2018279N11069,14.7,57.4,50.0,SCS,5.875
2018-10-12 09:00:00,2018279N11069,14.6,57.2,50.0,SCS,6.0
2018-10-12 12:00:00,2018279N11069,14.7,57.0,50.0,SCS,6.125
2018-10-12 15:00:00,2018279N11069,14.7,56.8,50.0,SCS,6.25
2018-10-12 18:00:00,2018279N11069,14.8,56.5,45.0,CS,6.375
2018-10-12 21:00:00,2018279N11069,14.8,56.2,45.0,CS,6.5
2018-10-13 00:00:00,2018279N11069,14.8,55.9,45.0,CS,6.625
2018-10-13 03:00:00,2018279N11069,14.8,55.6,40.0,CS,6.75
2018-10-13 06:00:00,2018279N11069,14.9,55.3,40.0,CS,6.875
2018-10-13 09:00:00,2018279N11069,14.9,54.9,40.0,CS,7.0
2018-10-13 12:00:00,2018279N11069,14.9,54.5,40.0,CS,7.125
2018-10-13 15:00:00,2018279N11069,14.9,54.1,40.0,CS,7.25
2018-10-13 18:00:00,2018279N11069,15.1,53.7,40.0,CS,7.375
2018-10-13 21:00:00,2018279N11069,15.2,53.3,40.0,CS,7.5
2018-10-14 00:00:00,2018279N11069,15.4,52.8,40.0,CS,7.625
2018-10-14 03:00:00,2018279N11069,15.6,52.5,40.0,CS,7.75
2018-10-14 06:00:00,2018279N11069,15.9,52.2,35.0,CS,7.875
2018-10-14 09:00:00,2018279N11069,15.9,51.8,30.0,DD,8.0
2018-10-14 12:00:00,2018279N11069,16.0,51.4,30.0,DD,8.125
2018-10-14 18:00:00,2018279N11069,16.3,50.8,25.0,D,8.375
2018-10-15 00:00:00,2018279N11069,16.2,49.0,25.0,D,8.625
2019-06-10 00:00:00,2019160N11073,12.0,71.0,25.0,D,0.0
2019-06-10 03:00:00,2019160N11073,12.4,70.9,25.0,D,0.125
2019-06-10 06:00:00,2019160N11073,12.6,70.8,30.0,DD,0.25
2019-06-10 12:00:00,2019160N11073,13.3,70.7,30.0,DD,0.5
2019-06-10 18:00:00,2019160N11073,13.9,70.6,35.0,CS,0.75
2019-06-10 21:00:00,2019160N11073,14.2,70.6,35.0,CS,0.875
2019-06-11 00:00:00,2019160N11073,14.6,70.7,40.0,CS,1.0
2019-06-11 03:00:00,2019160N11073,14.9,70.7,40.0,CS,1.125
2019-06-11 06:00:00,2019160N11073,15.2,70.8,45.0,CS,1.25
2019-06-11 09:00:00,2019160N11073,15.6,70.8,45.0,CS,1.375
2019-06-11 12:00:00,2019160N11073,16.1,70.8,55.0,SCS,1.5
2019-06-11 15:00:00,2019160N11073,16.6,70.7,60.0,SCS,1.625
2019-06-11 18:00:00,2019160N11073,17.0,70.6,65.0,VSCS,1.75
2019-06-11 21:00:00,2019160N11073,17.4,70.5,70.0,VSCS,1.875
2019-06-12 00:00:00,2019160N11073,17.7,70.3,75.0,VSCS,2.0
2019-06-12 03:00:00,2019160N11073,18.0,70.2,75.0,VSCS,2.125
2019-06-12 06:00:00,2019160N11073,18.4,70.0,75.0,VSCS,2.25
2019-06-12 09:00:00,2019160N11073,18.8,69.9,80.0,VSCS,2.375
2019-06-12 12:00:00,2019160N11073,19.1,69.9,80.0,VSCS,2.5
2019-06-12 15:00:00,2019160N11073,19.4,69.8,80.0,VSCS,2.625
2019-06-12 18:00:00,2019160N11073,19.7,69.7,80.0,VSCS,2.75
2019-06-12 21:00:00,2019160N11073,19.9,69.6,80.0,VSCS,2.875
2019-06-13 00:00:00,2019160N11073,20.1,69.6,80.0,VSCS,3.0
2019-06-13 03:00:00,2019160N11073,20.3,69.5,80.0,VSCS,3.125
2019-06-13 06:00:00,2019160N11073,20.5,69.4,80.0,VSCS,3.25
2019-06-13 09:00:00,2019160N11073,20.7,69.2,80.0,VSCS,3.375
2019-06-13 12:00:00,2019160N11073,20.8,69.1,80.0,VSCS,3.5
2019-06-13 15:00:00,2019160N11073,20.9,68.9,80.0,VSCS,3.625
2019-06-13 18:00:00,2019160N11073,20.9,68.9,80.0,VSCS,3.75
2019-06-13 21:00:00,2019160N11073,20.9,68.7,80.0,VSCS,3.875
2019-06-14 00:00:00,2019160N11073,21.0,68.6,80.0,VSCS,4.0
2019-06-14 03:00:00,2019160N11073,21.0,68.4,75.0,VSCS,4.125
2019-06-14 06:00:00,2019160N11073,21.0,68.4,75.0,VSCS,4.25
2019-06-14 09:00:00,2019160N11073,20.9,68.3,75.0,VSCS,4.375
2019-06-14 12:00:00,2019160N11073,20.8,68.2,70.0,VSCS,4.5
2019-06-14 15:00:00,2019160N11073,20.8,68.1,70.0,VSCS,4.625
2019-06-14 18:00:00,2019160N11073,20.8,67.9,65.0,VSCS,4.75
2019-06-14 21:00:00,2019160N11073,20.7,67.7,65.0,VSCS,4.875
2019-06-15 00:00:00,2019160N11073,20.7,67.5,65.0,VSCS,5.0
2019-06-15 03:00:00,2019160N11073,20.6,67.3,65.0,VSCS,5.125
2019-06-15 06:00:00,2019160N11073,20.6,66.9,65.0,VSCS,5.25
2019-06-15 09:00:00,2019160N11073,20.6,66.7,65.0,VSCS,5.375
2019-06-15 12:00:00,2019160N11073,20.7,66.4,65.0,VSCS,5.5
2019-06-15 15:00:00,2019160N11073,20.7,66.2,65.0,VSCS,5.625
2019-06-15 18:00:00,2019160N11073,20.7,66.0,65.0,VSCS,5.75
2019-06-15 21:00:00,2019160N11073,20.7,65.8,65.0,VSCS,5.875
2019-06-16 00:00:00,2019160N11073,20.8,65.5,60.0,SCS,6.0
2019-06-16 03:00:00,2019160N11073,20.8,65.2,55.0,SCS,6.125
2019-06-16 06:00:00,2019160N11073,20.8,65.1,55.0,SCS,6.25
2019-06-16 09:00:00,2019160N11073,20.7,65.1,55.0,SCS,6.375
2019-06-16 12:00:00,2019160N11073,20.8,65.2,50.0,SCS,6.5
2019-06-16 15:00:00,2019160N11073,20.8,65.6,45.0,CS,6.625
2019-06-16 18:00:00,2019160N11073,21.1,66.1,40.0,CS,6.75
2019-06-16 21:00:00,2019160N11073,21.4,66.4,40.0,CS,6.875
2019-06-17 00:00:00,2019160N11073,21.7,66.6,35.0,CS,7.0
2019-06-17 03:00:00,2019160N11073,21.8,66.8,30.0,DD,7.125
2019-06-17 06:00:00,2019160N11073,21.9,67.0,30.0,DD,7.25
2019-06-17 09:00:00,2019160N11073,22.2,67.4,25.0,D,7.375
2019-06-17 12:00:00,2019160N11073,22.5,67.9,20.0,D,7.5
2019-09-22 03:00:00,2019264N19071,19.8,69.2,25.0,D,0.0
2019-09-22 06:00:00,2019264N19071,20.0,68.9,25.0,D,0.125
2019-09-22 12:00:00,2019264N19071,20.4,68.1,30.0,DD,0.375
2019-09-22 18:00:00,2019264N19071,20.4,67.1,30.0,DD,0.625
2019-09-23 00:00:00,2019264N19071,20.4,66.1,35.0,CS,0.875
2019-09-23 03:00:00,2019264N19071,20.3,65.5,40.0,CS,1.0
2019-09-23 06:00:00,2019264N19071,20.3,64.9,45.0,CS,1.125
2019-09-23 09:00:00,2019264N19071,20.2,64.1,55.0,SCS,1.25
2019-09-23 12:00:00,2019264N19071,20.2,63.6,55.0,SCS,1.375
2019-09-23 15:00:00,2019264N19071,20.2,62.9,55.0,SCS,1.5
2019-09-23 18:00:00,2019264N19071,20.2,62.3,60.0,SCS,1.625
2019-09-23 21:00:00,2019264N19071,20.2,61.6,60.0,SCS,1.75
2019-09-24 00:00:00,2019264N19071,20.1,61.0,70.0,VSCS,1.875
2019-09-24 03:00:00,2019264N19071,20.1,60.3,75.0,VSCS,2.0
2019-09-24 06:00:00,2019264N19071,20.0,59.6,75.0,VSCS,2.125
2019-09-24 09:00:00,2019264N19071,19.9,58.9,75.0,VSCS,2.25
2019-09-24 12:00:00,2019264N19071,19.8,58.3,75.0,VSCS,2.375
2019-09-24 15:00:00,2019264N19071,19.7,57.6,60.0,SCS,2.5
2019-09-24 18:00:00,2019264N19071,19.7,57.1,55.0,SCS,2.625
2019-09-24 21:00:00,2019264N19071,19.6,56.5,45.0,CS,2.75
2019-09-25 00:00:00,2019264N19071,19.6,56.0,35.0,CS,2.875
2019-09-25 03:00:00,2019264N19071,19.4,55.5,30.0,DD,3.0
2019-09-25 06:00:00,2019264N19071,19.2,55.0,25.0,D,3.125
2019-10-24 03:00:00,2019296N15066,15.3,70.6,25.0,D,0.0
2019-10-24 06:00:00,2019296N15066,15.2,70.7,25.0,D,0.125
2019-10-24 12:00:00,2019296N15066,15.5,71.0,30.0,DD,0.375
2019-10-24 18:00:00,2019296N15066,15.6,71.3,30.0,DD,0.625
2019-10-25 00:00:00,2019296N15066,15.8,71.6,40.0,CS,0.875
2019-10-25 03:00:00,2019296N15066,15.9,71.7,40.0,CS,1.0
2019-10-25 06:00:00,2019296N15066,16.0,71.8,45.0,CS,1.125
2019-10-25 09:00:00,2019296N15066,16.1,71.8,45.0,CS,1.25
2019-10-25 12:00:00,2019296N15066,16.3,71.8,50.0,SCS,1.375
2019-10-25 15:00:00,2019296N15066,16.3,71.7,55.0,SCS,1.5
2019-10-25 18:00:00,2019296N15066,16.5,71.5,55.0,SCS,1.625
2019-10-25 21:00:00,2019296N15066,16.5,71.1,60.0,SCS,1.75
2019-10-26 00:00:00,2019296N15066,16.6,70.8,65.0,VSCS,1.875
2019-10-26 03:00:00,2019296N15066,16.6,70.4,65.0,VSCS,2.0
2019-10-26 06:00:00,2019296N15066,16.6,70.0,75.0,VSCS,2.125
2019-10-26 09:00:00,2019296N15066,16.6,69.7,80.0,VSCS,2.25
2019-10-26 12:00:00,2019296N15066,16.7,69.4,85.0,VSCS,2.375
2019-10-26 15:00:00,2019296N15066,16.7,69.1,90.0,ESCS,2.5
2019-10-26 18:00:00,2019296N15066,16.8,68.9,105.0,ESCS,2.625
2019-10-26 21:00:00,2019296N15066,16.9,68.5,110.0,ESCS,2.75
2019-10-27 00:00:00,2019296N15066,17.0,68.2,120.0,SuCS,2.875
2019-10-27 03:00:00,2019296N15066,17.1,67.8,125.0,SuCS,3.0
2019-10-27 06:00:00,2019296N15066,17.3,67.4,125.0,SuCS,3.125
2019-10-27 09:00:00,2019296N15066,17.4,67.1,130.0,SuCS,3.25
2019-10-27 12:00:00,2019296N15066,17.5,66.8,130.0,SuCS,3.375
2019-10-27 15:00:00,2019296N15066,17.6,66.5,130.0,SuCS,3.5
2019-10-27 18:00:00,2019296N15066,17.8,66.3,130.0,SuCS,3.625
2019-10-27 21:00:00,2019296N15066,18.0,65.8,125.0,SuCS,3.75
2019-10-28 00:00:00,2019296N15066,18.2,65.5,125.0,SuCS,3.875
2019-10-28 03:00:00,2019296N15066,18.2,65.1,125.0,SuCS,4.0
2019-10-28 06:00:00,2019296N15066,18.3,64.8,125.0,SuCS,4.125
2019-10-28 09:00:00,2019296N15066,18.4,64.5,125.0,SuCS,4.25
2019-10-28 12:00:00,2019296N15066,18.5,64.4,125.0,SuCS,4.375
2019-10-28 15:00:00,2019296N15066,18.7,64.1,125.0,SuCS,4.5
2019-10-28 18:00:00,2019296N15066,18.8,64.0,125.0,SuCS,4.625
2019-10-28 21:00:00,2019296N15066,18.9,63.8,125.0,SuCS,4.75
2019-10-29 00:00:00,2019296N15066,19.1,63.6,120.0,SuCS,4.875
2019-10-29 03:00:00,2019296N15066,19.2,63.4,115.0,ESCS,5.0
2019-10-29 06:00:00,2019296N15066,19.4,63.3,110.0,ESCS,5.125
2019-10-29 09:00:00,2019296N15066,19.5,63.1,105.0,ESCS,5.25
2019-10-29 12:00:00,2019296N15066,19.6,63.1,100.0,ESCS,5.375
2019-10-29 15:00:00,2019296N15066,19.6,62.9,100.0,ESCS,5.5
2019-10-29 18:00:00,2019296N15066,19.6,62.8,95.0,ESCS,5.625
2019-10-29 21:00:00,2019296N15066,19.6,62.5,90.0,ESCS,5.75
2019-10-30 00:00:00,2019296N15066,19.6,62.3,85.0,VSCS,5.875
2019-10-30 03:00:00,2019296N15066,19.5,62.1,80.0,VSCS,6.0
2019-10-30 06:00:00,2019296N15066,19.3,61.8,75.0,VSCS,6.125
2019-10-30 09:00:00,2019296N15066,19.2,61.6,70.0,VSCS,6.25
2019-10-30 12:00:00,2019296N15066,18.9,61.4,65.0,VSCS,6.375
2019-10-30 15:00:00,2019296N15066,18.9,61.1,60.0,SCS,6.5
2019-10-30 18:00:00,2019296N15066,18.7,60.8,55.0,SCS,6.625
2019-10-30 21:00:00,2019296N15066,18.5,60.5,55.0,SCS,6.75
2019-10-31 00:00:00,2019296N15066,18.3,60.4,50.0,SCS,6.875
2019-10-31 03:00:00,2019296N15066,18.0,60.1,45.0,CS,7.0
2019-10-31 06:00:00,2019296N15066,17.7,60.0,40.0,CS,7.125
2019-10-31 09:00:00,2019296N15066,17.5,59.9,40.0,CS,7.25
2019-10-31 12:00:00,2019296N15066,17.4,59.9,35.0,CS,7.375
2019-10-31 15:00:00,2019296N15066,17.2,59.7,30.0,DD,7.5
2019-10-31 18:00:00,2019296N15066,16.9,59.6,30.0,DD,7.625
2019-10-31 21:00:00,2019296N15066,16.7,59.5,30.0,DD,7.75
2019-11-01 00:00:00,2019296N15066,16.5,59.3,25.0,D,7.875
2019-11-01 03:00:00,2019296N15066,16.2,59.0,25.0,D,8.0
2019-11-01 06:00:00,2019296N15066,16.0,58.6,25.0,D,8.125
2019-11-01 09:00:00,2019296N15066,15.7,58.2,25.0,D,8.25
2019-11-01 12:00:00,2019296N15066,15.4,57.6,25.0,D,8.375
2019-11-01 15:00:00,2019296N15066,14.9,57.4,25.0,D,8.5
2019-11-01 18:00:00,2019296N15066,14.4,57.1,25.0,D,8.625
2019-11-01 21:00:00,2019296N15066,14.0,56.6,25.0,D,8.75
2019-11-02 00:00:00,2019296N15066,13.8,56.1,25.0,D,8.875
2019-11-02 03:00:00,2019296N15066,13.6,55.2,25.0,D,9.0
2019-11-02 06:00:00,2019296N15066,13.3,54.3,25.0,D,9.125
2019-11-02 09:00:00,2019296N15066,12.9,53.8,25.0,D,9.25
2019-11-02 12:00:00,2019296N15066,12.6,53.0,20.0,D,9.375
2019-10-30 00:00:00,2019301N05081,7.4,75.7,25.0,D,0.0
2019-10-30 03:00:00,2019301N05081,8.0,75.1,25.0,D,0.125
2019-10-30 06:00:00,2019301N05081,8.3,74.9,25.0,D,0.25
2019-10-30 09:00:00,2019301N05081,8.7,74.5,30.0,DD,0.375
2019-10-30 12:00:00,2019301N05081,9.3,74.1,35.0,CS,0.5
2019-10-30 15:00:00,2019301N05081,9.8,73.8,40.0,CS,0.625
2019-10-30 18:00:00,2019301N05081,10.3,73.4,40.0,CS,0.75
2019-10-30 21:00:00,2019301N05081,10.7,73.3,40.0,CS,0.875
2019-10-31 00:00:00,2019301N05081,11.1,73.3,45.0,CS,1.0
2019-10-31 03:00:00,2019301N05081,11.6,73.1,45.0,CS,1.125
2019-10-31 06:00:00,2019301N05081,12.0,73.1,50.0,SCS,1.25
2019-10-31 09:00:00,2019301N05081,12.5,73.1,50.0,SCS,1.375
2019-10-31 12:00:00,2019301N05081,13.0,72.9,50.0,SCS,1.5
2019-10-31 15:00:00,2019301N05081,13.5,72.6,55.0,SCS,1.625
2019-10-31 18:00:00,2019301N05081,13.9,72.3,55.0,SCS,1.75
2019-10-31 21:00:00,2019301N05081,14.1,72.0,55.0,SCS,1.875
2019-11-01 00:00:00,2019301N05081,14.6,71.6,55.0,SCS,2.0
2019-11-01 03:00:00,2019301N05081,14.8,70.9,55.0,SCS,2.125
2019-11-01 06:00:00,2019301N05081,15.2,70.4,55.0,SCS,2.25
2019-11-01 09:00:00,2019301N05081,15.3,70.0,55.0,SCS,2.375
2019-11-01 12:00:00,2019301N05081,15.5,69.7,50.0,SCS,2.5
2019-11-01 15:00:00,2019301N05081,15.7,69.4,50.0,SCS,2.625
2019-11-01 18:00:00,2019301N05081,15.9,69.1,50.0,SCS,2.75
2019-11-01 21:00:00,2019301N05081,16.0,68.9,50.0,SCS,2.875
2019-11-02 00:00:00,2019301N05081,16.2,68.6,50.0,SCS,3.0
2019-11-02 03:00:00,2019301N05081,16.3,68.4,50.0,SCS,3.125
2019-11-02 06:00:00,2019301N05081,16.6,68.2,50.0,SCS,3.25
2019-11-02 09:00:00,2019301N05081,16.8,67.9,50.0,SCS,3.375
2019-11-02 12:00:00,2019301N05081,17.0,67.6,55.0,SCS,3.5
2019-11-02 15:00:00,2019301N05081,17.1,67.3,55.0,SCS,3.625
2019-11-02 18:00:00,2019301N05081,17.2,67.1,60.0,SCS,3.75
2019-11-02 21:00:00,2019301N05081,17.4,66.8,60.0,SCS,3.875
2019-11-03 00:00:00,2019301N05081,17.5,66.6,60.0,SCS,4.0
2019-11-03 03:00:00,2019301N05081,17.5,66.4,60.0,SCS,4.125
2019-11-03 06:00:00,2019301N05081,17.6,66.2,60.0,SCS,4.25
2019-11-03 09:00:00,2019301N05081,17.6,65.9,65.0,VSCS,4.375
2019-11-03 12:00:00,2019301N05081,17.7,65.7,70.0,VSCS,4.5
2019-11-03 15:00:00,2019301N05081,17.8,65.5,75.0,VSCS,4.625
2019-11-03 18:00:00,2019301N05081,17.9,65.4,80.0,VSCS,4.75
2019-11-03 21:00:00,2019301N05081,18.0,65.1,85.0,VSCS,4.875
2019-11-04 00:00:00,2019301N05081,18.1,64.9,90.0,ESCS,5.0
2019-11-04 03:00:00,2019301N05081,18.3,64.6,90.0,ESCS,5.125
2019-11-04 06:00:00,2019301N05081,18.6,64.4,90.0,ESCS,5.25
2019-11-04 09:00:00,2019301N05081,18.7,64.2,95.0,ESCS,5.375
2019-11-04 12:00:00,2019301N05081,18.9,64.1,100.0,ESCS,5.5
2019-11-04 15:00:00,2019301N05081,19.2,63.9,100.0,ESCS,5.625
2019-11-04 18:00:00,2019301N05081,19.3,63.7,100.0,ESCS,5.75
2019-11-04 21:00:00,2019301N05081,19.4,63.6,100.0,ESCS,5.875
2019-11-05 00:00:00,2019301N05081,19.5,63.5,90.0,ESCS,6.0
2019-11-05 03:00:00,2019301N05081,19.6,63.5,85.0,VSCS,6.125
2019-11-05 06:00:00,2019301N05081,19.7,63.6,80.0,VSCS,6.25
2019-11-05 09:00:00,2019301N05081,19.7,63.7,80.0,VSCS,6.375
2019-11-05 12:00:00,2019301N05081,19.8,64.0,70.0,VSCS,6.5
2019-11-05 15:00:00,2019301N05081,19.8,64.3,70.0,VSCS,6.625
2019-11-05 18:00:00,2019301N05081,19.8,64.8,70.0,VSCS,6.75
2019-11-05 21:00:00,2019301N05081,19.8,65.3,70.0,VSCS,6.875
2019-11-06 00:00:00,2019301N05081,19.8,65.6,60.0,SCS,7.0
2019-11-06 03:00:00,2019301N05081,19.7,66.0,55.0,SCS,7.125
2019-11-06 06:00:00,2019301N05081,19.7,66.4,50.0,SCS,7.25
2019-11-06 09:00:00,2019301N05081,19.6,66.9,50.0,SCS,7.375
2019-11-06 12:00:00,2019301N05081,19.6,67.5,45.0,CS,7.5
2019-11-06 15:00:00,2019301N05081,19.6,68.1,40.0,CS,7.625
2019-11-06 18:00:00,2019301N05081,19.6,68.5,40.0,CS,7.75
2019-11-06 21:00:00,2019301N05081,19.6,69.0,35.0,CS,7.875
2019-11-07 00:00:00,2019301N05081,19.7,69.6,30.0,DD,8.0
2019-11-07 03:00:00,2019301N05081,19.9,70.1,30.0,DD,8.125
2019-11-07 06:00:00,2019301N05081,20.1,70.4,25.0,D,8.25
2019-11-07 09:00:00,2019301N05081,20.2,70.8,20.0,D,8.375
2019-12-02 12:00:00,2019335N05058,5.9,56.8,25.0,D,0.0
2019-12-02 18:00:00,2019335N05058,6.2,56.8,25.0,D,0.25
2019-12-03 00:00:00,2019335N05058,6.5,56.9,30.0,DD,0.5
2019-12-03 03:00:00,2019335N05058,6.7,56.9,30.0,DD,0.625
2019-12-03 06:00:00,2019335N05058,6.9,56.9,30.0,DD,0.75
2019-12-03 12:00:00,2019335N05058,7.0,57.0,30.0,DD,1.0
2019-12-03 18:00:00,2019335N05058,7.1,57.1,30.0,DD,1.25
2019-12-04 00:00:00,2019335N05058,7.3,57.1,30.0,DD,1.5
2019-12-04 03:00:00,2019335N05058,7.4,57.1,30.0,DD,1.625
2019-12-04 06:00:00,2019335N05058,7.5,57.1,30.0,DD,1.75
2019-12-04 12:00:00,2019335N05058,7.8,56.9,30.0,DD,2.0
2019-12-04 18:00:00,2019335N05058,8.6,56.9,30.0,DD,2.25
2019-12-05 00:00:00,2019335N05058,9.3,56.6,35.0,CS,2.5
2019-12-05 03:00:00,2019335N05058,9.3,56.4,35.0,CS,2.625
2019-12-05 06:00:00,2019335N05058,9.4,56.1,35.0,CS,2.75
2019-12-05 09:00:00,2019335N05058,9.3,55.4,35.0,CS,2.875
2019-12-05 12:00:00,2019335N05058,9.3,55.0,40.0,CS,3.0
2019-12-05 15:00:00,2019335N05058,9.1,54.7,35.0,CS,3.125
2019-12-05 18:00:00,2019335N05058,8.9,54.3,35.0,CS,3.25
2019-12-05 21:00:00,2019335N05058,8.6,53.9,35.0,CS,3.375
2019-12-06 00:00:00,2019335N05058,8.3,53.4,35.0,CS,3.5
2019-12-06 03:00:00,2019335N05058,8.1,53.1,35.0,CS,3.625
2019-12-06 06:00:00,2019335N05058,8.0,52.8,35.0,CS,3.75
2019-12-06 09:00:00,2019335N05058,7.9,52.5,35.0,CS,3.875
2019-12-06 12:00:00,2019335N05058,7.9,52.2,35.0,CS,4.0
2019-12-06 15:00:00,2019335N05058,7.8,51.6,35.0,CS,4.125
2019-12-06 18:00:00,2019335N05058,7.8,51.1,35.0,CS,4.25
2019-12-06 21:00:00,2019335N05058,7.7,50.6,35.0,CS,4.375
2019-12-07 00:00:00,2019335N05058,7.7,49.8,35.0,CS,4.5
2019-12-07 03:00:00,2019335N05058,7.6,49.4,30.0,DD,4.625
2019-12-07 06:00:00,2019335N05058,7.5,48.9,30.0,DD,4.75
2019-12-07 09:00:00,2019335N05058,7.4,48.5,25.0,D,4.875
2020-06-01 06:00:00,2020153N13072,13.4,71.2,25.0,D,0.0
2020-06-01 12:00:00,2020153N13072,14.0,71.1,25.0,D,0.25
2020-06-01 18:00:00,2020153N13072,14.4,71.2,25.0,D,0.5
2020-06-02 00:00:00,2020153N13072,15.0,71.3,30.0,DD,0.75
2020-06-02 03:00:00,2020153N13072,15.3,71.3,30.0,DD,0.875
2020-06-02 06:00:00,2020153N13072,15.7,71.3,35.0,CS,1.0
2020-06-02 09:00:00,2020153N13072,16.0,71.3,35.0,CS,1.125
2020-06-02 12:00:00,2020153N13072,16.3,71.4,40.0,CS,1.25
2020-06-02 15:00:00,2020153N13072,16.2,71.5,40.0,CS,1.375
2020-06-02 18:00:00,2020153N13072,16.8,71.6,40.0,CS,1.5
2020-06-02 21:00:00,2020153N13072,17.0,71.9,45.0,CS,1.625
2020-06-03 00:00:00,2020153N13072,17.3,72.1,50.0,SCS,1.75
2020-06-03 03:00:00,2020153N13072,17.6,72.4,55.0,SCS,1.875
2020-06-03 06:00:00,2020153N13072,18.1,72.9,60.0,SCS,2.0
2020-06-03 09:00:00,2020153N13072,18.5,73.2,55.0,SCS,2.125
2020-06-03 12:00:00,2020153N13072,19.1,73.7,40.0,CS,2.25
2020-06-03 15:00:00,2020153N13072,19.6,74.0,30.0,DD,2.375
2020-06-03 18:00:00,2020153N13072,20.0,74.7,30.0,DD,2.5
2020-06-04 00:00:00,2020153N13072,20.9,76.0,25.0,D,2.75
2020-06-04 03:00:00,2020153N13072,21.5,76.8,20.0,D,2.875
2020-11-21 18:00:00,2020326N11063,10.9,55.8,25.0,D,0.0
2020-11-22 00:00:00,2020326N11063,10.8,54.5,30.0,DD,0.25
2020-11-22 03:00:00,2020326N11063,10.6,53.5,40.0,CS,0.375
2020-11-22 06:00:00,2020326N11063,10.4,52.6,50.0,SCS,0.5
2020-11-22 09:00:00,2020326N11063,10.4,52.0,65.0,VSCS,0.625
2020-11-22 12:00:00,2020326N11063,10.4,51.5,75.0,VSCS,0.75
2020-11-22 15:00:00,2020326N11063,10.4,51.0,75.0,VSCS,0.875
2020-11-22 18:00:00,2020326N11063,10.4,50.6,65.0,VSCS,1.0
2020-11-22 21:00:00,2020326N11063,10.5,50.2,60.0,SCS,1.125
2020-11-23 00:00:00,2020326N11063,10.7,50.0,45.0,CS,1.25
2020-11-23 03:00:00,2020326N11063,10.9,49.6,35.0,CS,1.375
2020-11-23 06:00:00,2020326N11063,11.1,49.3,30.0,DD,1.5
2020-11-23 12:00:00,2020326N11063,11.5,48.6,30.0,DD,1.75
2020-11-23 18:00:00,2020326N11063,11.8,47.5,30.0,DD,2.0
2020-11-24 00:00:00,2020326N11063,11.5,46.8,25.0,D,2.25
2020-11-24 03:00:00,2020326N11063,11.2,46.6,20.0,D,2.375
2021-05-14 03:00:00,2021133N10071,11.0,72.0,25.0,D,0.0
2021-05-14 06:00:00,2021133N10071,11.2,72.2,25.0,D,0.125
2021-05-14 09:00:00,2021133N10071,11.5,72.4,30.0,D,0.25
2021-05-14 12:00:00,2021133N10071,11.7,72.6,30.0,DD,0.375
2021-05-14 18:00:00,2021133N10071,12.3,72.8,35.0,CS,0.625
2021-05-14 21:00:00,2021133N10071,12.4,72.8,40.0,CS,0.75
2021-05-15 00:00:00,2021133N10071,12.8,72.9,40.0,CS,0.875
2021-05-15 03:00:00,2021133N10071,13.0,72.9,40.0,CS,1.0
2021-05-15 06:00:00,2021133N10071,13.3,73.0,45.0,CS,1.125
2021-05-15 09:00:00,2021133N10071,13.6,73.0,45.0,CS,1.25
2021-05-15 12:00:00,2021133N10071,13.9,73.0,55.0,SCS,1.375
2021-05-15 15:00:00,2021133N10071,14.2,72.9,55.0,SCS,1.5
2021-05-15 18:00:00,2021133N10071,14.5,72.8,60.0,SCS,1.625
2021-05-15 21:00:00,2021133N10071,14.7,72.8,60.0,SCS,1.75
2021-05-16 00:00:00,2021133N10071,15.0,72.8,65.0,VSCS,1.875
2021-05-16 03:00:00,2021133N10071,15.4,72.8,70.0,VSCS,2.0
2021-05-16 06:00:00,2021133N10071,15.8,72.8,70.0,VSCS,2.125
2021-05-16 09:00:00,2021133N10071,16.3,72.7,70.0,VSCS,2.25
2021-05-16 12:00:00,2021133N10071,16.8,72.5,75.0,VSCS,2.375
2021-05-16 15:00:00,2021133N10071,17.3,72.3,80.0,VSCS,2.5
2021-05-16 18:00:00,2021133N10071,17.7,72.0,85.0,VSCS,2.625
2021-05-16 21:00:00,2021133N10071,18.0,71.8,90.0,ESCS,2.75
2021-05-17 00:00:00,2021133N10071,18.4,71.7,100.0,ESCS,2.875
2021-05-17 03:00:00,2021133N10071,18.8,71.6,100.0,ESCS,3.0
2021-05-17 06:00:00,2021133N10071,19.3,71.5,100.0,ESCS,3.125
2021-05-17 09:00:00,2021133N10071,19.6,71.4,100.0,ESCS,3.25
2021-05-17 12:00:00,2021133N10071,20.1,71.4,95.0,ESCS,3.375
2021-05-17 15:00:00,2021133N10071,20.5,71.3,90.0,ESCS,3.5
2021-05-17 18:00:00,2021133N10071,20.9,71.2,85.0,VSCS,3.625
2021-05-17 21:00:00,2021133N10071,21.2,71.2,75.0,VSCS,3.75
2021-05-18 00:00:00,2021133N10071,21.5,71.2,65.0,VSCS,3.875
2021-05-18 03:00:00,2021133N10071,21.7,71.3,55.0,SCS,4.0
2021-05-18 06:00:00,2021133N10071,22.1,71.6,45.0,CS,4.125
2021-05-18 09:00:00,2021133N10071,22.6,71.7,40.0,CS,4.25
2021-05-18 12:00:00,2021133N10071,23.2,72.1,35.0,CS,4.375
2021-05-18 15:00:00,2021133N10071,23.7,72.5,30.0,DD,4.5
2021-05-18 18:00:00,2021133N10071,24.1,73.1,30.0,DD,4.625
2021-05-19 00:00:00,2021133N10071,24.6,73.6,25.0,D,4.875
2021-05-19 03:00:00,2021133N10071,24.9,73.7,20.0,D,5.0
2021-05-19 06:00:00,2021133N10071,25.8,74.8,20.0,D,5.125
