DATETIME,CAT,CS_ID,LAT,LON,MSWS,ORIGIN_BASIN,TimeRelativeToLMI,TC_MHWINT_CLASS
1982-11-04 12:00:00,D,198215,11.5,66.0,25.0,AS,-4.0,OTHER
1982-11-05 00:00:00,DD,198215,11.7,65.7,30.0,AS,-3.5,OTHER
1982-11-05 03:00:00,CS,198215,12.5,65.0,35.0,AS,-3.375,OTHER
1982-11-05 12:00:00,CS,198215,13.0,65.0,40.0,AS,-3.0,OTHER
1982-11-06 00:00:00,CS,198215,13.5,65.3,45.0,AS,-2.5,OTHER
1982-11-06 03:00:00,SCS,198215,14.0,65.5,55.0,AS,-2.375,OTHER
1982-11-06 12:00:00,SCS,198215,14.5,66.0,60.0,AS,-2.0,OTHER
1982-11-07 03:00:00,SCS,198215,15.5,66.5,60.0,AS,-1.375,OTHER
1982-11-07 12:00:00,VSCS,198215,16.5,67.5,65.0,AS,-1.0,OTHER
1982-11-08 03:00:00,VSCS,198215,18.5,70.0,80.0,AS,-0.375,OTHER
1982-11-08 12:00:00,ESCS,198215,20.5,70.5,90.0,AS,0.0,OTHER
1982-11-09 00:00:00,SCS,198215,22.5,73.0,50.0,AS,0.5,OTHER
1982-11-09 03:00:00,CS,198215,23.0,73.5,35.0,AS,0.625,OTHER
1982-11-09 12:00:00,D,198215,23.5,75.0,25.0,AS,1.0,OTHER
1985-05-28 03:00:00,D,198502,15.0,67.0,25.0,AS,-1.375,NON-MHW
1985-05-28 12:00:00,DD,198502,16.5,67.0,30.0,AS,-1.0,NON-MHW
1985-05-29 03:00:00,CS,198502,17.5,67.5,35.0,AS,-0.375,NON-MHW
1985-05-29 12:00:00,CS,198502,18.0,68.0,45.0,AS,0.0,NON-MHW
1985-05-30 03:00:00,CS,198502,20.0,68.0,45.0,AS,0.625,NON-MHW
1985-05-30 12:00:00,CS,198502,21.5,67.5,45.0,AS,1.0,NON-MHW
1992-06-08 12:00:00,D,199201,11.5,60.0,25.0,AS,-3.0,OTHER
1992-06-08 18:00:00,D,199201,11.5,60.0,25.0,AS,-2.75,OTHER
1992-06-09 00:00:00,D,199201,11.5,60.0,25.0,AS,-2.5,OTHER
1992-06-09 06:00:00,DD,199201,12.0,60.0,30.0,AS,-2.25,OTHER
1992-06-09 12:00:00,DD,199201,12.0,60.0,30.0,AS,-2.0,OTHER
1992-06-09 18:00:00,DD,199201,12.0,60.0,30.0,AS,-1.75,OTHER
1992-06-10 00:00:00,DD,199201,12.5,60.0,30.0,AS,-1.5,OTHER
1992-06-10 06:00:00,DD,199201,12.5,59.5,30.0,AS,-1.25,OTHER
1992-06-10 12:00:00,DD,199201,12.5,60.0,30.0,AS,-1.0,OTHER
1992-06-10 18:00:00,DD,199201,13.0,59.0,30.0,AS,-0.75,OTHER
1992-06-11 00:00:00,DD,199201,13.0,58.5,30.0,AS,-0.5,OTHER
1992-06-11 06:00:00,CS,199201,13.0,57.0,35.0,AS,-0.25,OTHER
1992-06-11 12:00:00,CS,199201,13.5,56.0,45.0,AS,0.0,OTHER
1992-06-11 18:00:00,CS,199201,13.5,55.5,45.0,AS,0.25,OTHER
1992-06-12 00:00:00,CS,199201,14.0,55.0,35.0,AS,0.5,OTHER
1992-06-12 06:00:00,D,199201,14.0,53.0,25.0,AS,0.75,OTHER
1992-06-12 12:00:00,D,199201,14.0,52.5,25.0,AS,1.0,OTHER
1992-10-01 00:00:00,D,199202,16.0,67.0,25.0,AS,-1.25,NON-MHW
1992-10-01 06:00:00,DD,199202,17.0,66.0,30.0,AS,-1.0,NON-MHW
1992-10-01 12:00:00,CS,199202,17.5,65.0,35.0,AS,-0.75,NON-MHW
1992-10-01 18:00:00,CS,199202,17.5,64.0,35.0,AS,-0.5,NON-MHW
1992-10-02 00:00:00,CS,199202,17.5,63.0,35.0,AS,-0.25,NON-MHW
1992-10-02 06:00:00,CS,199202,17.5,62.0,45.0,AS,0.0,NON-MHW
1992-10-02 12:00:00,CS,199202,18.5,60.5,35.0,AS,0.25,NON-MHW
1992-10-02 18:00:00,CS,199202,19.5,59.5,35.0,AS,0.5,NON-MHW
1992-10-03 00:00:00,CS,199202,19.5,58.5,45.0,AS,0.75,NON-MHW
1992-10-03 06:00:00,CS,199202,20.0,56.5,35.0,AS,1.0,NON-MHW
1992-10-03 12:00:00,CS,199202,20.5,56.0,35.0,AS,1.25,NON-MHW
1993-11-12 03:00:00,D,199301,11.5,69.0,25.0,AS,-2.375,NON-MHW
1993-11-12 06:00:00,D,199301,12.0,68.5,25.0,AS,-2.25,NON-MHW
1993-11-12 12:00:00,DD,199301,14.0,67.5,30.0,AS,-2.0,NON-MHW
1993-11-12 18:00:00,DD,199301,14.0,66.5,30.0,AS,-1.75,NON-MHW
1993-11-13 00:00:00,CS,199301,15.0,65.5,35.0,AS,-1.5,NON-MHW
1993-11-13 03:00:00,CS,199301,16.0,65.0,45.0,AS,-1.375,NON-MHW
1993-11-13 06:00:00,CS,199301,16.5,64.5,45.0,AS,-1.25,NON-MHW
1993-11-13 12:00:00,CS,199301,17.5,64.5,45.0,AS,-1.0,NON-MHW
1993-11-13 18:00:00,CS,199301,18.5,64.5,45.0,AS,-0.75,NON-MHW
1993-11-14 00:00:00,CS,199301,19.5,64.5,45.0,AS,-0.5,NON-MHW
1993-11-14 03:00:00,CS,199301,20.0,64.5,45.0,AS,-0.375,NON-MHW
1993-11-14 06:00:00,SCS,199301,20.0,64.5,55.0,AS,-0.25,NON-MHW
1993-11-14 12:00:00,VSCS,199301,20.5,64.5,65.0,AS,0.0,NON-MHW
1993-11-14 18:00:00,VSCS,199301,21.5,65.5,65.0,AS,0.25,NON-MHW
1993-11-15 00:00:00,SCS,199301,22.5,67.0,55.0,AS,0.5,NON-MHW
1993-11-15 03:00:00,CS,199301,23.5,67.5,45.0,AS,0.625,NON-MHW
1993-11-15 06:00:00,CS,199301,23.5,67.5,35.0,AS,0.75,NON-MHW
1993-11-15 12:00:00,DD,199301,23.5,67.5,30.0,AS,1.0,NON-MHW
1993-11-15 18:00:00,DD,199301,23.5,67.5,30.0,AS,1.25,NON-MHW
1994-06-05 18:00:00,D,199401,16.0,72.5,25.0,AS,-1.75,NON-MHW
1994-06-06 00:00:00,D,199401,16.5,72.0,25.0,AS,-1.5,NON-MHW
1994-06-06 03:00:00,DD,199401,17.5,71.5,30.0,AS,-1.375,NON-MHW
1994-06-06 06:00:00,DD,199401,17.5,71.5,30.0,AS,-1.25,NON-MHW
1994-06-06 12:00:00,CS,199401,18.0,70.5,35.0,AS,-1.0,NON-MHW
1994-06-06 18:00:00,CS,199401,19.0,69.0,35.0,AS,-0.75,NON-MHW
1994-06-07 00:00:00,CS,199401,19.5,67.4,35.0,AS,-0.5,NON-MHW
1994-06-07 03:00:00,CS,199401,19.5,66.5,35.0,AS,-0.375,NON-MHW
1994-06-07 06:00:00,CS,199401,19.5,65.0,45.0,AS,-0.25,NON-MHW
1994-06-07 12:00:00,SCS,199401,19.5,64.0,55.0,AS,0.0,NON-MHW
1994-06-07 18:00:00,CS,199401,19.5,63.0,45.0,AS,0.25,NON-MHW
1994-06-08 00:00:00,CS,199401,19.5,62.0,35.0,AS,0.5,NON-MHW
1994-06-08 03:00:00,CS,199401,19.5,61.5,35.0,AS,0.625,NON-MHW
1994-06-08 06:00:00,CS,199401,19.5,61.5,35.0,AS,0.75,NON-MHW
1994-06-08 12:00:00,DD,199401,19.5,61.0,30.0,AS,1.0,NON-MHW
1994-06-08 18:00:00,DD,199401,19.5,60.5,30.0,AS,1.25,NON-MHW
1994-06-09 00:00:00,D,199401,19.5,60.0,25.0,AS,1.5,NON-MHW
1994-06-09 03:00:00,D,199401,19.5,59.5,25.0,AS,1.625,NON-MHW
1994-06-09 06:00:00,D,199401,20.0,59.0,25.0,AS,1.75,NON-MHW
1994-11-15 03:00:00,D,199402,9.0,65.5,25.0,AS,-4.0,NON-MHW
1994-11-15 06:00:00,D,199402,9.0,65.5,25.0,AS,-3.875,NON-MHW
1994-11-15 12:00:00,D,199402,9.0,65.5,25.0,AS,-3.625,NON-MHW
1994-11-15 18:00:00,D,199402,9.2,65.0,25.0,AS,-3.375,NON-MHW
1994-11-16 00:00:00,D,199402,9.5,64.5,25.0,AS,-3.125,NON-MHW
1994-11-16 03:00:00,DD,199402,9.5,64.0,30.0,AS,-3.0,NON-MHW
1994-11-16 06:00:00,DD,199402,9.5,64.0,30.0,AS,-2.875,NON-MHW
1994-11-16 12:00:00,CS,199402,9.5,64.0,35.0,AS,-2.625,NON-MHW
1994-11-16 18:00:00,CS,199402,9.5,64.0,40.0,AS,-2.375,NON-MHW
1994-11-17 00:00:00,CS,199402,9.5,63.5,40.0,AS,-2.125,NON-MHW
1994-11-17 03:00:00,CS,199402,9.0,63.0,40.0,AS,-2.0,NON-MHW
1994-11-17 06:00:00,CS,199402,9.0,62.0,35.0,AS,-1.875,NON-MHW
1994-11-17 12:00:00,CS,199402,8.5,61.0,35.0,AS,-1.625,NON-MHW
1994-11-17 18:00:00,CS,199402,8.0,60.5,35.0,AS,-1.375,NON-MHW
1994-11-18 00:00:00,CS,199402,8.0,60.0,40.0,AS,-1.125,NON-MHW
1994-11-18 03:00:00,CS,199402,8.0,60.0,40.0,AS,-1.0,NON-MHW
1994-11-18 06:00:00,CS,199402,8.0,58.0,40.0,AS,-0.875,NON-MHW
1994-11-18 12:00:00,CS,199402,8.0,57.0,40.0,AS,-0.625,NON-MHW
1994-11-18 18:00:00,CS,199402,8.0,56.5,45.0,AS,-0.375,NON-MHW
1994-11-19 00:00:00,SCS,199402,8.0,54.5,55.0,AS,-0.125,NON-MHW
1994-11-19 03:00:00,VSCS,199402,8.0,54.0,65.0,AS,0.0,NON-MHW
1994-11-19 06:00:00,VSCS,199402,8.0,53.0,65.0,AS,0.125,NON-MHW
1994-11-19 12:00:00,SCS,199402,8.0,51.0,55.0,AS,0.375,NON-MHW
1994-11-19 18:00:00,CS,199402,8.0,50.5,45.0,AS,0.625,NON-MHW
1994-11-20 00:00:00,CS,199402,8.0,50.0,35.0,AS,0.875,NON-MHW
1994-11-20 03:00:00,CS,199402,8.0,49.5,35.0,AS,1.0,NON-MHW
1995-10-12 12:00:00,D,199506,16.5,70.0,25.0,AS,-2.0,NON-MHW
1995-10-12 18:00:00,D,199506,16.7,69.5,25.0,AS,-1.75,NON-MHW
1995-10-13 00:00:00,D,199506,17.0,69.0,25.0,AS,-1.5,NON-MHW
1995-10-13 03:00:00,D,199506,17.0,69.0,25.0,AS,-1.375,NON-MHW
1995-10-13 06:00:00,D,199506,17.0,69.0,25.0,AS,-1.25,NON-MHW
1995-10-13 12:00:00,DD,199506,17.0,68.5,30.0,AS,-1.0,NON-MHW
1995-10-13 18:00:00,DD,199506,17.3,68.0,30.0,AS,-0.75,NON-MHW
1995-10-14 00:00:00,CS,199506,17.5,67.5,35.0,AS,-0.5,NON-MHW
1995-10-14 03:00:00,CS,199506,17.5,67.5,35.0,AS,-0.375,NON-MHW
1995-10-14 06:00:00,CS,199506,18.0,67.0,35.0,AS,-0.25,NON-MHW
1995-10-14 12:00:00,CS,199506,18.0,67.0,45.0,AS,0.0,NON-MHW
1995-10-14 18:00:00,CS,199506,18.0,67.0,45.0,AS,0.25,NON-MHW
1995-10-15 00:00:00,CS,199506,18.0,67.0,35.0,AS,0.5,NON-MHW
1995-10-15 03:00:00,CS,199506,18.0,67.0,35.0,AS,0.625,NON-MHW
1995-10-15 06:00:00,CS,199506,18.0,67.0,35.0,AS,0.75,NON-MHW
1995-10-15 12:00:00,CS,199506,18.5,66.0,35.0,AS,1.0,NON-MHW
1995-10-15 18:00:00,CS,199506,18.5,66.0,35.0,AS,1.25,NON-MHW
1995-10-16 00:00:00,CS,199506,19.0,66.0,35.0,AS,1.5,NON-MHW
1995-10-16 03:00:00,CS,199506,19.0,65.5,35.0,AS,1.625,NON-MHW
1995-10-16 06:00:00,CS,199506,19.0,65.5,35.0,AS,1.75,NON-MHW
1995-10-16 12:00:00,DD,199506,19.5,65.0,30.0,AS,2.0,NON-MHW
1995-10-16 18:00:00,DD,199506,19.5,65.0,30.0,AS,2.25,NON-MHW
1995-10-17 00:00:00,DD,199506,19.5,65.0,30.0,AS,2.5,NON-MHW
1995-10-17 03:00:00,D,199506,19.5,64.5,25.0,AS,2.625,NON-MHW
1995-10-17 06:00:00,D,199506,19.5,64.0,25.0,AS,2.75,NON-MHW
1995-10-17 12:00:00,D,199506,19.5,63.5,25.0,AS,3.0,NON-MHW
1996-06-17 09:00:00,D,199603,17.5,69.5,25.0,AS,-1.625,NON-MHW
1996-06-17 12:00:00,D,199603,18.0,69.5,25.0,AS,-1.5,NON-MHW
1996-06-17 18:00:00,DD,199603,18.0,69.5,30.0,AS,-1.25,NON-MHW
1996-06-18 00:00:00,DD,199603,18.8,70.3,30.0,AS,-1.0,NON-MHW
1996-06-18 03:00:00,DD,199603,19.0,70.5,30.0,AS,-0.875,NON-MHW
1996-06-18 06:00:00,DD,199603,19.5,70.5,30.0,AS,-0.75,NON-MHW
1996-06-18 09:00:00,CS,199603,19.5,70.5,35.0,AS,-0.625,NON-MHW
1996-06-18 12:00:00,CS,199603,20.0,70.5,45.0,AS,-0.5,NON-MHW
1996-06-18 18:00:00,SCS,199603,20.5,70.5,55.0,AS,-0.25,NON-MHW
1996-06-19 00:00:00,SCS,199603,20.8,70.8,60.0,AS,0.0,NON-MHW
1996-10-22 09:00:00,D,199606,14.0,69.0,25.0,AS,-1.75,NON-MHW
1996-10-22 12:00:00,D,199606,14.5,69.5,25.0,AS,-1.625,NON-MHW
1996-10-22 18:00:00,DD,199606,14.5,69.5,30.0,AS,-1.375,NON-MHW
1996-10-23 00:00:00,DD,199606,15.0,70.0,30.0,AS,-1.125,NON-MHW
1996-10-23 03:00:00,DD,199606,15.0,70.0,30.0,AS,-1.0,NON-MHW
1996-10-23 06:00:00,DD,199606,15.5,70.5,30.0,AS,-0.875,NON-MHW
1996-10-23 09:00:00,CS,199606,15.5,70.5,35.0,AS,-0.75,NON-MHW
1996-10-23 12:00:00,CS,199606,16.0,70.5,45.0,AS,-0.625,NON-MHW
1996-10-23 18:00:00,SCS,199606,16.5,70.5,55.0,AS,-0.375,NON-MHW
1996-10-24 00:00:00,SCS,199606,17.8,70.5,55.0,AS,-0.125,NON-MHW
1996-10-24 03:00:00,SCS,199606,18.0,70.5,60.0,AS,0.0,NON-MHW
1996-10-24 06:00:00,SCS,199606,18.0,70.5,60.0,AS,0.125,NON-MHW
1996-10-24 12:00:00,SCS,199606,19.0,70.0,55.0,AS,0.375,NON-MHW
1996-10-24 18:00:00,SCS,199606,19.0,70.0,55.0,AS,0.625,NON-MHW
1996-10-25 00:00:00,CS,199606,19.5,70.0,45.0,AS,0.875,NON-MHW
1996-10-25 03:00:00,CS,199606,20.0,70.0,35.0,AS,1.0,NON-MHW
1996-10-25 06:00:00,DD,199606,20.0,70.0,30.0,AS,1.125,NON-MHW
1996-10-25 12:00:00,D,199606,20.0,70.0,25.0,AS,1.375,NON-MHW
1996-10-26 00:00:00,D,199606,20.0,70.0,25.0,AS,1.875,NON-MHW
1996-10-26 03:00:00,D,199606,20.0,70.0,25.0,AS,2.0,NON-MHW
1996-10-26 06:00:00,D,199606,20.0,70.0,25.0,AS,2.125,NON-MHW
1996-10-26 12:00:00,D,199606,20.0,70.0,25.0,AS,2.375,NON-MHW
1996-10-26 18:00:00,D,199606,20.0,70.0,25.0,AS,2.625,NON-MHW
1996-10-27 00:00:00,D,199606,20.0,70.0,25.0,AS,2.875,NON-MHW
1996-10-27 03:00:00,D,199606,19.5,70.0,25.0,AS,3.0,NON-MHW
1996-10-27 06:00:00,D,199606,19.5,70.0,25.0,AS,3.125,NON-MHW
1996-10-27 09:00:00,D,199606,19.0,70.0,25.0,AS,3.25,NON-MHW
1996-10-27 12:00:00,D,199606,18.5,69.5,25.0,AS,3.375,NON-MHW
1998-06-04 06:00:00,D,199802,10.5,69.5,25.0,AS,-4.0,MHW
1998-06-04 12:00:00,DD,199802,11.0,69.0,30.0,AS,-3.75,MHW
1998-06-05 03:00:00,DD,199802,11.0,70.0,30.0,AS,-3.125,MHW
1998-06-05 06:00:00,DD,199802,11.5,70.5,30.0,AS,-3.0,MHW
1998-06-05 09:00:00,CS,199802,12.5,70.0,35.0,AS,-2.875,MHW
1998-06-05 12:00:00,CS,199802,12.0,70.0,35.0,AS,-2.75,MHW
1998-06-05 18:00:00,CS,199802,12.0,69.5,35.0,AS,-2.5,MHW
1998-06-06 00:00:00,CS,199802,12.5,69.0,35.0,AS,-2.25,MHW
1998-06-06 03:00:00,CS,199802,12.5,69.0,45.0,AS,-2.125,MHW
1998-06-06 06:00:00,SCS,199802,12.5,69.0,55.0,AS,-2.0,MHW
1998-06-06 12:00:00,SCS,199802,13.0,69.0,55.0,AS,-1.75,MHW
1998-06-06 18:00:00,SCS,199802,13.5,68.5,55.0,AS,-1.5,MHW
1998-06-07 00:00:00,SCS,199802,14.0,68.0,55.0,AS,-1.25,MHW
1998-06-07 03:00:00,SCS,199802,14.5,68.0,55.0,AS,-1.125,MHW
1998-06-07 06:00:00,SCS,199802,15.0,68.0,55.0,AS,-1.0,MHW
1998-06-07 09:00:00,VSCS,199802,15.5,68.0,65.0,AS,-0.875,MHW
1998-06-07 12:00:00,VSCS,199802,16.0,68.0,80.0,AS,-0.75,MHW
1998-06-07 18:00:00,VSCS,199802,16.5,68.0,80.0,AS,-0.5,MHW
1998-06-08 00:00:00,VSCS,199802,17.5,68.0,80.0,AS,-0.25,MHW
1998-06-08 03:00:00,VSCS,199802,18.0,67.5,80.0,AS,-0.125,MHW
1998-06-08 06:00:00,ESCS,199802,18.5,68.0,90.0,AS,0.0,MHW
1998-06-08 12:00:00,ESCS,199802,19.5,68.0,90.0,AS,0.25,MHW
1998-06-08 18:00:00,ESCS,199802,20.5,68.5,90.0,AS,0.5,MHW
1998-06-09 00:00:00,ESCS,199802,21.5,69.0,90.0,AS,0.75,MHW
1998-06-09 03:00:00,VSCS,199802,22.0,69.5,80.0,AS,0.875,MHW
1998-06-09 06:00:00,VSCS,199802,22.5,69.5,75.0,AS,1.0,MHW
1998-06-09 12:00:00,SCS,199802,23.5,70.5,55.0,AS,1.25,MHW
1998-06-09 18:00:00,CS,199802,24.5,71.5,40.0,AS,1.5,MHW
1998-06-10 00:00:00,DD,199802,26.0,73.0,30.0,AS,1.75,MHW
1998-06-10 03:00:00,DD,199802,26.5,73.5,30.0,AS,1.875,MHW
1998-06-10 06:00:00,DD,199802,27.0,74.0,30.0,AS,2.0,MHW
1998-06-10 09:00:00,D,199802,27.5,75.0,25.0,AS,2.125,MHW
1998-10-11 12:00:00,D,199805,14.0,67.5,25.0,AS,-5.0,NON-MHW
1998-10-11 18:00:00,D,199805,15.0,66.5,25.0,AS,-4.75,NON-MHW
1998-10-12 00:00:00,D,199805,15.0,66.0,25.0,AS,-4.5,NON-MHW
1998-10-12 03:00:00,D,199805,14.5,66.5,25.0,AS,-4.375,NON-MHW
1998-10-12 06:00:00,D,199805,15.0,65.0,25.0,AS,-4.25,NON-MHW
1998-10-12 09:00:00,DD,199805,14.5,66.5,30.0,AS,-4.125,NON-MHW
1998-10-12 12:00:00,DD,199805,15.0,66.0,30.0,AS,-4.0,NON-MHW
1998-10-12 18:00:00,DD,199805,15.0,65.5,30.0,AS,-3.75,NON-MHW
1998-10-13 00:00:00,DD,199805,15.0,65.5,30.0,AS,-3.5,NON-MHW
1998-10-13 03:00:00,DD,199805,15.5,65.0,30.0,AS,-3.375,NON-MHW
1998-10-13 06:00:00,DD,199805,15.5,64.5,30.0,AS,-3.25,NON-MHW
1998-10-13 12:00:00,D,199805,16.0,64.0,25.0,AS,-3.0,NON-MHW
1998-10-13 18:00:00,D,199805,16.0,64.0,25.0,AS,-2.75,NON-MHW
1998-10-14 00:00:00,D,199805,16.5,63.5,25.0,AS,-2.5,NON-MHW
1998-10-14 03:00:00,D,199805,17.0,63.0,25.0,AS,-2.375,NON-MHW
1998-10-14 06:00:00,D,199805,17.0,62.5,25.0,AS,-2.25,NON-MHW
1998-10-14 12:00:00,D,199805,17.5,62.0,25.0,AS,-2.0,NON-MHW
1998-10-14 18:00:00,D,199805,16.5,61.0,25.0,AS,-1.75,NON-MHW
1998-10-15 00:00:00,D,199805,16.5,62.5,25.0,AS,-1.5,NON-MHW
1998-10-15 03:00:00,D,199805,16.0,63.0,25.0,AS,-1.375,NON-MHW
1998-10-15 06:00:00,D,199805,16.0,63.5,25.0,AS,-1.25,NON-MHW
1998-10-15 12:00:00,DD,199805,16.5,64.0,30.0,AS,-1.0,NON-MHW
1998-10-15 18:00:00,DD,199805,16.5,64.0,30.0,AS,-0.75,NON-MHW
1998-10-16 00:00:00,DD,199805,17.0,64.5,30.0,AS,-0.5,NON-MHW
1998-10-16 03:00:00,DD,199805,17.0,64.5,30.0,AS,-0.375,NON-MHW
1998-10-16 06:00:00,DD,199805,18.5,66.0,30.0,AS,-0.25,NON-MHW
1998-10-16 12:00:00,CS,199805,19.0,68.0,35.0,AS,0.0,NON-MHW
1998-10-16 18:00:00,CS,199805,20.0,69.5,35.0,AS,0.25,NON-MHW
1998-10-17 00:00:00,CS,199805,20.5,70.0,35.0,AS,0.5,NON-MHW
1998-12-13 00:00:00,D,199810,11.0,68.5,25.0,AS,-1.375,OTHER
1998-12-13 03:00:00,DD,199810,11.0,68.5,30.0,AS,-1.25,OTHER
1998-12-13 06:00:00,DD,199810,11.2,68.3,30.0,AS,-1.125,OTHER
1998-12-13 09:00:00,CS,199810,11.5,68.0,35.0,AS,-1.0,OTHER
1998-12-13 12:00:00,CS,199810,12.0,67.5,35.0,AS,-0.875,OTHER
1998-12-13 18:00:00,CS,199810,12.5,67.5,35.0,AS,-0.625,OTHER
1998-12-14 00:00:00,CS,199810,12.5,67.5,35.0,AS,-0.375,OTHER
1998-12-14 03:00:00,CS,199810,13.0,67.5,45.0,AS,-0.25,OTHER
1998-12-14 06:00:00,CS,199810,13.2,67.3,45.0,AS,-0.125,OTHER
1998-12-14 09:00:00,SCS,199810,13.5,67.0,55.0,AS,0.0,OTHER
1998-12-14 12:00:00,SCS,199810,14.0,67.0,55.0,AS,0.125,OTHER
1998-12-14 18:00:00,SCS,199810,14.5,67.0,55.0,AS,0.375,OTHER
1998-12-15 00:00:00,SCS,199810,15.0,67.0,55.0,AS,0.625,OTHER
1998-12-15 03:00:00,SCS,199810,16.0,66.0,55.0,AS,0.75,OTHER
1998-12-15 06:00:00,SCS,199810,16.5,65.5,55.0,AS,0.875,OTHER
1998-12-15 09:00:00,SCS,199810,16.5,65.0,55.0,AS,1.0,OTHER
1998-12-15 12:00:00,SCS,199810,17.0,64.4,55.0,AS,1.125,OTHER
1998-12-15 18:00:00,SCS,199810,17.3,64.0,55.0,AS,1.375,OTHER
1998-12-16 00:00:00,SCS,199810,17.5,63.5,55.0,AS,1.625,OTHER
1998-12-16 03:00:00,CS,199810,18.0,62.5,45.0,AS,1.75,OTHER
1998-12-16 06:00:00,CS,199810,18.5,61.5,35.0,AS,1.875,OTHER
1998-12-16 09:00:00,DD,199810,18.5,61.0,30.0,AS,2.0,OTHER
1998-12-16 12:00:00,D,199810,19.0,60.0,25.0,AS,2.125,OTHER
1998-12-16 18:00:00,D,199810,19.5,59.5,25.0,AS,2.375,OTHER
1998-12-17 00:00:00,D,199810,19.5,59.0,25.0,AS,2.625,OTHER
1998-12-17 03:00:00,D,199810,19.5,59.0,25.0,AS,2.75,OTHER
1999-05-16 12:00:00,D,199902,12.5,72.0,25.0,AS,-2.0,NON-MHW
1999-05-16 15:00:00,D,199902,12.7,71.8,25.0,AS,-1.875,NON-MHW
1999-05-16 18:00:00,D,199902,12.9,71.6,25.0,AS,-1.75,NON-MHW
1999-05-16 21:00:00,DD,199902,13.0,71.5,30.0,AS,-1.625,NON-MHW
1999-05-17 00:00:00,DD,199902,13.5,71.0,30.0,AS,-1.5,NON-MHW
1999-05-17 03:00:00,CS,199902,14.5,70.5,35.0,AS,-1.375,NON-MHW
1999-05-17 06:00:00,CS,199902,15.0,70.0,45.0,AS,-1.25,NON-MHW
1999-05-17 09:00:00,SCS,199902,15.0,69.5,55.0,AS,-1.125,NON-MHW
1999-05-17 12:00:00,VSCS,199902,15.0,69.5,64.0,AS,-1.0,NON-MHW
1999-05-17 15:00:00,VSCS,199902,15.5,69.0,64.0,AS,-0.875,NON-MHW
1999-05-17 18:00:00,VSCS,199902,16.0,68.5,64.0,AS,-0.75,NON-MHW
1999-05-17 21:00:00,VSCS,199902,16.0,68.5,64.0,AS,-0.625,NON-MHW
1999-05-18 00:00:00,VSCS,199902,16.5,68.5,80.0,AS,-0.5,NON-MHW
1999-05-18 03:00:00,VSCS,199902,17.0,67.5,80.0,AS,-0.375,NON-MHW
1999-05-18 06:00:00,ESCS,199902,18.0,67.5,90.0,AS,-0.25,NON-MHW
1999-05-18 09:00:00,ESCS,199902,17.8,67.6,90.0,AS,-0.125,NON-MHW
1999-05-18 12:00:00,ESCS,199902,18.5,67.5,105.0,AS,0.0,NON-MHW
1999-05-18 15:00:00,ESCS,199902,18.5,67.5,105.0,AS,0.125,NON-MHW
1999-05-18 18:00:00,ESCS,199902,19.0,67.5,105.0,AS,0.25,NON-MHW
1999-05-18 21:00:00,ESCS,199902,20.0,67.5,105.0,AS,0.375,NON-MHW
1999-05-19 00:00:00,ESCS,199902,20.5,67.5,105.0,AS,0.5,NON-MHW
1999-05-19 03:00:00,ESCS,199902,21.0,67.5,105.0,AS,0.625,NON-MHW
1999-05-19 06:00:00,ESCS,199902,21.0,67.5,105.0,AS,0.75,NON-MHW
1999-05-19 09:00:00,ESCS,199902,21.0,67.5,105.0,AS,0.875,NON-MHW
1999-05-19 12:00:00,ESCS,199902,21.5,67.5,105.0,AS,1.0,NON-MHW
1999-05-19 15:00:00,ESCS,199902,22.0,67.5,105.0,AS,1.125,NON-MHW
1999-05-19 18:00:00,ESCS,199902,22.5,67.5,105.0,AS,1.25,NON-MHW
1999-05-19 21:00:00,ESCS,199902,23.0,67.5,105.0,AS,1.375,NON-MHW
1999-05-20 00:00:00,ESCS,199902,23.3,67.5,105.0,AS,1.5,NON-MHW
1999-05-20 03:00:00,ESCS,199902,23.5,68.5,105.0,AS,1.625,NON-MHW
1999-05-20 06:00:00,ESCS,199902,23.7,68.5,105.0,AS,1.75,NON-MHW
2001-05-21 12:00:00,D,200101,13.5,69.0,25.0,AS,-2.875,MHW
2001-05-21 18:00:00,D,200101,13.5,70.0,25.0,AS,-2.625,MHW
2001-05-21 21:00:00,DD,200101,13.5,70.0,30.0,AS,-2.5,MHW
2001-05-22 00:00:00,DD,200101,14.0,71.0,30.0,AS,-2.375,MHW
2001-05-22 03:00:00,CS,200101,14.0,71.5,40.0,AS,-2.25,MHW
2001-05-22 06:00:00,CS,200101,14.0,71.5,45.0,AS,-2.125,MHW
2001-05-22 09:00:00,CS,200101,14.0,71.5,45.0,AS,-2.0,MHW
2001-05-22 12:00:00,CS,200101,14.0,71.5,45.0,AS,-1.875,MHW
2001-05-22 15:00:00,SCS,200101,14.0,71.5,55.0,AS,-1.75,MHW
2001-05-22 18:00:00,SCS,200101,14.0,71.5,55.0,AS,-1.625,MHW
2001-05-22 21:00:00,VSCS,200101,14.5,71.5,65.0,AS,-1.5,MHW
2001-05-23 00:00:00,VSCS,200101,14.5,71.5,65.0,AS,-1.375,MHW
2001-05-23 03:00:00,VSCS,200101,15.0,71.5,77.0,AS,-1.25,MHW
2001-05-23 06:00:00,ESCS,200101,15.5,71.0,90.0,AS,-1.125,MHW
2001-05-23 09:00:00,ESCS,200101,16.0,71.0,90.0,AS,-1.0,MHW
2001-05-23 12:00:00,ESCS,200101,16.0,70.5,90.0,AS,-0.875,MHW
2001-05-23 15:00:00,ESCS,200101,16.0,70.5,90.0,AS,-0.75,MHW
2001-05-23 18:00:00,ESCS,200101,16.0,70.5,90.0,AS,-0.625,MHW
2001-05-23 21:00:00,ESCS,200101,16.0,70.0,90.0,AS,-0.5,MHW
2001-05-24 00:00:00,ESCS,200101,16.0,69.5,90.0,AS,-0.375,MHW
2001-05-24 03:00:00,ESCS,200101,16.5,69.5,102.0,AS,-0.25,MHW
2001-05-24 06:00:00,ESCS,200101,17.0,69.0,102.0,AS,-0.125,MHW
2001-05-24 09:00:00,ESCS,200101,17.0,68.5,115.0,AS,0.0,MHW
2001-05-24 12:00:00,ESCS,200101,17.0,68.5,115.0,AS,0.125,MHW
2001-05-24 15:00:00,ESCS,200101,17.0,68.5,115.0,AS,0.25,MHW
2001-05-24 18:00:00,ESCS,200101,17.0,68.5,115.0,AS,0.375,MHW
2001-05-24 21:00:00,ESCS,200101,17.0,68.0,115.0,AS,0.5,MHW
2001-05-25 00:00:00,ESCS,200101,17.0,67.5,115.0,AS,0.625,MHW
2001-05-25 03:00:00,ESCS,200101,17.0,68.0,102.0,AS,0.75,MHW
2001-05-25 06:00:00,ESCS,200101,17.0,68.0,90.0,AS,0.875,MHW
2001-05-25 09:00:00,ESCS,200101,17.0,68.0,90.0,AS,1.0,MHW
2001-05-25 12:00:00,VSCS,200101,17.2,67.5,77.0,AS,1.125,MHW
2001-05-25 15:00:00,VSCS,200101,17.0,68.0,77.0,AS,1.25,MHW
2001-05-25 18:00:00,VSCS,200101,17.0,68.0,77.0,AS,1.375,MHW
2001-05-25 21:00:00,VSCS,200101,17.0,67.5,77.0,AS,1.5,MHW
2001-05-26 00:00:00,VSCS,200101,17.5,67.5,65.0,AS,1.625,MHW
2001-05-26 03:00:00,SCS,200101,17.5,67.5,55.0,AS,1.75,MHW
2001-05-26 06:00:00,SCS,200101,17.5,67.5,55.0,AS,1.875,MHW
2001-05-26 09:00:00,SCS,200101,17.5,67.5,55.0,AS,2.0,MHW
2001-05-26 12:00:00,SCS,200101,17.5,67.5,55.0,AS,2.125,MHW
2001-05-26 15:00:00,SCS,200101,17.5,67.5,55.0,AS,2.25,MHW
2001-05-26 18:00:00,SCS,200101,17.5,67.5,55.0,AS,2.375,MHW
2001-05-26 21:00:00,SCS,200101,18.0,67.5,55.0,AS,2.5,MHW
2001-05-27 00:00:00,SCS,200101,18.0,67.5,55.0,AS,2.625,MHW
2001-05-27 03:00:00,CS,200101,18.0,67.5,45.0,AS,2.75,MHW
2001-05-27 06:00:00,CS,200101,18.0,67.5,45.0,AS,2.875,MHW
2001-05-27 09:00:00,CS,200101,18.0,67.5,45.0,AS,3.0,MHW
2001-05-27 12:00:00,CS,200101,19.0,67.5,45.0,AS,3.125,MHW
2001-05-27 15:00:00,CS,200101,19.0,68.0,35.0,AS,3.25,MHW
2001-05-27 18:00:00,CS,200101,19.0,68.0,35.0,AS,3.375,MHW
2001-05-27 21:00:00,CS,200101,19.5,68.0,35.0,AS,3.5,MHW
2001-05-28 00:00:00,CS,200101,19.5,68.0,35.0,AS,3.625,MHW
2001-05-28 03:00:00,CS,200101,20.0,68.0,35.0,AS,3.75,MHW
2001-05-28 06:00:00,CS,200101,20.0,68.0,35.0,AS,3.875,MHW
2001-05-28 09:00:00,CS,200101,20.0,68.0,35.0,AS,4.0,MHW
2001-05-28 12:00:00,DD,200101,21.0,68.5,30.0,AS,4.125,MHW
2001-05-28 15:00:00,DD,200101,21.0,68.5,30.0,AS,4.25,MHW
2001-05-28 18:00:00,D,200101,21.5,69.0,25.0,AS,4.375,MHW
2001-05-28 21:00:00,D,200101,21.5,69.0,25.0,AS,4.5,MHW
2001-05-29 00:00:00,D,200101,21.5,69.0,25.0,AS,4.625,MHW
2001-09-24 09:00:00,D,200103,17.0,69.5,25.0,AS,-1.125,NON-MHW
2001-09-24 12:00:00,D,200103,17.0,69.5,25.0,AS,-1.0,NON-MHW
2001-09-24 18:00:00,DD,200103,17.0,69.0,30.0,AS,-0.75,NON-MHW
2001-09-25 00:00:00,DD,200103,17.0,69.0,30.0,AS,-0.5,NON-MHW
2001-09-25 03:00:00,DD,200103,17.0,68.5,30.0,AS,-0.375,NON-MHW
2001-09-25 06:00:00,DD,200103,17.0,68.0,30.0,AS,-0.25,NON-MHW
2001-09-25 09:00:00,DD,200103,17.0,68.0,30.0,AS,-0.125,NON-MHW
2001-09-25 12:00:00,CS,200103,17.0,68.0,35.0,AS,0.0,NON-MHW
2001-09-25 15:00:00,CS,200103,17.0,68.0,35.0,AS,0.125,NON-MHW
2001-09-25 18:00:00,CS,200103,17.0,68.0,35.0,AS,0.25,NON-MHW
2001-09-25 21:00:00,CS,200103,17.0,69.0,35.0,AS,0.375,NON-MHW
2001-09-26 00:00:00,CS,200103,17.0,68.0,35.0,AS,0.5,NON-MHW
2001-09-26 03:00:00,CS,200103,18.0,67.5,35.0,AS,0.625,NON-MHW
2001-09-26 06:00:00,CS,200103,17.5,67.0,35.0,AS,0.75,NON-MHW
2001-09-26 09:00:00,CS,200103,18.0,66.5,35.0,AS,0.875,NON-MHW
2001-09-26 12:00:00,CS,200103,18.3,66.0,35.0,AS,1.0,NON-MHW
2001-09-26 15:00:00,CS,200103,18.5,66.0,35.0,AS,1.125,NON-MHW
2001-09-26 18:00:00,CS,200103,18.5,65.5,35.0,AS,1.25,NON-MHW
2001-09-26 21:00:00,CS,200103,18.5,65.5,35.0,AS,1.375,NON-MHW
2001-09-27 00:00:00,CS,200103,18.5,65.0,35.0,AS,1.5,NON-MHW
2001-09-27 03:00:00,CS,200103,18.5,64.0,35.0,AS,1.625,NON-MHW
2001-09-27 06:00:00,CS,200103,18.5,64.0,35.0,AS,1.75,NON-MHW
2001-09-27 12:00:00,DD,200103,18.5,63.5,30.0,AS,2.0,NON-MHW
2001-09-27 18:00:00,DD,200103,18.5,63.0,30.0,AS,2.25,NON-MHW
2001-09-27 21:00:00,D,200103,18.5,62.5,25.0,AS,2.375,NON-MHW
2002-05-06 03:00:00,D,200201,11.0,67.0,25.0,AS,-3.125,NON-MHW
2002-05-06 06:00:00,D,200201,11.5,66.5,25.0,AS,-3.0,NON-MHW
2002-05-06 12:00:00,D,200201,12.0,66.0,25.0,AS,-2.75,NON-MHW
2002-05-06 18:00:00,D,200201,12.0,65.5,25.0,AS,-2.5,NON-MHW
2002-05-07 00:00:00,D,200201,13.0,65.0,25.0,AS,-2.25,NON-MHW
2002-05-07 03:00:00,DD,200201,13.5,64.5,30.0,AS,-2.125,NON-MHW
2002-05-07 06:00:00,DD,200201,13.5,64.0,30.0,AS,-2.0,NON-MHW
2002-05-07 12:00:00,DD,200201,13.5,63.0,30.0,AS,-1.75,NON-MHW
2002-05-07 18:00:00,DD,200201,13.5,62.5,30.0,AS,-1.5,NON-MHW
2002-05-08 00:00:00,DD,200201,13.5,62.5,30.0,AS,-1.25,NON-MHW
2002-05-08 03:00:00,D,200201,13.5,62.0,25.0,AS,-1.125,NON-MHW
2002-05-08 06:00:00,D,200201,13.5,61.5,25.0,AS,-1.0,NON-MHW
2002-05-08 12:00:00,D,200201,13.5,61.0,25.0,AS,-0.75,NON-MHW
2002-05-08 18:00:00,D,200201,14.0,60.5,25.0,AS,-0.5,NON-MHW
2002-05-08 21:00:00,D,200201,14.0,60.0,25.0,AS,-0.375,NON-MHW
2002-05-09 00:00:00,D,200201,14.0,60.0,25.0,AS,-0.25,NON-MHW
2002-05-09 03:00:00,DD,200201,14.0,59.5,30.0,AS,-0.125,NON-MHW
2002-05-09 06:00:00,CS,200201,14.5,58.5,35.0,AS,0.0,NON-MHW
2002-05-09 09:00:00,CS,200201,14.5,58.0,35.0,AS,0.125,NON-MHW
2002-05-09 12:00:00,CS,200201,15.0,57.0,35.0,AS,0.25,NON-MHW
2002-05-09 15:00:00,CS,200201,15.0,56.5,35.0,AS,0.375,NON-MHW
2002-05-09 18:00:00,CS,200201,15.5,56.0,35.0,AS,0.5,NON-MHW
2002-05-09 21:00:00,CS,200201,15.5,55.0,35.0,AS,0.625,NON-MHW
2002-05-10 00:00:00,CS,200201,16.0,54.5,35.0,AS,0.75,NON-MHW
2002-05-10 03:00:00,CS,200201,16.0,54.0,35.0,AS,0.875,NON-MHW
2002-05-10 06:00:00,CS,200201,16.5,54.0,35.0,AS,1.0,NON-MHW
2003-11-12 03:00:00,D,200306,6.5,61.5,25.0,AS,-1.125,NON-MHW
2003-11-12 12:00:00,DD,200306,6.5,59.5,30.0,AS,-0.75,NON-MHW
2003-11-12 18:00:00,CS,200306,6.5,59.0,35.0,AS,-0.5,NON-MHW
2003-11-13 00:00:00,CS,200306,6.5,58.0,35.0,AS,-0.25,NON-MHW
2003-11-13 03:00:00,CS,200306,6.5,58.0,35.0,AS,-0.125,NON-MHW
2003-11-13 06:00:00,SCS,200306,6.5,58.0,55.0,AS,0.0,NON-MHW
2003-11-13 09:00:00,SCS,200306,6.2,57.7,55.0,AS,0.125,NON-MHW
2003-11-13 12:00:00,SCS,200306,6.0,57.5,55.0,AS,0.25,NON-MHW
2003-11-13 15:00:00,SCS,200306,6.0,57.0,55.0,AS,0.375,NON-MHW
2003-11-13 18:00:00,SCS,200306,6.0,57.0,55.0,AS,0.5,NON-MHW
2003-11-13 21:00:00,SCS,200306,6.0,57.0,55.0,AS,0.625,NON-MHW
2003-11-14 00:00:00,SCS,200306,6.0,56.5,55.0,AS,0.75,NON-MHW
2003-11-14 03:00:00,SCS,200306,6.0,56.5,55.0,AS,0.875,NON-MHW
2003-11-14 06:00:00,SCS,200306,5.5,55.5,55.0,AS,1.0,NON-MHW
2003-11-14 09:00:00,SCS,200306,5.5,55.0,55.0,AS,1.125,NON-MHW
2003-11-14 12:00:00,CS,200306,5.5,54.5,45.0,AS,1.25,NON-MHW
2003-11-14 15:00:00,CS,200306,5.5,54.5,35.0,AS,1.375,NON-MHW
2003-11-14 18:00:00,DD,200306,5.5,52.0,30.0,AS,1.5,NON-MHW
2003-11-14 21:00:00,DD,200306,5.5,51.5,30.0,AS,1.625,NON-MHW
2003-11-15 00:00:00,DD,200306,5.5,51.0,30.0,AS,1.75,NON-MHW
2003-11-15 03:00:00,D,200306,5.5,51.0,25.0,AS,1.875,NON-MHW
2003-11-15 12:00:00,D,200306,5.5,50.5,25.0,AS,2.25,NON-MHW
2004-05-05 03:00:00,D,200401,11.5,73.5,25.0,AS,-2.0,NON-MHW
2004-05-05 06:00:00,DD,200401,11.5,73.5,30.0,AS,-1.875,NON-MHW
2004-05-05 09:00:00,DD,200401,11.5,73.5,30.0,AS,-1.75,NON-MHW
2004-05-05 12:00:00,CS,200401,11.5,73.5,35.0,AS,-1.625,NON-MHW
2004-05-05 15:00:00,CS,200401,11.5,73.0,35.0,AS,-1.5,NON-MHW
2004-05-05 18:00:00,CS,200401,11.5,73.0,35.0,AS,-1.375,NON-MHW
2004-05-05 21:00:00,CS,200401,11.5,73.0,35.0,AS,-1.25,NON-MHW
2004-05-06 00:00:00,CS,200401,11.5,73.0,35.0,AS,-1.125,NON-MHW
2004-05-06 03:00:00,CS,200401,11.5,73.0,45.0,AS,-1.0,NON-MHW
2004-05-06 06:00:00,CS,200401,11.5,73.0,45.0,AS,-0.875,NON-MHW
2004-05-06 09:00:00,CS,200401,11.5,73.0,45.0,AS,-0.75,NON-MHW
2004-05-06 12:00:00,CS,200401,11.5,73.0,45.0,AS,-0.625,NON-MHW
2004-05-06 15:00:00,CS,200401,11.5,73.0,45.0,AS,-0.5,NON-MHW
2004-05-06 18:00:00,CS,200401,11.5,73.0,45.0,AS,-0.375,NON-MHW
2004-05-06 21:00:00,CS,200401,11.5,73.0,45.0,AS,-0.25,NON-MHW
2004-05-07 00:00:00,CS,200401,11.5,73.0,45.0,AS,-0.125,NON-MHW
2004-05-07 03:00:00,SCS,200401,12.5,72.0,55.0,AS,0.0,NON-MHW
2004-05-07 06:00:00,SCS,200401,13.0,71.5,55.0,AS,0.125,NON-MHW
2004-05-07 09:00:00,SCS,200401,13.0,71.5,55.0,AS,0.25,NON-MHW
2004-05-07 12:00:00,SCS,200401,13.0,71.5,55.0,AS,0.375,NON-MHW
2004-05-07 15:00:00,SCS,200401,13.0,71.5,55.0,AS,0.5,NON-MHW
2004-05-07 18:00:00,SCS,200401,13.0,71.5,55.0,AS,0.625,NON-MHW
2004-05-07 21:00:00,SCS,200401,13.0,71.5,55.0,AS,0.75,NON-MHW
2004-05-08 00:00:00,SCS,200401,13.5,71.0,55.0,AS,0.875,NON-MHW
2004-05-08 03:00:00,SCS,200401,13.5,71.0,55.0,AS,1.0,NON-MHW
2004-05-08 06:00:00,SCS,200401,13.5,71.0,55.0,AS,1.125,NON-MHW
2004-05-08 09:00:00,SCS,200401,13.5,71.0,55.0,AS,1.25,NON-MHW
2004-05-08 12:00:00,CS,200401,13.5,71.0,45.0,AS,1.375,NON-MHW
2004-05-08 15:00:00,CS,200401,13.5,71.0,45.0,AS,1.5,NON-MHW
2004-05-08 18:00:00,CS,200401,14.0,71.0,45.0,AS,1.625,NON-MHW
2004-05-08 21:00:00,CS,200401,14.5,70.5,45.0,AS,1.75,NON-MHW
2004-05-09 00:00:00,CS,200401,14.5,70.5,45.0,AS,1.875,NON-MHW
2004-05-09 03:00:00,CS,200401,15.0,70.5,45.0,AS,2.0,NON-MHW
2004-05-09 06:00:00,CS,200401,15.5,70.0,45.0,AS,2.125,NON-MHW
2004-05-09 09:00:00,CS,200401,16.0,70.0,45.0,AS,2.25,NON-MHW
2004-05-09 12:00:00,CS,200401,16.5,70.0,45.0,AS,2.375,NON-MHW
2004-05-09 15:00:00,CS,200401,17.0,70.0,45.0,AS,2.5,NON-MHW
2004-05-09 18:00:00,CS,200401,17.5,70.0,45.0,AS,2.625,NON-MHW
2004-05-09 21:00:00,CS,200401,18.0,70.0,45.0,AS,2.75,NON-MHW
2004-05-10 00:00:00,CS,200401,18.5,70.0,35.0,AS,2.875,NON-MHW
2004-05-10 03:00:00,CS,200401,19.0,70.0,35.0,AS,3.0,NON-MHW
2004-05-10 06:00:00,DD,200401,19.0,70.0,30.0,AS,3.125,NON-MHW
2004-05-10 09:00:00,D,200401,19.5,70.0,25.0,AS,3.25,NON-MHW
2004-09-30 09:00:00,D,200406,16.0,69.0,25.0,AS,-2.0,OTHER
2004-09-30 12:00:00,DD,200406,16.5,68.5,30.0,AS,-1.875,OTHER
2004-09-30 15:00:00,DD,200406,17.0,68.0,30.0,AS,-1.75,OTHER
2004-09-30 18:00:00,DD,200406,17.5,68.0,30.0,AS,-1.625,OTHER
2004-09-30 21:00:00,DD,200406,18.0,67.5,30.0,AS,-1.5,OTHER
2004-10-01 00:00:00,DD,200406,18.5,67.0,30.0,AS,-1.375,OTHER
2004-10-01 03:00:00,DD,200406,19.0,67.0,30.0,AS,-1.25,OTHER
2004-10-01 06:00:00,DD,200406,19.0,67.0,30.0,AS,-1.125,OTHER
2004-10-01 09:00:00,CS,200406,19.5,66.5,35.0,AS,-1.0,OTHER
2004-10-01 12:00:00,CS,200406,20.0,66.5,35.0,AS,-0.875,OTHER
2004-10-01 15:00:00,CS,200406,20.0,66.5,35.0,AS,-0.75,OTHER
2004-10-01 18:00:00,CS,200406,20.0,66.5,35.0,AS,-0.625,OTHER
2004-10-01 21:00:00,CS,200406,20.0,66.5,35.0,AS,-0.5,OTHER
2004-10-02 00:00:00,CS,200406,21.0,66.5,35.0,AS,-0.375,OTHER
2004-10-02 03:00:00,CS,200406,21.0,66.5,35.0,AS,-0.25,OTHER
2004-10-02 06:00:00,CS,200406,21.5,67.0,45.0,AS,-0.125,OTHER
2004-10-02 09:00:00,SCS,200406,21.5,67.0,55.0,AS,0.0,OTHER
2004-10-02 12:00:00,SCS,200406,22.0,67.5,55.0,AS,0.125,OTHER
2004-10-02 15:00:00,SCS,200406,22.0,67.5,55.0,AS,0.25,OTHER
2004-10-02 18:00:00,SCS,200406,22.5,68.0,55.0,AS,0.375,OTHER
2004-10-02 21:00:00,SCS,200406,22.5,68.5,55.0,AS,0.5,OTHER
2004-10-03 00:00:00,CS,200406,23.0,68.5,35.0,AS,0.625,OTHER
2004-10-03 03:00:00,DD,200406,23.0,68.5,30.0,AS,0.75,OTHER
2004-10-03 06:00:00,DD,200406,23.0,68.5,30.0,AS,0.875,OTHER
2004-10-03 09:00:00,DD,200406,23.0,68.5,30.0,AS,1.0,OTHER
2004-10-03 12:00:00,D,200406,23.0,68.5,25.0,AS,1.125,OTHER
2004-10-03 15:00:00,D,200406,23.0,68.5,25.0,AS,1.25,OTHER
2004-10-03 18:00:00,D,200406,23.0,68.5,25.0,AS,1.375,OTHER
2004-11-29 03:00:00,D,200410,1.5,66.0,25.0,AS,-1.125,NON-MHW
2004-11-29 06:00:00,D,200410,2.0,65.5,25.0,AS,-1.0,NON-MHW
2004-11-29 09:00:00,D,200410,2.5,65.0,25.0,AS,-0.875,NON-MHW
2004-11-29 12:00:00,CS,200410,3.0,64.5,35.0,AS,-0.75,NON-MHW
2004-11-29 15:00:00,CS,200410,3.5,64.0,35.0,AS,-0.625,NON-MHW
2004-11-29 18:00:00,CS,200410,3.5,64.0,35.0,AS,-0.5,NON-MHW
2004-11-29 21:00:00,CS,200410,3.5,63.5,35.0,AS,-0.375,NON-MHW
2004-11-30 00:00:00,CS,200410,4.5,63.0,35.0,AS,-0.25,NON-MHW
2004-11-30 03:00:00,CS,200410,5.0,62.5,45.0,AS,-0.125,NON-MHW
2004-11-30 06:00:00,SCS,200410,5.5,61.5,55.0,AS,0.0,NON-MHW
2004-11-30 09:00:00,SCS,200410,6.0,61.0,55.0,AS,0.125,NON-MHW
2004-11-30 12:00:00,SCS,200410,6.0,60.5,55.0,AS,0.25,NON-MHW
2004-11-30 15:00:00,SCS,200410,6.0,60.5,55.0,AS,0.375,NON-MHW
2004-11-30 18:00:00,CS,200410,6.0,60.0,45.0,AS,0.5,NON-MHW
2004-11-30 21:00:00,CS,200410,6.5,60.0,45.0,AS,0.625,NON-MHW
2004-12-01 00:00:00,CS,200410,7.0,59.5,35.0,AS,0.75,NON-MHW
2004-12-01 03:00:00,CS,200410,7.0,59.5,35.0,AS,0.875,NON-MHW
2004-12-01 06:00:00,CS,200410,7.0,59.5,35.0,AS,1.0,NON-MHW
2004-12-01 09:00:00,DD,200410,7.5,58.5,30.0,AS,1.125,NON-MHW
2004-12-01 12:00:00,D,200410,7.5,58.5,25.0,AS,1.25,NON-MHW
2004-12-02 03:00:00,D,200410,8.0,56.5,25.0,AS,1.875,NON-MHW
2004-12-02 12:00:00,D,200410,8.0,55.0,25.0,AS,2.25,NON-MHW
2006-09-21 03:00:00,D,200610,19.5,66.0,25.0,AS,-2.5,NON-MHW
2006-09-21 06:00:00,DD,200610,19.5,66.0,30.0,AS,-2.375,NON-MHW
2006-09-21 09:00:00,DD,200610,19.5,66.0,30.0,AS,-2.25,NON-MHW
2006-09-21 12:00:00,DD,200610,19.5,66.0,30.0,AS,-2.125,NON-MHW
2006-09-21 15:00:00,DD,200610,19.5,66.0,30.0,AS,-2.0,NON-MHW
2006-09-21 18:00:00,DD,200610,19.5,66.0,30.0,AS,-1.875,NON-MHW
2006-09-21 21:00:00,DD,200610,19.5,66.0,30.0,AS,-1.75,NON-MHW
2006-09-22 00:00:00,CS,200610,20.0,66.0,40.0,AS,-1.625,NON-MHW
2006-09-22 03:00:00,CS,200610,20.0,66.0,45.0,AS,-1.5,NON-MHW
2006-09-22 06:00:00,CS,200610,20.0,66.0,45.0,AS,-1.375,NON-MHW
2006-09-22 09:00:00,CS,200610,20.0,66.0,45.0,AS,-1.25,NON-MHW
2006-09-22 12:00:00,CS,200610,20.5,66.5,45.0,AS,-1.125,NON-MHW
2006-09-22 15:00:00,CS,200610,20.5,66.5,45.0,AS,-1.0,NON-MHW
2006-09-22 18:00:00,CS,200610,20.5,66.5,45.0,AS,-0.875,NON-MHW
2006-09-22 21:00:00,CS,200610,20.5,66.5,45.0,AS,-0.75,NON-MHW
2006-09-23 00:00:00,CS,200610,21.0,67.0,45.0,AS,-0.625,NON-MHW
2006-09-23 03:00:00,CS,200610,21.0,67.0,45.0,AS,-0.5,NON-MHW
2006-09-23 06:00:00,CS,200610,21.0,67.0,45.0,AS,-0.375,NON-MHW
2006-09-23 09:00:00,CS,200610,21.0,67.0,45.0,AS,-0.25,NON-MHW
2006-09-23 12:00:00,SCS,200610,21.0,67.0,50.0,AS,-0.125,NON-MHW
2006-09-23 15:00:00,SCS,200610,21.0,67.0,55.0,AS,0.0,NON-MHW
2006-09-23 18:00:00,SCS,200610,21.0,67.0,50.0,AS,0.125,NON-MHW
2006-09-23 21:00:00,CS,200610,21.0,67.0,45.0,AS,0.25,NON-MHW
2006-09-24 00:00:00,CS,200610,21.0,67.0,40.0,AS,0.375,NON-MHW
2006-09-24 03:00:00,CS,200610,21.0,67.0,35.0,AS,0.5,NON-MHW
2006-09-24 06:00:00,DD,200610,21.0,67.0,30.0,AS,0.625,NON-MHW
2006-09-24 09:00:00,DD,200610,21.0,67.0,30.0,AS,0.75,NON-MHW
2006-09-24 12:00:00,D,200610,21.0,67.0,25.0,AS,0.875,NON-MHW
2007-06-01 18:00:00,D,200703,15.0,68.0,25.0,AS,-2.875,NON-MHW
2007-06-01 21:00:00,D,200703,15.0,68.0,25.0,AS,-2.75,NON-MHW
2007-06-02 00:00:00,D,200703,15.0,68.0,25.0,AS,-2.625,NON-MHW
2007-06-02 03:00:00,DD,200703,15.0,67.5,30.0,AS,-2.5,NON-MHW
2007-06-02 09:00:00,CS,200703,15.0,67.0,35.0,AS,-2.25,NON-MHW
2007-06-02 12:00:00,CS,200703,15.0,67.0,45.0,AS,-2.125,NON-MHW
2007-06-02 15:00:00,CS,200703,15.0,67.0,45.0,AS,-2.0,NON-MHW
2007-06-02 18:00:00,CS,200703,15.0,67.0,45.0,AS,-1.875,NON-MHW
2007-06-02 21:00:00,CS,200703,15.0,66.5,45.0,AS,-1.75,NON-MHW
2007-06-03 00:00:00,SCS,200703,15.5,66.5,55.0,AS,-1.625,NON-MHW
2007-06-03 03:00:00,SCS,200703,15.5,66.5,55.0,AS,-1.5,NON-MHW
2007-06-03 06:00:00,SCS,200703,16.0,66.5,55.0,AS,-1.375,NON-MHW
2007-06-03 09:00:00,SCS,200703,16.5,66.5,55.0,AS,-1.25,NON-MHW
2007-06-03 12:00:00,SCS,200703,17.5,66.5,55.0,AS,-1.125,NON-MHW
2007-06-03 15:00:00,SCS,200703,17.5,66.5,55.0,AS,-1.0,NON-MHW
2007-06-03 18:00:00,VSCS,200703,18.0,66.0,65.0,AS,-0.875,NON-MHW
2007-06-03 21:00:00,VSCS,200703,18.0,66.0,65.0,AS,-0.75,NON-MHW
2007-06-04 00:00:00,VSCS,200703,18.5,65.0,77.0,AS,-0.625,NON-MHW
2007-06-04 03:00:00,ESCS,200703,18.5,65.0,90.0,AS,-0.5,NON-MHW
2007-06-04 06:00:00,ESCS,200703,19.0,64.5,102.0,AS,-0.375,NON-MHW
2007-06-04 09:00:00,ESCS,200703,19.5,64.52,115.0,AS,-0.25,NON-MHW
2007-06-04 12:00:00,ESCS,200703,20.0,64.0,115.0,AS,-0.125,NON-MHW
2007-06-04 15:00:00,SUCS,200703,20.0,64.0,127.0,AS,0.0,NON-MHW
2007-06-04 18:00:00,SUCS,200703,20.5,63.5,127.0,AS,0.125,NON-MHW
2007-06-04 21:00:00,ESCS,200703,20.5,63.5,115.0,AS,0.25,NON-MHW
2007-06-05 00:00:00,ESCS,200703,20.5,63.0,115.0,AS,0.375,NON-MHW
2007-06-05 03:00:00,ESCS,200703,21.0,62.0,115.0,AS,0.5,NON-MHW
2007-06-05 06:00:00,ESCS,200703,21.5,61.5,102.0,AS,0.625,NON-MHW
2007-06-05 09:00:00,ESCS,200703,21.5,61.0,102.0,AS,0.75,NON-MHW
2007-06-05 12:00:00,ESCS,200703,21.5,61.0,90.0,AS,0.875,NON-MHW
2007-06-05 15:00:00,VSCS,200703,22.0,61.0,77.0,AS,1.0,NON-MHW
2007-06-05 18:00:00,VSCS,200703,22.0,60.5,77.0,AS,1.125,NON-MHW
2007-06-05 21:00:00,VSCS,200703,22.5,60.5,77.0,AS,1.25,NON-MHW
2007-06-06 00:00:00,VSCS,200703,22.5,59.5,77.0,AS,1.375,NON-MHW
2007-06-06 03:00:00,VSCS,200703,23.0,59.0,77.0,AS,1.5,NON-MHW
2007-06-06 06:00:00,VSCS,200703,23.5,59.5,77.0,AS,1.625,NON-MHW
2007-06-06 09:00:00,VSCS,200703,23.5,59.5,77.0,AS,1.75,NON-MHW
2007-06-06 12:00:00,VSCS,200703,24.0,59.0,77.0,AS,1.875,NON-MHW
2007-06-06 15:00:00,VSCS,200703,24.0,59.0,77.0,AS,2.0,NON-MHW
2007-06-06 18:00:00,VSCS,200703,24.5,59.0,65.0,AS,2.125,NON-MHW
2007-06-06 21:00:00,SCS,200703,25.0,59.0,55.0,AS,2.25,NON-MHW
2007-06-07 00:00:00,CS,200703,25.0,59.0,45.0,AS,2.375,NON-MHW
2007-06-07 03:00:00,CS,200703,25.5,58.5,45.0,AS,2.5,NON-MHW
2009-09-11 09:00:00,D,200907,11.0,72.0,25.0,AS,-60.75,NON-MHW
2009-09-11 12:00:00,D,200907,11.5,71.5,25.0,AS,-60.625,NON-MHW
2009-09-11 18:00:00,D,200907,12.0,71.0,25.0,AS,-60.375,NON-MHW
2009-10-11 00:00:00,D,200907,12.5,70.5,25.0,AS,-31.125,NON-MHW
2009-10-11 03:00:00,DD,200907,13.0,70.5,30.0,AS,-31.0,NON-MHW
2009-10-11 06:00:00,DD,200907,13.5,70.5,30.0,AS,-30.875,NON-MHW
2009-10-11 12:00:00,DD,200907,14.5,71.0,30.0,AS,-30.625,NON-MHW
2009-10-11 18:00:00,CS,200907,15.0,71.0,35.0,AS,-30.375,NON-MHW
2009-10-11 21:00:00,CS,200907,15.5,71.5,35.0,AS,-30.25,NON-MHW
2009-11-11 00:00:00,CS,200907,16.0,71.5,40.0,AS,-0.125,NON-MHW
2009-11-11 03:00:00,CS,200907,17.0,72.0,45.0,AS,0.0,NON-MHW
2009-11-11 06:00:00,CS,200907,17.5,72.5,45.0,AS,0.125,NON-MHW
2009-11-11 09:00:00,CS,200907,18.5,72.5,40.0,AS,0.25,NON-MHW
2009-11-11 12:00:00,DD,200907,19.5,73.5,30.0,AS,0.375,NON-MHW
2009-11-11 15:00:00,DD,200907,20.0,74.0,30.0,AS,0.5,NON-MHW
2009-11-11 18:00:00,D,200907,20.0,74.0,20.0,AS,0.625,NON-MHW
2010-05-19 09:00:00,D,201002,10.5,54.0,25.0,AS,-2.125,MHW
2010-05-19 12:00:00,D,201002,11.0,54.0,25.0,AS,-2.0,MHW
2010-05-19 15:00:00,D,201002,11.5,53.5,25.0,AS,-1.875,MHW
2010-05-19 18:00:00,DD,201002,11.5,53.5,30.0,AS,-1.75,MHW
2010-05-19 21:00:00,DD,201002,11.5,53.0,30.0,AS,-1.625,MHW
2010-05-20 00:00:00,DD,201002,11.5,53.0,30.0,AS,-1.5,MHW
2010-05-20 03:00:00,DD,201002,11.5,53.0,30.0,AS,-1.375,MHW
2010-05-20 06:00:00,DD,201002,11.5,53.0,30.0,AS,-1.25,MHW
2010-05-20 09:00:00,DD,201002,12.0,53.0,30.0,AS,-1.125,MHW
2010-05-20 12:00:00,DD,201002,12.5,52.5,30.0,AS,-1.0,MHW
2010-05-20 18:00:00,DD,201002,12.5,51.5,30.0,AS,-0.75,MHW
2010-05-21 00:00:00,DD,201002,12.5,51.5,30.0,AS,-0.5,MHW
2010-05-21 03:00:00,DD,201002,12.5,51.5,30.0,AS,-0.375,MHW
2010-05-21 06:00:00,DD,201002,12.5,51.5,30.0,AS,-0.25,MHW
2010-05-21 09:00:00,DD,201002,12.5,51.5,30.0,AS,-0.125,MHW
2010-05-21 12:00:00,CS,201002,12.5,51.5,40.0,AS,0.0,MHW
2010-05-21 15:00:00,CS,201002,12.5,51.5,40.0,AS,0.125,MHW
2010-05-21 18:00:00,CS,201002,12.5,51.5,40.0,AS,0.25,MHW
2010-05-21 21:00:00,CS,201002,12.5,51.0,40.0,AS,0.375,MHW
2010-05-22 00:00:00,CS,201002,12.5,50.5,40.0,AS,0.5,MHW
2010-05-22 03:00:00,CS,201002,12.5,50.5,40.0,AS,0.625,MHW
2010-05-22 06:00:00,CS,201002,12.5,50.5,40.0,AS,0.75,MHW
2010-05-22 09:00:00,CS,201002,12.5,50.0,35.0,AS,0.875,MHW
2010-05-22 12:00:00,DD,201002,12.5,50.0,30.0,AS,1.0,MHW
2010-05-22 18:00:00,D,201002,12.5,50.0,25.0,AS,1.25,MHW
2010-05-31 06:00:00,D,201003,15.0,64.0,25.0,AS,113.75,OTHER
2010-05-31 12:00:00,D,201003,15.5,63.5,25.0,AS,114.0,OTHER
2010-05-31 18:00:00,D,201003,15.5,63.5,25.0,AS,114.25,OTHER
2010-01-06 00:00:00,DD,201003,15.5,63.5,30.0,AS,-31.5,OTHER
2010-01-06 03:00:00,DD,201003,15.5,63.5,30.0,AS,-31.375,OTHER
2010-01-06 06:00:00,DD,201003,16.0,63.0,30.0,AS,-31.25,OTHER
2010-01-06 09:00:00,CS,201003,16.0,63.0,35.0,AS,-31.125,OTHER
2010-01-06 12:00:00,CS,201003,16.5,62.5,35.0,AS,-31.0,OTHER
2010-01-06 15:00:00,CS,201003,16.5,62.5,40.0,AS,-30.875,OTHER
2010-01-06 18:00:00,CS,201003,17.0,62.0,45.0,AS,-30.75,OTHER
2010-01-06 21:00:00,CS,201003,17.0,62.0,45.0,AS,-30.625,OTHER
2010-02-06 00:00:00,SCS,201003,17.5,61.5,55.0,AS,-0.5,OTHER
2010-02-06 03:00:00,SCS,201003,17.5,61.0,60.0,AS,-0.375,OTHER
2010-02-06 06:00:00,VSCS,201003,17.5,61.0,70.0,AS,-0.25,OTHER
2010-02-06 09:00:00,VSCS,201003,18.0,60.5,80.0,AS,-0.125,OTHER
2010-02-06 12:00:00,VSCS,201003,18.0,60.5,85.0,AS,0.0,OTHER
2010-02-06 15:00:00,VSCS,201003,18.5,60.0,85.0,AS,0.125,OTHER
2010-02-06 18:00:00,VSCS,201003,18.5,60.0,85.0,AS,0.25,OTHER
2010-02-06 21:00:00,VSCS,201003,18.5,60.0,80.0,AS,0.375,OTHER
2010-03-06 00:00:00,VSCS,201003,18.5,59.5,75.0,AS,27.5,OTHER
2010-03-06 03:00:00,VSCS,201003,18.5,59.5,75.0,AS,27.625,OTHER
2010-03-06 06:00:00,VSCS,201003,19.0,59.5,70.0,AS,27.75,OTHER
2010-03-06 09:00:00,VSCS,201003,19.5,59.5,70.0,AS,27.875,OTHER
2010-03-06 12:00:00,VSCS,201003,20.0,59.5,70.0,AS,28.0,OTHER
2010-03-06 15:00:00,VSCS,201003,20.0,59.5,70.0,AS,28.125,OTHER
2010-03-06 18:00:00,VSCS,201003,20.5,59.5,65.0,AS,28.25,OTHER
2010-03-06 21:00:00,VSCS,201003,21.0,59.5,65.0,AS,28.375,OTHER
2010-04-06 00:00:00,VSCS,201003,21.5,59.5,65.0,AS,58.5,OTHER
2010-04-06 03:00:00,SCS,201003,22.0,59.5,60.0,AS,58.625,OTHER
2010-04-06 06:00:00,SCS,201003,22.0,59.5,60.0,AS,58.75,OTHER
2010-04-06 09:00:00,SCS,201003,22.5,59.5,60.0,AS,58.875,OTHER
2010-04-06 12:00:00,SCS,201003,23.0,59.5,60.0,AS,59.0,OTHER
2010-04-06 15:00:00,SCS,201003,23.0,59.5,55.0,AS,59.125,OTHER
2010-04-06 18:00:00,SCS,201003,23.0,59.5,55.0,AS,59.25,OTHER
2010-04-06 21:00:00,SCS,201003,23.5,60.0,50.0,AS,59.375,OTHER
2010-05-06 00:00:00,CS,201003,24.0,60.5,45.0,AS,88.5,OTHER
2010-05-06 03:00:00,CS,201003,24.5,61.0,40.0,AS,88.625,OTHER
2010-05-06 06:00:00,CS,201003,24.5,61.0,40.0,AS,88.75,OTHER
2010-05-06 09:00:00,CS,201003,24.5,61.0,40.0,AS,88.875,OTHER
2010-05-06 12:00:00,CS,201003,24.5,61.5,40.0,AS,89.0,OTHER
2010-05-06 15:00:00,CS,201003,24.5,62.0,35.0,AS,89.125,OTHER
2010-05-06 18:00:00,DD,201003,24.5,62.5,30.0,AS,89.25,OTHER
2010-05-06 21:00:00,DD,201003,24.5,63.0,30.0,AS,89.375,OTHER
2010-06-06 00:00:00,DD,201003,24.5,64.0,30.0,AS,119.5,OTHER
2010-06-06 03:00:00,D,201003,24.5,65.0,25.0,AS,119.625,OTHER
2010-06-06 06:00:00,D,201003,24.5,66.0,25.0,AS,119.75,OTHER
2010-06-06 09:00:00,D,201003,24.5,66.5,25.0,AS,119.875,OTHER
2010-06-06 12:00:00,D,201003,24.5,67.0,25.0,AS,120.0,OTHER
2010-06-06 15:00:00,D,201003,25.0,68.0,25.0,AS,120.125,OTHER
2010-06-06 18:00:00,D,201003,25.0,69.0,25.0,AS,120.25,OTHER
2010-07-06 00:00:00,D,201003,26.5,71.0,25.0,AS,149.5,OTHER
2010-07-06 03:00:00,D,201003,26.5,71.5,25.0,AS,149.625,OTHER
2010-07-06 06:00:00,D,201003,26.5,72.5,20.0,AS,149.75,OTHER
2011-10-29 06:00:00,D,201107,13.0,62.0,25.0,AS,-3.875,NON-MHW
2011-10-29 12:00:00,D,201107,13.0,61.0,25.0,AS,-3.625,NON-MHW
2011-10-29 18:00:00,D,201107,13.0,61.0,25.0,AS,-3.375,NON-MHW
2011-10-29 00:00:00,D,201107,13.0,60.5,25.0,AS,-4.125,NON-MHW
2011-10-30 03:00:00,D,201107,13.0,60.0,25.0,AS,-3.0,NON-MHW
2011-10-30 06:00:00,D,201107,13.0,60.0,25.0,AS,-2.875,NON-MHW
2011-10-30 12:00:00,D,201107,13.5,59.5,25.0,AS,-2.625,NON-MHW
2011-10-30 18:00:00,D,201107,14.0,59.0,25.0,AS,-2.375,NON-MHW
2011-10-31 00:00:00,D,201107,14.5,59.0,25.0,AS,-2.125,NON-MHW
2011-10-31 03:00:00,D,201107,15.0,58.5,25.0,AS,-2.0,NON-MHW
2011-10-31 06:00:00,D,201107,16.0,57.0,25.0,AS,-1.875,NON-MHW
2011-10-31 12:00:00,D,201107,16.0,57.5,25.0,AS,-1.625,NON-MHW
2011-10-31 18:00:00,D,201107,16.0,57.0,25.0,AS,-1.375,NON-MHW
2011-11-01 00:00:00,D,201107,16.0,56.5,25.0,AS,-1.125,NON-MHW
2011-11-01 03:00:00,DD,201107,16.0,56.0,30.0,AS,-1.0,NON-MHW
2011-11-01 06:00:00,DD,201107,16.0,56.0,30.0,AS,-0.875,NON-MHW
2011-11-01 12:00:00,DD,201107,16.0,55.5,30.0,AS,-0.625,NON-MHW
2011-11-01 18:00:00,DD,201107,16.0,55.5,30.0,AS,-0.375,NON-MHW
2011-11-02 00:00:00,DD,201107,16.0,55.3,30.0,AS,-0.125,NON-MHW
2011-11-02 03:00:00,CS,201107,16.0,55.0,35.0,AS,0.0,NON-MHW
2011-11-02 06:00:00,CS,201107,16.0,54.5,35.0,AS,0.125,NON-MHW
2011-11-02 09:00:00,CS,201107,16.0,54.5,35.0,AS,0.25,NON-MHW
2011-11-02 12:00:00,CS,201107,16.5,54.5,35.0,AS,0.375,NON-MHW
2011-11-02 15:00:00,CS,201107,16.8,54.3,35.0,AS,0.5,NON-MHW
2011-11-02 18:00:00,DD,201107,17.1,54.2,30.0,AS,0.625,NON-MHW
2011-11-03 00:00:00,DD,201107,17.1,54.2,30.0,AS,0.875,NON-MHW
2011-11-03 03:00:00,DD,201107,17.1,54.2,30.0,AS,1.0,NON-MHW
2011-11-03 06:00:00,DD,201107,17.1,54.2,30.0,AS,1.125,NON-MHW
2011-11-03 12:00:00,DD,201107,17.0,54.5,30.0,AS,1.375,NON-MHW
2011-11-03 18:00:00,DD,201107,17.0,54.8,30.0,AS,1.625,NON-MHW
2011-11-04 00:00:00,DD,201107,17.0,55.0,30.0,AS,1.875,NON-MHW
2011-11-04 03:00:00,D,201107,16.5,55.0,25.0,AS,2.0,NON-MHW
2012-10-22 21:00:00,D,201202,11.0,66.5,25.0,AS,-1.875,NON-MHW
2012-10-23 03:00:00,D,201202,11.0,66.0,25.0,AS,-1.625,NON-MHW
2012-10-23 12:00:00,D,201202,11.5,64.0,25.0,AS,-1.25,NON-MHW
2012-10-23 15:00:00,DD,201202,11.5,63.5,30.0,AS,-1.125,NON-MHW
2012-10-24 03:00:00,DD,201202,11.0,59.0,30.0,AS,-0.625,NON-MHW
2012-10-24 12:00:00,CS,201202,10.5,56.5,35.0,AS,-0.25,NON-MHW
2012-10-24 18:00:00,CS,201202,10.5,55.5,40.0,AS,0.0,NON-MHW
2012-10-25 00:00:00,CS,201202,10.5,54.0,35.0,AS,0.25,NON-MHW
2012-10-25 03:00:00,CS,201202,10.5,53.5,35.0,AS,0.375,NON-MHW
2012-10-25 06:00:00,CS,201202,10.0,53.0,35.0,AS,0.5,NON-MHW
2012-10-25 12:00:00,CS,201202,9.5,51.5,35.0,AS,0.75,NON-MHW
2012-10-25 18:00:00,DD,201202,9.5,50.5,30.0,AS,1.0,NON-MHW
2012-10-26 00:00:00,D,201202,9.5,49.5,25.0,AS,1.25,NON-MHW
2012-10-26 03:00:00,D,201202,9.5,48.5,25.0,AS,1.375,NON-MHW
2014-10-25 00:00:00,D,201407,12.5,61.5,25.0,AS,-3.75,MHW
2014-10-25 03:00:00,D,201407,12.5,61.5,25.0,AS,-3.625,MHW
2014-10-25 06:00:00,D,201407,12.5,61.5,25.0,AS,-3.5,MHW
2014-10-25 12:00:00,D,201407,13.0,61.0,25.0,AS,-3.25,MHW
2014-10-25 18:00:00,D,201407,13.0,61.0,25.0,AS,-3.0,MHW
2014-10-26 00:00:00,D,201407,14.0,62.0,25.0,AS,-2.75,MHW
2014-10-26 03:00:00,DD,201407,14.0,62.0,30.0,AS,-2.625,MHW
2014-10-26 06:00:00,CS,201407,14.1,62.0,35.0,AS,-2.5,MHW
2014-10-26 09:00:00,CS,201407,14.1,62.0,35.0,AS,-2.375,MHW
2014-10-26 12:00:00,CS,201407,14.2,62.0,40.0,AS,-2.25,MHW
2014-10-26 15:00:00,CS,201407,14.3,62.0,40.0,AS,-2.125,MHW
2014-10-26 18:00:00,CS,201407,14.4,62.0,45.0,AS,-2.0,MHW
2014-10-26 21:00:00,SCS,201407,14.5,62.0,50.0,AS,-1.875,MHW
2014-10-27 00:00:00,SCS,201407,14.8,62.0,55.0,AS,-1.75,MHW
2014-10-27 03:00:00,SCS,201407,14.9,62.0,60.0,AS,-1.625,MHW
2014-10-27 06:00:00,VSCS,201407,14.9,62.0,65.0,AS,-1.5,MHW
2014-10-27 09:00:00,VSCS,201407,14.9,62.0,65.0,AS,-1.375,MHW
2014-10-27 12:00:00,VSCS,201407,15.0,62.0,70.0,AS,-1.25,MHW
2014-10-27 15:00:00,VSCS,201407,15.1,62.0,70.0,AS,-1.125,MHW
2014-10-27 18:00:00,VSCS,201407,15.3,62.0,70.0,AS,-1.0,MHW
2014-10-27 21:00:00,VSCS,201407,15.6,61.8,75.0,AS,-0.875,MHW
2014-10-28 00:00:00,VSCS,201407,15.7,61.8,75.0,AS,-0.75,MHW
2014-10-28 03:00:00,VSCS,201407,15.8,61.7,75.0,AS,-0.625,MHW
2014-10-28 06:00:00,VSCS,201407,15.9,61.6,80.0,AS,-0.5,MHW
2014-10-28 09:00:00,ESCS,201407,16.3,61.6,90.0,AS,-0.375,MHW
2014-10-28 12:00:00,ESCS,201407,16.7,61.8,100.0,AS,-0.25,MHW
2014-10-28 15:00:00,ESCS,201407,17.2,61.8,105.0,AS,-0.125,MHW
2014-10-28 18:00:00,ESCS,201407,17.6,61.8,110.0,AS,0.0,MHW
2014-10-28 21:00:00,ESCS,201407,18.0,61.8,110.0,AS,0.125,MHW
2014-10-29 00:00:00,ESCS,201407,18.2,62.0,105.0,AS,0.25,MHW
2014-10-29 03:00:00,ESCS,201407,18.7,62.0,100.0,AS,0.375,MHW
2014-10-29 06:00:00,ESCS,201407,18.9,62.0,95.0,AS,0.5,MHW
2014-10-29 09:00:00,ESCS,201407,19.0,62.0,90.0,AS,0.625,MHW
2014-10-29 12:00:00,VSCS,201407,19.2,62.2,80.0,AS,0.75,MHW
2014-10-29 15:00:00,VSCS,201407,19.4,62.5,70.0,AS,0.875,MHW
2014-10-29 18:00:00,VSCS,201407,19.4,62.8,70.0,AS,1.0,MHW
2014-10-29 21:00:00,SCS,201407,19.4,63.1,60.0,AS,1.125,MHW
2014-10-30 00:00:00,SCS,201407,19.5,63.6,60.0,AS,1.25,MHW
2014-10-30 03:00:00,SCS,201407,19.8,64.1,50.0,AS,1.375,MHW
2014-10-30 06:00:00,CS,201407,20.2,64.3,45.0,AS,1.5,MHW
2014-10-30 09:00:00,CS,201407,20.2,64.5,40.0,AS,1.625,MHW
2014-10-30 12:00:00,CS,201407,20.5,64.6,40.0,AS,1.75,MHW
2014-10-30 18:00:00,CS,201407,20.6,64.7,35.0,AS,2.0,MHW
2014-10-30 21:00:00,DD,201407,20.7,65.0,30.0,AS,2.125,MHW
2014-10-31 00:00:00,D,201407,20.7,65.1,25.0,AS,2.25,MHW
2015-06-07 03:00:00,D,201501,14.5,68.5,25.0,AS,-2.625,NON-MHW
2015-06-07 06:00:00,D,201501,15.0,68.2,25.0,AS,-2.5,NON-MHW
2015-06-07 12:00:00,D,201501,16.0,68.0,25.0,AS,-2.25,NON-MHW
2015-06-07 18:00:00,D,201501,16.5,68.0,25.0,AS,-2.0,NON-MHW
2015-06-08 00:00:00,DD,201501,17.5,67.5,30.0,AS,-1.75,NON-MHW
2015-06-08 03:00:00,CS,201501,17.9,67.2,35.0,AS,-1.625,NON-MHW
2015-06-08 06:00:00,CS,201501,17.9,67.2,35.0,AS,-1.5,NON-MHW
2015-06-08 09:00:00,CS,201501,18.5,66.7,35.0,AS,-1.375,NON-MHW
2015-06-08 12:00:00,CS,201501,18.6,66.5,35.0,AS,-1.25,NON-MHW
2015-06-08 15:00:00,CS,201501,18.8,66.2,35.0,AS,-1.125,NON-MHW
2015-06-08 18:00:00,CS,201501,19.2,65.7,35.0,AS,-1.0,NON-MHW
2015-06-08 21:00:00,CS,201501,19.5,65.3,35.0,AS,-0.875,NON-MHW
2015-06-09 00:00:00,CS,201501,20.0,65.0,35.0,AS,-0.75,NON-MHW
2015-06-09 03:00:00,CS,201501,20.0,65.0,35.0,AS,-0.625,NON-MHW
2015-06-09 06:00:00,CS,201501,20.3,64.6,35.0,AS,-0.5,NON-MHW
2015-06-09 09:00:00,CS,201501,20.5,63.8,40.0,AS,-0.375,NON-MHW
2015-06-09 12:00:00,CS,201501,21.0,63.0,40.0,AS,-0.25,NON-MHW
2015-06-09 15:00:00,CS,201501,21.2,62.5,40.0,AS,-0.125,NON-MHW
2015-06-09 18:00:00,CS,201501,21.2,62.5,45.0,AS,0.0,NON-MHW
2015-06-09 21:00:00,CS,201501,21.3,62.3,45.0,AS,0.125,NON-MHW
2015-06-10 00:00:00,CS,201501,21.3,62.1,45.0,AS,0.25,NON-MHW
2015-06-10 03:00:00,CS,201501,21.3,61.8,45.0,AS,0.375,NON-MHW
2015-06-10 06:00:00,CS,201501,21.3,61.5,45.0,AS,0.5,NON-MHW
2015-06-10 09:00:00,CS,201501,21.2,61.1,45.0,AS,0.625,NON-MHW
2015-06-10 12:00:00,CS,201501,21.2,61.1,45.0,AS,0.75,NON-MHW
2015-06-10 15:00:00,CS,201501,20.9,60.8,45.0,AS,0.875,NON-MHW
2015-06-10 18:00:00,CS,201501,20.9,60.8,45.0,AS,1.0,NON-MHW
2015-06-10 21:00:00,CS,201501,20.9,60.8,45.0,AS,1.125,NON-MHW
2015-06-11 00:00:00,CS,201501,20.8,60.8,40.0,AS,1.25,NON-MHW
2015-06-11 03:00:00,CS,201501,20.8,60.8,40.0,AS,1.375,NON-MHW
2015-06-11 06:00:00,CS,201501,20.8,60.5,35.0,AS,1.5,NON-MHW
2015-06-11 09:00:00,CS,201501,20.8,60.3,35.0,AS,1.625,NON-MHW
2015-06-11 12:00:00,CS,201501,20.8,60.0,35.0,AS,1.75,NON-MHW
2015-06-11 15:00:00,CS,201501,20.8,59.7,35.0,AS,1.875,NON-MHW
2015-06-11 18:00:00,DD,201501,20.8,59.7,30.0,AS,2.0,NON-MHW
2015-06-12 00:00:00,D,201501,20.8,59.5,25.0,AS,2.25,NON-MHW
2015-06-12 03:00:00,D,201501,20.8,59.5,25.0,AS,2.375,NON-MHW
2015-06-12 06:00:00,D,201501,20.8,59.5,25.0,AS,2.5,NON-MHW
2015-10-28 03:00:00,D,201510,11.5,65.0,25.0,AS,-2.25,MHW
2015-10-28 06:00:00,D,201510,11.8,64.9,25.0,AS,-2.125,MHW
2015-10-28 12:00:00,DD,201510,12.5,64.7,30.0,AS,-1.875,MHW
2015-10-28 18:00:00,DD,201510,13.0,64.7,30.0,AS,-1.625,MHW
2015-10-29 00:00:00,CS,201510,13.7,64.3,35.0,AS,-1.375,MHW
2015-10-29 03:00:00,CS,201510,13.8,64.2,40.0,AS,-1.25,MHW
2015-10-29 06:00:00,CS,201510,13.9,63.8,45.0,AS,-1.125,MHW
2015-10-29 09:00:00,SCS,201510,14.0,63.5,50.0,AS,-1.0,MHW
2015-10-29 12:00:00,SCS,201510,14.1,63.3,55.0,AS,-0.875,MHW
2015-10-29 15:00:00,SCS,201510,14.3,62.8,60.0,AS,-0.75,MHW
2015-10-29 18:00:00,VSCS,201510,14.3,62.5,65.0,AS,-0.625,MHW
2015-10-29 21:00:00,VSCS,201510,14.3,62.3,75.0,AS,-0.5,MHW
2015-10-30 00:00:00,ESCS,201510,14.3,61.8,90.0,AS,-0.375,MHW
2015-10-30 03:00:00,ESCS,201510,14.3,61.5,105.0,AS,-0.25,MHW
2015-10-30 06:00:00,ESCS,201510,14.3,61.1,110.0,AS,-0.125,MHW
2015-10-30 09:00:00,ESCS,201510,14.2,60.8,115.0,AS,0.0,MHW
2015-10-30 12:00:00,ESCS,201510,14.1,60.6,115.0,AS,0.125,MHW
2015-10-30 15:00:00,ESCS,201510,14.0,60.4,115.0,AS,0.25,MHW
2015-10-30 18:00:00,ESCS,201510,13.9,60.2,115.0,AS,0.375,MHW
2015-10-30 21:00:00,ESCS,201510,13.9,59.9,115.0,AS,0.5,MHW
2015-10-31 00:00:00,ESCS,201510,13.9,59.6,110.0,AS,0.625,MHW
2015-10-31 03:00:00,ESCS,201510,13.8,59.2,110.0,AS,0.75,MHW
2015-10-31 06:00:00,ESCS,201510,13.8,58.7,105.0,AS,0.875,MHW
2015-10-31 09:00:00,ESCS,201510,13.8,58.3,105.0,AS,1.0,MHW
2015-10-31 12:00:00,ESCS,201510,13.8,57.9,105.0,AS,1.125,MHW
2015-10-31 15:00:00,ESCS,201510,13.8,57.5,105.0,AS,1.25,MHW
2015-10-31 18:00:00,ESCS,201510,13.8,57.2,105.0,AS,1.375,MHW
2015-10-31 21:00:00,ESCS,201510,13.7,56.8,105.0,AS,1.5,MHW
2015-11-01 00:00:00,ESCS,201510,13.7,56.4,105.0,AS,1.625,MHW
2015-11-01 03:00:00,ESCS,201510,13.6,56.1,105.0,AS,1.75,MHW
2015-11-01 06:00:00,ESCS,201510,13.6,55.6,100.0,AS,1.875,MHW
2015-11-01 09:00:00,ESCS,201510,13.6,55.1,100.0,AS,2.0,MHW
2015-11-01 12:00:00,ESCS,201510,13.6,54.6,100.0,AS,2.125,MHW
2015-11-01 15:00:00,ESCS,201510,13.6,54.2,100.0,AS,2.25,MHW
2015-11-01 18:00:00,ESCS,201510,13.4,53.7,100.0,AS,2.375,MHW
2015-11-01 21:00:00,ESCS,201510,13.3,53.1,100.0,AS,2.5,MHW
2015-11-02 00:00:00,ESCS,201510,13.2,52.5,100.0,AS,2.625,MHW
2015-11-02 03:00:00,ESCS,201510,13.2,52.2,95.0,AS,2.75,MHW
2015-11-02 06:00:00,ESCS,201510,13.3,51.6,90.0,AS,2.875,MHW
2015-11-02 09:00:00,ESCS,201510,13.3,51.0,90.0,AS,3.0,MHW
2015-11-02 12:00:00,VSCS,201510,13.4,50.5,85.0,AS,3.125,MHW
2015-11-02 15:00:00,VSCS,201510,13.5,50.0,85.0,AS,3.25,MHW
2015-11-02 18:00:00,VSCS,201510,13.7,49.6,80.0,AS,3.375,MHW
2015-11-02 21:00:00,VSCS,201510,13.8,49.3,75.0,AS,3.5,MHW
2015-11-03 00:00:00,VSCS,201510,14.0,48.8,65.0,AS,3.625,MHW
2015-11-03 03:00:00,SCS,201510,14.2,48.4,55.0,AS,3.75,MHW
2015-11-03 06:00:00,CS,201510,14.2,47.8,45.0,AS,3.875,MHW
2015-11-03 09:00:00,CS,201510,14.2,47.6,40.0,AS,4.0,MHW
2015-11-03 12:00:00,CS,201510,14.2,47.3,40.0,AS,4.125,MHW
2015-11-03 15:00:00,CS,201510,14.2,47.1,40.0,AS,4.25,MHW
2015-11-03 18:00:00,DD,201510,14.3,47.0,30.0,AS,4.375,MHW
2015-11-04 00:00:00,D,201510,14.8,46.5,25.0,AS,4.625,MHW
2015-11-05 00:00:00,D,201511,14.1,66.0,25.0,AS,-3.25,MHW
2015-11-05 03:00:00,D,201511,14.1,65.6,25.0,AS,-3.125,MHW
2015-11-05 06:00:00,DD,201511,14.1,64.8,30.0,AS,-3.0,MHW
2015-11-05 12:00:00,CS,201511,14.0,64.0,35.0,AS,-2.75,MHW
2015-11-05 15:00:00,CS,201511,13.9,63.7,40.0,AS,-2.625,MHW
2015-11-05 18:00:00,CS,201511,13.9,63.4,45.0,AS,-2.5,MHW
2015-11-05 21:00:00,CS,201511,13.8,63.0,45.0,AS,-2.375,MHW
2015-11-06 00:00:00,CS,201511,13.7,62.5,45.0,AS,-2.25,MHW
2015-11-06 03:00:00,CS,201511,13.5,62.2,45.0,AS,-2.125,MHW
2015-11-06 06:00:00,CS,201511,13.2,61.9,45.0,AS,-2.0,MHW
2015-11-06 09:00:00,CS,201511,13.1,61.5,45.0,AS,-1.875,MHW
2015-11-06 12:00:00,CS,201511,13.0,61.0,45.0,AS,-1.75,MHW
2015-11-06 15:00:00,CS,201511,12.9,60.8,45.0,AS,-1.625,MHW
2015-11-06 18:00:00,CS,201511,12.9,60.6,45.0,AS,-1.5,MHW
2015-11-06 21:00:00,CS,201511,12.8,60.4,45.0,AS,-1.375,MHW
2015-11-07 00:00:00,CS,201511,12.8,60.1,45.0,AS,-1.25,MHW
2015-11-07 03:00:00,CS,201511,12.8,59.6,45.0,AS,-1.125,MHW
2015-11-07 06:00:00,SCS,201511,12.7,59.2,50.0,AS,-1.0,MHW
2015-11-07 09:00:00,SCS,201511,12.6,58.8,55.0,AS,-0.875,MHW
2015-11-07 12:00:00,SCS,201511,12.7,58.4,60.0,AS,-0.75,MHW
2015-11-07 15:00:00,VSCS,201511,12.6,57.9,65.0,AS,-0.625,MHW
2015-11-07 18:00:00,VSCS,201511,12.7,57.3,70.0,AS,-0.5,MHW
2015-11-07 21:00:00,VSCS,201511,12.7,56.7,80.0,AS,-0.375,MHW
2015-11-08 00:00:00,VSCS,201511,12.7,56.1,85.0,AS,-0.25,MHW
2015-11-08 03:00:00,ESCS,201511,12.7,55.5,90.0,AS,-0.125,MHW
2015-11-08 06:00:00,ESCS,201511,12.7,54.9,95.0,AS,0.0,MHW
2015-11-08 09:00:00,ESCS,201511,12.7,54.2,95.0,AS,0.125,MHW
2015-11-08 12:00:00,ESCS,201511,12.7,53.5,90.0,AS,0.25,MHW
2015-11-08 15:00:00,ESCS,201511,12.7,52.9,90.0,AS,0.375,MHW
2015-11-08 18:00:00,ESCS,201511,12.5,52.4,90.0,AS,0.5,MHW
2015-11-08 21:00:00,ESCS,201511,12.5,51.7,90.0,AS,0.625,MHW
2015-11-09 00:00:00,VSCS,201511,12.3,51.0,85.0,AS,0.75,MHW
2015-11-09 03:00:00,VSCS,201511,12.3,50.3,80.0,AS,0.875,MHW
2015-11-09 06:00:00,VSCS,201511,12.3,49.6,80.0,AS,1.0,MHW
2015-11-09 09:00:00,VSCS,201511,12.4,48.8,75.0,AS,1.125,MHW
2015-11-09 12:00:00,VSCS,201511,12.5,48.0,70.0,AS,1.25,MHW
2015-11-09 15:00:00,VSCS,201511,12.5,47.6,65.0,AS,1.375,MHW
2015-11-09 18:00:00,VSCS,201511,12.6,47.2,65.0,AS,1.5,MHW
2015-11-09 21:00:00,SCS,201511,12.7,46.8,60.0,AS,1.625,MHW
2015-11-10 00:00:00,SCS,201511,12.9,46.4,50.0,AS,1.75,MHW
2015-11-10 03:00:00,CS,201511,13.1,46.2,40.0,AS,1.875,MHW
2015-11-10 06:00:00,DD,201511,13.3,46.1,30.0,AS,2.0,MHW
2015-11-10 12:00:00,D,201511,13.6,46.5,25.0,AS,2.25,MHW
2018-05-16 12:00:00,D,201802,13.0,50.0,25.0,AS,-1.5,NON-MHW
2018-05-16 18:00:00,DD,201802,13.2,49.6,30.0,AS,-1.25,NON-MHW
2018-05-17 00:00:00,DD,201802,13.2,49.0,30.0,AS,-1.0,NON-MHW
2018-05-17 03:00:00,CS,201802,13.2,48.7,35.0,AS,-0.875,NON-MHW
2018-05-17 06:00:00,CS,201802,13.0,48.4,35.0,AS,-0.75,NON-MHW
2018-05-17 09:00:00,CS,201802,13.0,48.3,35.0,AS,-0.625,NON-MHW
2018-05-17 12:00:00,CS,201802,13.0,48.1,40.0,AS,-0.5,NON-MHW
2018-05-17 15:00:00,CS,201802,13.0,47.8,40.0,AS,-0.375,NON-MHW
2018-05-17 18:00:00,CS,201802,12.8,47.5,40.0,AS,-0.25,NON-MHW
2018-05-17 21:00:00,CS,201802,12.7,47.2,40.0,AS,-0.125,NON-MHW
2018-05-18 00:00:00,CS,201802,12.4,46.6,45.0,AS,0.0,NON-MHW
2018-05-18 03:00:00,CS,201802,12.2,46.3,45.0,AS,0.125,NON-MHW
2018-05-18 06:00:00,CS,201802,12.0,46.0,45.0,AS,0.25,NON-MHW
2018-05-18 09:00:00,CS,201802,11.8,45.6,45.0,AS,0.375,NON-MHW
2018-05-18 12:00:00,CS,201802,11.6,45.5,45.0,AS,0.5,NON-MHW
2018-05-18 15:00:00,CS,201802,11.4,45.3,45.0,AS,0.625,NON-MHW
2018-05-18 18:00:00,CS,201802,11.3,45.1,45.0,AS,0.75,NON-MHW
2018-05-18 21:00:00,CS,201802,11.2,45.0,45.0,AS,0.875,NON-MHW
2018-05-19 00:00:00,CS,201802,11.1,44.8,45.0,AS,1.0,NON-MHW
2018-05-19 03:00:00,CS,201802,10.9,44.4,45.0,AS,1.125,NON-MHW
2018-05-19 06:00:00,CS,201802,10.8,44.1,40.0,AS,1.25,NON-MHW
2018-05-19 09:00:00,CS,201802,10.6,43.9,40.0,AS,1.375,NON-MHW
2018-05-19 12:00:00,CS,201802,10.4,43.6,35.0,AS,1.5,NON-MHW
2018-05-19 18:00:00,DD,201802,10.2,43.3,30.0,AS,1.75,NON-MHW
2018-05-20 00:00:00,D,201802,10.0,42.9,25.0,AS,2.0,NON-MHW
2018-05-21 12:00:00,D,201803,8.5,58.5,25.0,AS,-4.0,OTHER
2018-05-21 18:00:00,D,201803,8.7,58.0,25.0,AS,-3.75,OTHER
2018-05-22 00:00:00,D,201803,9.0,57.5,25.0,AS,-3.5,OTHER
2018-05-22 03:00:00,DD,201803,9.2,57.2,30.0,AS,-3.375,OTHER
2018-05-22 06:00:00,DD,201803,9.5,57.0,30.0,AS,-3.25,OTHER
2018-05-22 12:00:00,CS,201803,10.2,56.8,35.0,AS,-3.0,OTHER
2018-05-22 15:00:00,CS,201803,10.5,56.7,35.0,AS,-2.875,OTHER
2018-05-22 18:00:00,CS,201803,10.7,56.4,40.0,AS,-2.75,OTHER
2018-05-22 21:00:00,CS,201803,10.8,56.2,40.0,AS,-2.625,OTHER
2018-05-23 00:00:00,CS,201803,11.0,56.0,45.0,AS,-2.5,OTHER
2018-05-23 03:00:00,SCS,201803,11.2,55.9,55.0,AS,-2.375,OTHER
2018-05-23 06:00:00,SCS,201803,11.4,55.9,60.0,AS,-2.25,OTHER
2018-05-23 09:00:00,VSCS,201803,11.8,55.9,65.0,AS,-2.125,OTHER
2018-05-23 12:00:00,VSCS,201803,12.0,55.9,65.0,AS,-2.0,OTHER
2018-05-23 15:00:00,VSCS,201803,12.3,55.9,70.0,AS,-1.875,OTHER
2018-05-23 18:00:00,VSCS,201803,12.5,55.8,70.0,AS,-1.75,OTHER
2018-05-23 21:00:00,VSCS,201803,12.8,55.7,70.0,AS,-1.625,OTHER
2018-05-24 00:00:00,VSCS,201803,13.0,55.6,70.0,AS,-1.5,OTHER
2018-05-24 03:00:00,VSCS,201803,13.3,55.4,75.0,AS,-1.375,OTHER
2018-05-24 06:00:00,VSCS,201803,13.7,55.3,80.0,AS,-1.25,OTHER
2018-05-24 09:00:00,VSCS,201803,14.0,55.2,80.0,AS,-1.125,OTHER
2018-05-24 12:00:00,VSCS,201803,14.3,55.2,80.0,AS,-1.0,OTHER
2018-05-24 15:00:00,VSCS,201803,14.6,55.1,80.0,AS,-0.875,OTHER
2018-05-24 18:00:00,VSCS,201803,14.9,54.9,80.0,AS,-0.75,OTHER
2018-05-24 21:00:00,VSCS,201803,15.1,54.7,80.0,AS,-0.625,OTHER
2018-05-25 00:00:00,VSCS,201803,15.2,54.5,85.0,AS,-0.5,OTHER
2018-05-25 03:00:00,ESCS,201803,15.4,54.5,90.0,AS,-0.375,OTHER
2018-05-25 06:00:00,ESCS,201803,15.8,54.4,90.0,AS,-0.25,OTHER
2018-05-25 09:00:00,ESCS,201803,16.2,54.2,90.0,AS,-0.125,OTHER
2018-05-25 12:00:00,ESCS,201803,16.4,54.1,95.0,AS,0.0,OTHER
2018-05-25 15:00:00,ESCS,201803,16.5,54.0,95.0,AS,0.125,OTHER
2018-05-25 18:00:00,ESCS,201803,16.7,53.9,95.0,AS,0.25,OTHER
2018-05-25 21:00:00,ESCS,201803,17.1,53.6,90.0,AS,0.375,OTHER
2018-05-26 00:00:00,VSCS,201803,17.2,53.5,75.0,AS,0.5,OTHER
2018-05-26 03:00:00,SCS,201803,17.4,53.4,60.0,AS,0.625,OTHER
2018-05-26 06:00:00,SCS,201803,17.8,53.2,50.0,AS,0.75,OTHER
2018-05-26 09:00:00,CS,201803,18.1,53.1,45.0,AS,0.875,OTHER
2018-05-26 12:00:00,CS,201803,18.3,53.0,40.0,AS,1.0,OTHER
2018-05-26 15:00:00,CS,201803,18.5,52.9,35.0,AS,1.125,OTHER
2018-05-26 18:00:00,DD,201803,18.6,52.8,30.0,AS,1.25,OTHER
2018-05-27 00:00:00,D,201803,19.0,52.6,25.0,AS,1.5,OTHER
2018-10-06 09:00:00,D,201811,11.2,67.0,25.0,AS,-3.875,MHW
2018-10-06 12:00:00,D,201811,11.3,66.9,25.0,AS,-3.75,MHW
2018-10-06 18:00:00,D,201811,11.6,66.5,25.0,AS,-3.5,MHW
2018-10-07 00:00:00,D,201811,11.9,65.8,25.0,AS,-3.25,MHW
2018-10-07 03:00:00,D,201811,12.0,65.6,25.0,AS,-3.125,MHW
2018-10-07 06:00:00,D,201811,12.0,65.4,25.0,AS,-3.0,MHW
2018-10-07 09:00:00,DD,201811,12.0,64.8,30.0,AS,-2.875,MHW
2018-10-07 12:00:00,DD,201811,12.1,64.3,30.0,AS,-2.75,MHW
2018-10-07 18:00:00,DD,201811,12.2,63.5,30.0,AS,-2.5,MHW
2018-10-08 00:00:00,CS,201811,12.3,62.4,35.0,AS,-2.25,MHW
2018-10-08 03:00:00,CS,201811,12.4,62.0,40.0,AS,-2.125,MHW
2018-10-08 06:00:00,CS,201811,12.4,61.8,40.0,AS,-2.0,MHW
2018-10-08 09:00:00,CS,201811,12.5,61.5,45.0,AS,-1.875,MHW
2018-10-08 12:00:00,CS,201811,12.5,61.0,45.0,AS,-1.75,MHW
2018-10-08 15:00:00,CS,201811,12.6,60.8,45.0,AS,-1.625,MHW
2018-10-08 18:00:00,CS,201811,12.7,60.5,45.0,AS,-1.5,MHW
2018-10-08 21:00:00,CS,201811,12.8,60.2,45.0,AS,-1.375,MHW
2018-10-09 00:00:00,CS,201811,12.9,60.2,45.0,AS,-1.25,MHW
2018-10-09 03:00:00,CS,201811,13.0,60.1,45.0,AS,-1.125,MHW
2018-10-09 06:00:00,CS,201811,13.1,60.1,45.0,AS,-1.0,MHW
2018-10-09 09:00:00,SCS,201811,13.2,60.0,50.0,AS,-0.875,MHW
2018-10-09 12:00:00,SCS,201811,13.3,59.7,55.0,AS,-0.75,MHW
2018-10-09 15:00:00,SCS,201811,13.4,59.5,55.0,AS,-0.625,MHW
2018-10-09 18:00:00,SCS,201811,13.5,59.3,55.0,AS,-0.5,MHW
2018-10-09 21:00:00,SCS,201811,13.6,59.1,60.0,AS,-0.375,MHW
2018-10-10 00:00:00,VSCS,201811,14.1,59.0,65.0,AS,-0.25,MHW
2018-10-10 03:00:00,VSCS,201811,14.1,59.0,65.0,AS,-0.125,MHW
2018-10-10 06:00:00,VSCS,201811,14.2,58.9,75.0,AS,0.0,MHW
2018-10-10 09:00:00,VSCS,201811,14.4,58.7,75.0,AS,0.125,MHW
2018-10-10 12:00:00,VSCS,201811,14.4,58.6,75.0,AS,0.25,MHW
2018-10-10 15:00:00,VSCS,201811,14.5,58.5,75.0,AS,0.375,MHW
2018-10-10 18:00:00,VSCS,201811,14.6,58.4,75.0,AS,0.5,MHW
2018-10-10 21:00:00,VSCS,201811,14.6,58.4,75.0,AS,0.625,MHW
2018-11-10 00:00:00,VSCS,201811,14.7,58.1,75.0,AS,30.75,MHW
2018-11-10 03:00:00,VSCS,201811,14.5,58.0,70.0,AS,30.875,MHW
2018-11-10 06:00:00,VSCS,201811,14.5,57.8,70.0,AS,31.0,MHW
2018-11-10 09:00:00,VSCS,201811,14.5,57.8,70.0,AS,31.125,MHW
2018-11-10 12:00:00,VSCS,201811,14.5,57.7,70.0,AS,31.25,MHW
2018-11-10 15:00:00,VSCS,201811,14.5,57.7,70.0,AS,31.375,MHW
2018-11-10 18:00:00,VSCS,201811,14.6,57.6,70.0,AS,31.5,MHW
2018-11-10 21:00:00,VSCS,201811,14.7,57.6,65.0,AS,31.625,MHW
2018-12-10 00:00:00,SCS,201811,14.7,57.6,60.0,AS,60.75,MHW
2018-12-10 03:00:00,SCS,201811,14.7,57.4,55.0,AS,60.875,MHW
2018-12-10 06:00:00,SCS,201811,14.7,57.3,50.0,AS,61.0,MHW
2018-12-10 09:00:00,SCS,201811,14.7,57.2,50.0,AS,61.125,MHW
2018-12-10 12:00:00,SCS,201811,14.7,57.1,50.0,AS,61.25,MHW
2018-12-10 15:00:00,SCS,201811,14.7,56.9,50.0,AS,61.375,MHW
2018-12-10 18:00:00,CS,201811,14.8,56.6,45.0,AS,61.5,MHW
2018-12-10 21:00:00,CS,201811,14.8,56.3,45.0,AS,61.625,MHW
2018-10-13 00:00:00,CS,201811,14.8,56.0,45.0,AS,2.75,MHW
2018-10-13 03:00:00,CS,201811,14.8,55.6,40.0,AS,2.875,MHW
2018-10-13 06:00:00,CS,201811,14.9,55.2,40.0,AS,3.0,MHW
2018-10-13 09:00:00,CS,201811,14.9,54.8,40.0,AS,3.125,MHW
2018-10-13 12:00:00,CS,201811,14.9,54.4,40.0,AS,3.25,MHW
2018-10-13 15:00:00,CS,201811,14.9,54.0,40.0,AS,3.375,MHW
2018-10-13 18:00:00,CS,201811,15.0,53.7,40.0,AS,3.5,MHW
2018-10-13 21:00:00,CS,201811,15.1,53.3,40.0,AS,3.625,MHW
2018-10-14 00:00:00,CS,201811,15.3,52.8,40.0,AS,3.75,MHW
2018-10-14 03:00:00,CS,201811,15.6,52.5,40.0,AS,3.875,MHW
2018-10-14 06:00:00,CS,201811,15.9,52.1,35.0,AS,4.0,MHW
2018-10-14 09:00:00,DD,201811,15.9,51.7,30.0,AS,4.125,MHW
2018-10-14 12:00:00,DD,201811,15.9,51.2,30.0,AS,4.25,MHW
2018-10-14 18:00:00,D,201811,16.2,50.7,25.0,AS,4.5,MHW
2018-10-15 00:00:00,D,201811,16.2,49.0,25.0,AS,4.75,MHW
2019-06-10 00:00:00,D,201903,11.7,71.0,25.0,AS,-2.375,MHW
2019-06-10 03:00:00,D,201903,12.5,71.0,25.0,AS,-2.25,MHW
2019-06-10 06:00:00,DD,201903,12.5,70.9,30.0,AS,-2.125,MHW
2019-06-10 12:00:00,DD,201903,13.3,70.8,30.0,AS,-1.875,MHW
2019-06-10 18:00:00,CS,201903,13.9,70.6,35.0,AS,-1.625,MHW
2019-06-10 21:00:00,CS,201903,14.2,70.6,35.0,AS,-1.5,MHW
2019-06-11 00:00:00,CS,201903,14.7,70.6,40.0,AS,-1.375,MHW
2019-06-11 03:00:00,CS,201903,15.0,70.6,40.0,AS,-1.25,MHW
2019-06-11 06:00:00,CS,201903,15.2,70.6,45.0,AS,-1.125,MHW
2019-06-11 09:00:00,CS,201903,15.7,70.6,45.0,AS,-1.0,MHW
2019-06-11 12:00:00,SCS,201903,16.1,70.6,55.0,AS,-0.875,MHW
2019-06-11 15:00:00,SCS,201903,16.7,70.6,60.0,AS,-0.75,MHW
2019-06-11 18:00:00,VSCS,201903,17.1,70.6,65.0,AS,-0.625,MHW
2019-06-11 21:00:00,VSCS,201903,17.5,70.6,70.0,AS,-0.5,MHW
2019-06-12 00:00:00,VSCS,201903,17.8,70.4,75.0,AS,-0.375,MHW
2019-06-12 03:00:00,VSCS,201903,18.0,70.3,75.0,AS,-0.25,MHW
2019-06-12 06:00:00,VSCS,201903,18.4,70.0,75.0,AS,-0.125,MHW
2019-06-12 09:00:00,VSCS,201903,18.8,69.9,80.0,AS,0.0,MHW
2019-06-12 12:00:00,VSCS,201903,19.1,69.9,80.0,AS,0.125,MHW
2019-06-12 15:00:00,VSCS,201903,19.5,69.8,80.0,AS,0.25,MHW
2019-06-12 18:00:00,VSCS,201903,19.7,69.7,80.0,AS,0.375,MHW
2019-06-12 21:00:00,VSCS,201903,20.0,69.6,80.0,AS,0.5,MHW
2019-06-13 00:00:00,VSCS,201903,20.3,69.5,80.0,AS,0.625,MHW
2019-06-13 03:00:00,VSCS,201903,20.4,69.4,80.0,AS,0.75,MHW
2019-06-13 06:00:00,VSCS,201903,20.5,69.3,80.0,AS,0.875,MHW
2019-06-13 09:00:00,VSCS,201903,20.7,69.1,80.0,AS,1.0,MHW
2019-06-13 12:00:00,VSCS,201903,20.9,69.0,80.0,AS,1.125,MHW
2019-06-13 15:00:00,VSCS,201903,20.9,68.8,80.0,AS,1.25,MHW
2019-06-13 18:00:00,VSCS,201903,20.9,68.8,80.0,AS,1.375,MHW
2019-06-13 21:00:00,VSCS,201903,20.9,68.6,80.0,AS,1.5,MHW
2019-06-14 00:00:00,VSCS,201903,21.0,68.5,80.0,AS,1.625,MHW
2019-06-14 03:00:00,VSCS,201903,21.0,68.3,75.0,AS,1.75,MHW
2019-06-14 06:00:00,VSCS,201903,21.0,68.2,75.0,AS,1.875,MHW
2019-06-14 09:00:00,VSCS,201903,20.9,68.1,75.0,AS,2.0,MHW
2019-06-14 12:00:00,VSCS,201903,20.8,68.0,70.0,AS,2.125,MHW
2019-06-14 15:00:00,VSCS,201903,20.8,67.9,70.0,AS,2.25,MHW
2019-06-14 18:00:00,VSCS,201903,20.8,67.8,65.0,AS,2.375,MHW
2019-06-14 21:00:00,VSCS,201903,20.8,67.5,65.0,AS,2.5,MHW
2019-06-15 00:00:00,VSCS,201903,20.7,67.4,65.0,AS,2.625,MHW
2019-06-15 03:00:00,VSCS,201903,20.7,67.4,65.0,AS,2.75,MHW
2019-06-15 06:00:00,VSCS,201903,20.7,66.9,65.0,AS,2.875,MHW
2019-06-15 09:00:00,VSCS,201903,20.7,66.7,65.0,AS,3.0,MHW
2019-06-15 12:00:00,VSCS,201903,20.7,66.4,65.0,AS,3.125,MHW
2019-06-15 15:00:00,VSCS,201903,20.7,66.3,65.0,AS,3.25,MHW
2019-06-15 18:00:00,VSCS,201903,20.7,66.0,65.0,AS,3.375,MHW
2019-06-15 21:00:00,VSCS,201903,20.7,65.9,65.0,AS,3.5,MHW
2019-06-16 00:00:00,SCS,201903,20.7,65.5,60.0,AS,3.625,MHW
2019-06-16 03:00:00,SCS,201903,20.8,65.2,55.0,AS,3.75,MHW
2019-06-16 06:00:00,SCS,201903,20.9,65.1,55.0,AS,3.875,MHW
2019-06-16 09:00:00,SCS,201903,20.9,65.0,55.0,AS,4.0,MHW
2019-06-16 12:00:00,SCS,201903,21.0,65.1,50.0,AS,4.125,MHW
2019-06-16 15:00:00,CS,201903,21.2,65.5,45.0,AS,4.25,MHW
2019-06-16 18:00:00,CS,201903,21.3,66.0,40.0,AS,4.375,MHW
2019-06-16 21:00:00,CS,201903,21.5,66.4,40.0,AS,4.5,MHW
2019-06-17 00:00:00,CS,201903,21.7,66.7,35.0,AS,4.625,MHW
2019-06-17 03:00:00,DD,201903,21.8,66.8,30.0,AS,4.75,MHW
2019-06-17 06:00:00,DD,201903,22.0,67.0,30.0,AS,4.875,MHW
2019-06-17 09:00:00,D,201903,22.2,67.4,25.0,AS,5.0,MHW
2019-06-17 12:00:00,D,201903,22.5,67.8,20.0,AS,5.125,MHW
2019-09-22 03:00:00,D,201905,19.8,69.4,25.0,AS,-2.0,OTHER
2019-09-22 06:00:00,D,201905,20.0,69.0,25.0,AS,-1.875,OTHER
2019-09-22 12:00:00,DD,201905,20.4,68.2,30.0,AS,-1.625,OTHER
2019-09-22 18:00:00,DD,201905,20.5,67.2,30.0,AS,-1.375,OTHER
2019-09-23 00:00:00,CS,201905,20.5,66.2,35.0,AS,-1.125,OTHER
2019-09-23 03:00:00,CS,201905,20.4,65.7,40.0,AS,-1.0,OTHER
2019-09-23 06:00:00,CS,201905,20.3,65.0,45.0,AS,-0.875,OTHER
2019-09-23 09:00:00,SCS,201905,20.2,64.2,55.0,AS,-0.75,OTHER
2019-09-23 12:00:00,SCS,201905,20.2,63.7,55.0,AS,-0.625,OTHER
2019-09-23 15:00:00,SCS,201905,20.2,62.9,55.0,AS,-0.5,OTHER
2019-09-23 18:00:00,SCS,201905,20.2,62.3,60.0,AS,-0.375,OTHER
2019-09-23 21:00:00,SCS,201905,20.2,61.5,60.0,AS,-0.25,OTHER
2019-09-24 00:00:00,VSCS,201905,20.1,61.0,70.0,AS,-0.125,OTHER
2019-09-24 03:00:00,VSCS,201905,20.1,60.3,75.0,AS,0.0,OTHER
2019-09-24 06:00:00,VSCS,201905,20.0,59.5,75.0,AS,0.125,OTHER
2019-09-24 09:00:00,VSCS,201905,19.9,58.9,75.0,AS,0.25,OTHER
2019-09-24 12:00:00,VSCS,201905,19.8,58.3,75.0,AS,0.375,OTHER
2019-09-24 15:00:00,SCS,201905,19.7,57.6,60.0,AS,0.5,OTHER
2019-09-24 18:00:00,SCS,201905,19.7,57.1,55.0,AS,0.625,OTHER
2019-09-24 21:00:00,CS,201905,19.6,56.6,45.0,AS,0.75,OTHER
2019-09-25 00:00:00,CS,201905,19.6,55.9,35.0,AS,0.875,OTHER
2019-09-25 03:00:00,DD,201905,19.5,55.5,30.0,AS,1.0,OTHER
2019-09-25 06:00:00,D,201905,19.3,55.0,25.0,AS,1.125,OTHER
2019-10-24 03:00:00,D,201907,15.4,70.4,25.0,AS,-3.25,OTHER
2019-10-24 06:00:00,D,201907,15.4,70.4,25.0,AS,-3.125,OTHER
2019-10-24 12:00:00,DD,201907,15.5,70.8,30.0,AS,-2.875,OTHER
2019-10-24 18:00:00,DD,201907,15.7,71.3,30.0,AS,-2.625,OTHER
2019-10-25 00:00:00,CS,201907,15.9,71.5,40.0,AS,-2.375,OTHER
2019-10-25 03:00:00,CS,201907,16.0,71.6,40.0,AS,-2.25,OTHER
2019-10-25 06:00:00,CS,201907,16.1,71.8,45.0,AS,-2.125,OTHER
2019-10-25 09:00:00,CS,201907,16.2,71.7,45.0,AS,-2.0,OTHER
2019-10-25 12:00:00,SCS,201907,16.3,71.7,50.0,AS,-1.875,OTHER
2019-10-25 15:00:00,SCS,201907,16.3,71.7,55.0,AS,-1.75,OTHER
2019-10-25 18:00:00,SCS,201907,16.4,71.5,55.0,AS,-1.625,OTHER
2019-10-25 21:00:00,SCS,201907,16.5,71.2,60.0,AS,-1.5,OTHER
2019-10-26 00:00:00,VSCS,201907,16.5,70.8,65.0,AS,-1.375,OTHER
2019-10-26 03:00:00,VSCS,201907,16.6,70.5,65.0,AS,-1.25,OTHER
2019-10-26 06:00:00,VSCS,201907,16.6,70.0,75.0,AS,-1.125,OTHER
2019-10-26 09:00:00,VSCS,201907,16.6,69.8,80.0,AS,-1.0,OTHER
2019-10-26 12:00:00,VSCS,201907,16.7,69.4,85.0,AS,-0.875,OTHER
2019-10-26 15:00:00,ESCS,201907,16.7,69.1,90.0,AS,-0.75,OTHER
2019-10-26 18:00:00,ESCS,201907,16.8,68.9,105.0,AS,-0.625,OTHER
2019-10-26 21:00:00,ESCS,201907,16.9,68.5,110.0,AS,-0.5,OTHER
2019-10-27 00:00:00,SUCS,201907,17.0,68.2,120.0,AS,-0.375,OTHER
2019-10-27 03:00:00,SUCS,201907,17.1,67.8,125.0,AS,-0.25,OTHER
2019-10-27 06:00:00,SUCS,201907,17.2,67.3,125.0,AS,-0.125,OTHER
2019-10-27 09:00:00,SUCS,201907,17.4,67.0,130.0,AS,0.0,OTHER
2019-10-27 12:00:00,SUCS,201907,17.5,66.7,130.0,AS,0.125,OTHER
2019-10-27 15:00:00,SUCS,201907,17.5,66.5,130.0,AS,0.25,OTHER
2019-10-27 18:00:00,SUCS,201907,17.8,66.3,130.0,AS,0.375,OTHER
2019-10-27 21:00:00,SUCS,201907,18.0,65.7,125.0,AS,0.5,OTHER
2019-10-28 00:00:00,SUCS,201907,18.1,65.4,125.0,AS,0.625,OTHER
2019-10-28 03:00:00,SUCS,201907,18.2,65.0,125.0,AS,0.75,OTHER
2019-10-28 06:00:00,SUCS,201907,18.3,64.7,125.0,AS,0.875,OTHER
2019-10-28 09:00:00,SUCS,201907,18.4,64.5,125.0,AS,1.0,OTHER
2019-10-28 12:00:00,SUCS,201907,18.5,64.3,125.0,AS,1.125,OTHER
2019-10-28 15:00:00,SUCS,201907,18.7,64.1,125.0,AS,1.25,OTHER
2019-10-28 18:00:00,SUCS,201907,18.8,63.9,125.0,AS,1.375,OTHER
2019-10-28 21:00:00,SUCS,201907,18.9,63.8,125.0,AS,1.5,OTHER
2019-10-29 00:00:00,SUCS,201907,19.1,63.5,120.0,AS,1.625,OTHER
2019-10-29 03:00:00,ESCS,201907,19.2,63.4,115.0,AS,1.75,OTHER
2019-10-29 06:00:00,ESCS,201907,19.4,63.2,110.0,AS,1.875,OTHER
2019-10-29 09:00:00,ESCS,201907,19.4,63.1,105.0,AS,2.0,OTHER
2019-10-29 12:00:00,ESCS,201907,19.5,63.1,100.0,AS,2.125,OTHER
2019-10-29 15:00:00,ESCS,201907,19.5,62.9,100.0,AS,2.25,OTHER
2019-10-29 18:00:00,ESCS,201907,19.6,62.8,95.0,AS,2.375,OTHER
2019-10-29 21:00:00,ESCS,201907,19.6,62.6,90.0,AS,2.5,OTHER
2019-10-30 00:00:00,VSCS,201907,19.6,62.3,85.0,AS,2.625,OTHER
2019-10-30 03:00:00,VSCS,201907,19.6,62.1,80.0,AS,2.75,OTHER
2019-10-30 06:00:00,VSCS,201907,19.4,61.8,75.0,AS,2.875,OTHER
2019-10-30 09:00:00,VSCS,201907,19.3,61.7,70.0,AS,3.0,OTHER
2019-10-30 12:00:00,VSCS,201907,19.0,61.5,65.0,AS,3.125,OTHER
2019-10-30 15:00:00,SCS,201907,18.9,61.2,60.0,AS,3.25,OTHER
2019-10-30 18:00:00,SCS,201907,18.7,61.0,55.0,AS,3.375,OTHER
2019-10-30 21:00:00,SCS,201907,18.5,60.7,55.0,AS,3.5,OTHER
2019-10-31 00:00:00,SCS,201907,18.4,60.5,50.0,AS,3.625,OTHER
2019-10-31 03:00:00,CS,201907,18.0,60.2,45.0,AS,3.75,OTHER
2019-10-31 06:00:00,CS,201907,17.7,60.1,40.0,AS,3.875,OTHER
2019-10-31 09:00:00,CS,201907,17.5,60.0,40.0,AS,4.0,OTHER
2019-10-31 12:00:00,CS,201907,17.4,59.9,35.0,AS,4.125,OTHER
2019-10-31 15:00:00,DD,201907,17.2,59.6,30.0,AS,4.25,OTHER
2019-10-31 18:00:00,DD,201907,16.8,59.6,30.0,AS,4.375,OTHER
2019-10-31 21:00:00,DD,201907,16.7,59.5,30.0,AS,4.5,OTHER
2019-11-01 00:00:00,D,201907,16.5,59.3,25.0,AS,4.625,OTHER
2019-11-01 03:00:00,D,201907,16.3,59.0,25.0,AS,4.75,OTHER
2019-11-01 06:00:00,D,201907,16.0,58.7,25.0,AS,4.875,OTHER
2019-11-01 09:00:00,D,201907,15.8,58.4,25.0,AS,5.0,OTHER
2019-11-01 12:00:00,D,201907,15.4,57.5,25.0,AS,5.125,OTHER
2019-11-01 15:00:00,D,201907,15.0,57.4,25.0,AS,5.25,OTHER
2019-11-01 18:00:00,D,201907,14.5,57.0,25.0,AS,5.375,OTHER
2019-11-01 21:00:00,D,201907,14.0,56.4,25.0,AS,5.5,OTHER
2019-11-02 00:00:00,D,201907,13.7,55.8,25.0,AS,5.625,OTHER
2019-11-02 03:00:00,D,201907,13.5,55.0,25.0,AS,5.75,OTHER
2019-11-02 06:00:00,D,201907,13.1,54.1,25.0,AS,5.875,OTHER
2019-11-02 09:00:00,D,201907,12.5,53.8,25.0,AS,6.0,OTHER
2019-11-02 12:00:00,D,201907,12.5,53.0,20.0,AS,6.125,OTHER
2019-11-02 15:00:00,D,201907,12.0,52.5,20.0,AS,6.25,OTHER
2019-10-30 00:00:00,D,201908,6.5,76.2,25.0,AS,-5.5,OTHER
2019-10-30 03:00:00,D,201908,8.0,75.0,25.0,AS,-5.375,OTHER
2019-10-30 06:00:00,D,201908,8.0,75.0,25.0,AS,-5.25,OTHER
2019-10-30 09:00:00,DD,201908,8.5,74.5,30.0,AS,-5.125,OTHER
2019-10-30 12:00:00,CS,201908,9.0,74.1,35.0,AS,-5.0,OTHER
2019-10-30 15:00:00,CS,201908,9.6,73.8,40.0,AS,-4.875,OTHER
2019-10-30 18:00:00,CS,201908,10.2,73.3,40.0,AS,-4.75,OTHER
2019-10-30 21:00:00,CS,201908,10.6,73.1,40.0,AS,-4.625,OTHER
2019-10-31 00:00:00,CS,201908,11.0,73.0,45.0,AS,-4.5,OTHER
2019-10-31 03:00:00,CS,201908,11.5,72.8,45.0,AS,-4.375,OTHER
2019-10-31 06:00:00,SCS,201908,11.9,72.8,50.0,AS,-4.25,OTHER
2019-10-31 09:00:00,SCS,201908,12.3,72.8,50.0,AS,-4.125,OTHER
2019-10-31 12:00:00,SCS,201908,12.8,72.4,50.0,AS,-4.0,OTHER
2019-10-31 15:00:00,SCS,201908,13.3,72.2,55.0,AS,-3.875,OTHER
2019-10-31 18:00:00,SCS,201908,13.7,72.1,55.0,AS,-3.75,OTHER
2019-10-31 21:00:00,SCS,201908,13.9,72.0,55.0,AS,-3.625,OTHER
2019-11-01 00:00:00,SCS,201908,14.6,71.7,55.0,AS,-3.5,OTHER
2019-11-01 03:00:00,SCS,201908,14.8,71.0,55.0,AS,-3.375,OTHER
2019-11-01 06:00:00,SCS,201908,15.2,70.5,55.0,AS,-3.25,OTHER
2019-11-01 09:00:00,SCS,201908,15.4,70.0,55.0,AS,-3.125,OTHER
2019-11-01 12:00:00,SCS,201908,15.6,69.5,50.0,AS,-3.0,OTHER
2019-11-01 15:00:00,SCS,201908,15.7,69.2,50.0,AS,-2.875,OTHER
2019-11-01 18:00:00,SCS,201908,15.9,69.1,50.0,AS,-2.75,OTHER
2019-11-01 21:00:00,SCS,201908,16.2,68.8,50.0,AS,-2.625,OTHER
2019-11-02 00:00:00,SCS,201908,16.3,68.5,50.0,AS,-2.5,OTHER
2019-11-02 03:00:00,SCS,201908,16.4,68.3,50.0,AS,-2.375,OTHER
2019-11-02 06:00:00,SCS,201908,16.5,68.2,50.0,AS,-2.25,OTHER
2019-11-02 09:00:00,SCS,201908,16.8,67.9,50.0,AS,-2.125,OTHER
2019-11-02 12:00:00,SCS,201908,17.0,67.6,55.0,AS,-2.0,OTHER
2019-11-02 15:00:00,SCS,201908,17.1,67.3,55.0,AS,-1.875,OTHER
2019-11-02 18:00:00,SCS,201908,17.2,67.0,60.0,AS,-1.75,OTHER
2019-11-02 21:00:00,SCS,201908,17.5,66.8,60.0,AS,-1.625,OTHER
2019-11-03 00:00:00,SCS,201908,17.6,66.5,60.0,AS,-1.5,OTHER
2019-11-03 03:00:00,SCS,201908,17.6,66.4,60.0,AS,-1.375,OTHER
2019-11-03 06:00:00,SCS,201908,17.6,66.2,60.0,AS,-1.25,OTHER
2019-11-03 09:00:00,VSCS,201908,17.6,65.9,65.0,AS,-1.125,OTHER
2019-11-03 12:00:00,VSCS,201908,17.7,65.7,70.0,AS,-1.0,OTHER
2019-11-03 15:00:00,VSCS,201908,17.8,65.6,75.0,AS,-0.875,OTHER
2019-11-03 18:00:00,VSCS,201908,17.9,65.4,80.0,AS,-0.75,OTHER
2019-11-03 21:00:00,VSCS,201908,18.0,65.0,85.0,AS,-0.625,OTHER
2019-11-04 00:00:00,ESCS,201908,18.1,64.8,90.0,AS,-0.5,OTHER
2019-11-04 03:00:00,ESCS,201908,18.3,64.6,90.0,AS,-0.375,OTHER
2019-11-04 06:00:00,ESCS,201908,18.6,64.3,90.0,AS,-0.25,OTHER
2019-11-04 09:00:00,ESCS,201908,18.7,64.2,95.0,AS,-0.125,OTHER
2019-11-04 12:00:00,ESCS,201908,18.9,64.1,100.0,AS,0.0,OTHER
2019-11-04 15:00:00,ESCS,201908,19.2,63.9,100.0,AS,0.125,OTHER
2019-11-04 18:00:00,ESCS,201908,19.3,63.7,100.0,AS,0.25,OTHER
2019-11-04 21:00:00,ESCS,201908,19.5,63.6,100.0,AS,0.375,OTHER
2019-11-05 00:00:00,ESCS,201908,19.6,63.6,90.0,AS,0.5,OTHER
2019-11-05 03:00:00,VSCS,201908,19.7,63.6,85.0,AS,0.625,OTHER
2019-11-05 06:00:00,VSCS,201908,19.8,63.7,80.0,AS,0.75,OTHER
2019-11-05 09:00:00,VSCS,201908,19.8,63.8,80.0,AS,0.875,OTHER
2019-11-05 12:00:00,VSCS,201908,19.8,64.1,70.0,AS,1.0,OTHER
2019-11-05 15:00:00,VSCS,201908,19.8,64.3,70.0,AS,1.125,OTHER
2019-11-05 18:00:00,VSCS,201908,19.8,64.9,70.0,AS,1.25,OTHER
2019-11-05 21:00:00,VSCS,201908,19.8,65.5,70.0,AS,1.375,OTHER
2019-11-06 00:00:00,SCS,201908,19.8,65.8,60.0,AS,1.5,OTHER
2019-11-06 03:00:00,SCS,201908,19.8,66.3,55.0,AS,1.625,OTHER
2019-11-06 06:00:00,SCS,201908,19.7,66.5,50.0,AS,1.75,OTHER
2019-11-06 09:00:00,SCS,201908,19.6,67.1,50.0,AS,1.875,OTHER
2019-11-06 12:00:00,CS,201908,19.7,67.7,45.0,AS,2.0,OTHER
2019-11-06 15:00:00,CS,201908,19.8,68.3,40.0,AS,2.125,OTHER
2019-11-06 18:00:00,CS,201908,19.8,68.4,40.0,AS,2.25,OTHER
2019-11-06 21:00:00,CS,201908,19.8,68.9,35.0,AS,2.375,OTHER
2019-11-07 00:00:00,DD,201908,19.8,69.4,30.0,AS,2.5,OTHER
2019-11-07 03:00:00,DD,201908,20.0,70.0,30.0,AS,2.625,OTHER
2019-11-07 06:00:00,D,201908,20.0,70.4,25.0,AS,2.75,OTHER
2019-11-07 09:00:00,D,201908,20.2,70.6,20.0,AS,2.875,OTHER
2019-12-02 12:00:00,D,201910,5.7,56.6,25.0,AS,-3.0,OTHER
2019-12-02 18:00:00,D,201910,6.1,56.5,25.0,AS,-2.75,OTHER
2019-12-03 00:00:00,DD,201910,6.5,56.5,30.0,AS,-2.5,OTHER
2019-12-03 03:00:00,DD,201910,6.8,56.4,30.0,AS,-2.375,OTHER
2019-12-03 06:00:00,DD,201910,7.0,56.3,30.0,AS,-2.25,OTHER
2019-12-03 12:00:00,DD,201910,7.0,56.5,30.0,AS,-2.0,OTHER
2019-12-03 18:00:00,DD,201910,7.0,56.6,30.0,AS,-1.75,OTHER
2019-12-04 00:00:00,DD,201910,7.2,56.6,30.0,AS,-1.5,OTHER
2019-12-04 03:00:00,DD,201910,7.4,56.6,30.0,AS,-1.375,OTHER
2019-12-04 06:00:00,DD,201910,7.4,56.6,30.0,AS,-1.25,OTHER
2019-12-04 12:00:00,DD,201910,7.4,56.6,30.0,AS,-1.0,OTHER
2019-12-04 18:00:00,DD,201910,8.5,56.7,30.0,AS,-0.75,OTHER
2019-12-05 00:00:00,CS,201910,9.2,56.4,35.0,AS,-0.5,OTHER
2019-12-05 03:00:00,CS,201910,9.2,56.4,35.0,AS,-0.375,OTHER
2019-12-05 06:00:00,CS,201910,9.5,56.3,35.0,AS,-0.25,OTHER
2019-12-05 09:00:00,CS,201910,9.5,55.6,35.0,AS,-0.125,OTHER
2019-12-05 12:00:00,CS,201910,9.6,55.1,40.0,AS,0.0,OTHER
2019-12-05 15:00:00,CS,201910,9.6,54.9,35.0,AS,0.125,OTHER
2019-12-05 18:00:00,CS,201910,9.3,54.5,35.0,AS,0.25,OTHER
2019-12-05 21:00:00,CS,201910,9.0,54.0,35.0,AS,0.375,OTHER
2019-12-06 00:00:00,CS,201910,8.5,53.3,35.0,AS,0.5,OTHER
2019-12-06 03:00:00,CS,201910,8.3,53.0,35.0,AS,0.625,OTHER
2019-12-06 06:00:00,CS,201910,8.0,52.6,35.0,AS,0.75,OTHER
2019-12-06 09:00:00,CS,201910,7.9,52.6,35.0,AS,0.875,OTHER
2019-12-06 12:00:00,CS,201910,7.9,52.3,35.0,AS,1.0,OTHER
2019-12-06 15:00:00,CS,201910,7.7,51.8,35.0,AS,1.125,OTHER
2019-12-06 18:00:00,CS,201910,7.5,51.3,35.0,AS,1.25,OTHER
2019-12-06 21:00:00,CS,201910,7.5,50.9,35.0,AS,1.375,OTHER
2019-12-07 00:00:00,CS,201910,7.4,49.8,35.0,AS,1.5,OTHER
2019-12-07 03:00:00,DD,201910,7.4,49.5,30.0,AS,1.625,OTHER
2019-12-07 06:00:00,DD,201910,7.4,48.9,30.0,AS,1.75,OTHER
2019-12-07 09:00:00,D,201910,7.3,48.3,25.0,AS,1.875,OTHER
2021-05-14 03:00:00,D,202102,10.5,72.3,25.0,AS,-2.875,MHW
2021-05-14 06:00:00,D,202102,11.0,72.5,25.0,AS,-2.75,MHW
2021-05-14 09:00:00,DD,202102,11.5,72.5,30.0,AS,-2.625,MHW
2021-05-14 12:00:00,DD,202102,11.6,72.6,30.0,AS,-2.5,MHW
2021-05-14 18:00:00,CS,202102,12.2,72.6,35.0,AS,-2.25,MHW
2021-05-14 21:00:00,CS,202102,12.2,72.6,40.0,AS,-2.125,MHW
2021-05-15 00:00:00,CS,202102,12.7,72.5,40.0,AS,-2.0,MHW
2021-05-15 03:00:00,CS,202102,12.8,72.5,40.0,AS,-1.875,MHW
2021-05-15 06:00:00,CS,202102,13.2,72.6,45.0,AS,-1.75,MHW
2021-05-15 09:00:00,CS,202102,13.5,72.7,45.0,AS,-1.625,MHW
2021-05-15 12:00:00,SCS,202102,13.8,72.7,55.0,AS,-1.5,MHW
2021-05-15 15:00:00,SCS,202102,14.2,72.7,55.0,AS,-1.375,MHW
2021-05-15 18:00:00,SCS,202102,14.5,72.6,60.0,AS,-1.25,MHW
2021-05-15 21:00:00,SCS,202102,14.7,72.7,60.0,AS,-1.125,MHW
2021-05-16 00:00:00,VSCS,202102,15.0,72.7,65.0,AS,-1.0,MHW
2021-05-16 03:00:00,VSCS,202102,15.3,72.7,70.0,AS,-0.875,MHW
2021-05-16 06:00:00,VSCS,202102,15.7,72.7,70.0,AS,-0.75,MHW
2021-05-16 09:00:00,VSCS,202102,16.2,72.6,70.0,AS,-0.625,MHW
2021-05-16 12:00:00,VSCS,202102,16.7,72.5,75.0,AS,-0.5,MHW
2021-05-16 15:00:00,VSCS,202102,17.2,72.3,80.0,AS,-0.375,MHW
2021-05-16 18:00:00,VSCS,202102,17.5,72.0,85.0,AS,-0.25,MHW
2021-05-16 21:00:00,ESCS,202102,18.0,71.7,90.0,AS,-0.125,MHW
2021-05-17 00:00:00,ESCS,202102,18.5,71.5,100.0,AS,0.0,MHW
2021-05-17 03:00:00,ESCS,202102,18.8,71.5,100.0,AS,0.125,MHW
2021-05-17 06:00:00,ESCS,202102,19.2,71.4,100.0,AS,0.25,MHW
2021-05-17 09:00:00,ESCS,202102,19.6,71.4,100.0,AS,0.375,MHW
2021-05-17 12:00:00,ESCS,202102,20.1,71.3,95.0,AS,0.5,MHW
2021-05-17 15:00:00,ESCS,202102,20.5,71.2,90.0,AS,0.625,MHW
2021-05-17 18:00:00,VSCS,202102,20.9,71.1,85.0,AS,0.75,MHW
2021-05-17 21:00:00,VSCS,202102,21.3,71.2,75.0,AS,0.875,MHW
2021-05-18 00:00:00,VSCS,202102,21.5,71.2,65.0,AS,1.0,MHW
2021-05-18 03:00:00,SCS,202102,21.6,71.3,55.0,AS,1.125,MHW
2021-05-18 06:00:00,CS,202102,22.0,71.5,45.0,AS,1.25,MHW
2021-05-18 09:00:00,CS,202102,22.5,71.8,40.0,AS,1.375,MHW
2021-05-18 12:00:00,CS,202102,23.1,72.3,35.0,AS,1.5,MHW
2021-05-18 15:00:00,DD,202102,23.6,72.6,30.0,AS,1.625,MHW
2021-05-18 18:00:00,DD,202102,24.1,73.0,30.0,AS,1.75,MHW
2021-05-19 00:00:00,D,202102,24.5,73.3,25.0,AS,2.0,MHW
2021-05-19 03:00:00,D,202102,24.9,73.7,20.0,AS,2.125,MHW
2021-05-19 06:00:00,D,202102,25.8,74.8,20.0,AS,2.25,MHW
2021-09-30 00:00:00,D,202106,22.7,69.5,25.0,AS,-1.75,MHW
2021-09-30 03:00:00,D,202106,22.7,68.6,25.0,AS,-1.625,MHW
2021-09-30 06:00:00,D,202106,22.8,68.2,25.0,AS,-1.5,MHW
2021-09-30 12:00:00,D,202106,23.1,67.4,25.0,AS,-1.25,MHW
2021-09-30 18:00:00,DD,202106,23.1,66.8,30.0,AS,-1.0,MHW
2021-10-01 00:00:00,CS,202106,23.2,65.5,35.0,AS,-0.75,MHW
2021-10-01 03:00:00,CS,202106,23.2,64.9,40.0,AS,-0.625,MHW
2021-10-01 06:00:00,CS,202106,23.2,64.5,45.0,AS,-0.5,MHW
2021-10-01 09:00:00,CS,202106,23.3,64.1,45.0,AS,-0.375,MHW
2021-10-01 12:00:00,SCS,202106,23.4,63.7,55.0,AS,-0.25,MHW
2021-10-01 15:00:00,SCS,202106,23.6,63.4,55.0,AS,-0.125,MHW
2021-10-01 18:00:00,SCS,202106,23.6,63.2,60.0,AS,0.0,MHW
2021-10-01 21:00:00,SCS,202106,23.8,62.8,60.0,AS,0.125,MHW
2021-10-02 00:00:00,SCS,202106,23.8,62.4,60.0,AS,0.25,MHW
2021-10-02 03:00:00,SCS,202106,23.9,62.1,60.0,AS,0.375,MHW
2021-10-02 06:00:00,SCS,202106,24.1,61.8,60.0,AS,0.5,MHW
2021-10-02 09:00:00,SCS,202106,24.3,61.3,60.0,AS,0.625,MHW
2021-10-02 12:00:00,SCS,202106,24.5,60.7,60.0,AS,0.75,MHW
2021-10-02 15:00:00,SCS,202106,24.5,60.4,60.0,AS,0.875,MHW
2021-10-02 18:00:00,SCS,202106,24.4,60.0,60.0,AS,1.0,MHW
2021-10-02 21:00:00,SCS,202106,24.4,59.7,60.0,AS,1.125,MHW
2021-10-03 00:00:00,SCS,202106,24.3,59.5,60.0,AS,1.25,MHW
2021-10-03 03:00:00,SCS,202106,24.2,59.0,60.0,AS,1.375,MHW
2021-10-03 06:00:00,SCS,202106,24.1,58.6,60.0,AS,1.5,MHW
2021-10-03 09:00:00,SCS,202106,24.1,58.3,60.0,AS,1.625,MHW
2021-10-03 12:00:00,SCS,202106,24.0,58.0,60.0,AS,1.75,MHW
2021-10-03 15:00:00,SCS,202106,24.0,57.7,60.0,AS,1.875,MHW
2021-10-03 18:00:00,SCS,202106,23.9,57.3,55.0,AS,2.0,MHW
2021-10-03 21:00:00,SCS,202106,23.8,57.2,55.0,AS,2.125,MHW
2021-10-04 00:00:00,CS,202106,23.7,56.8,40.0,AS,2.25,MHW
2021-10-04 03:00:00,DD,202106,23.5,56.4,30.0,AS,2.375,MHW
2021-10-04 06:00:00,D,202106,23.3,56.0,20.0,AS,2.5,MHW
2023-06-06 00:00:00,D,202303,11.3,66.0,25.0,AS,-5.0,MHW
2023-06-06 03:00:00,D,202303,11.5,66.0,25.0,AS,-4.875,MHW
2023-06-06 06:00:00,DD,202303,11.9,66.0,30.0,AS,-4.75,MHW
2023-06-06 12:00:00,CS,202303,12.1,66.0,35.0,AS,-4.5,MHW
2023-06-06 15:00:00,CS,202303,12.3,66.0,35.0,AS,-4.375,MHW
2023-06-06 18:00:00,CS,202303,12.5,66.0,40.0,AS,-4.25,MHW
2023-06-06 21:00:00,CS,202303,12.5,66.0,45.0,AS,-4.125,MHW
2023-06-07 00:00:00,SCS,202303,12.6,66.1,55.0,AS,-4.0,MHW
2023-06-07 03:00:00,SCS,202303,12.7,66.2,60.0,AS,-3.875,MHW
2023-06-07 06:00:00,VSCS,202303,12.8,66.3,65.0,AS,-3.75,MHW
2023-06-07 09:00:00,VSCS,202303,13.1,66.3,65.0,AS,-3.625,MHW
2023-06-07 12:00:00,VSCS,202303,13.3,66.2,65.0,AS,-3.5,MHW
2023-06-07 15:00:00,VSCS,202303,13.4,66.2,65.0,AS,-3.375,MHW
2023-06-07 18:00:00,VSCS,202303,13.6,66.0,70.0,AS,-3.25,MHW
2023-06-07 21:00:00,VSCS,202303,13.7,66.0,70.0,AS,-3.125,MHW
2023-06-08 00:00:00,VSCS,202303,13.9,66.0,75.0,AS,-3.0,MHW
2023-06-08 03:00:00,VSCS,202303,14.0,66.0,75.0,AS,-2.875,MHW
2023-06-08 06:00:00,VSCS,202303,14.1,66.0,75.0,AS,-2.75,MHW
2023-06-08 09:00:00,VSCS,202303,14.3,66.0,75.0,AS,-2.625,MHW
2023-06-08 12:00:00,VSCS,202303,14.4,66.0,75.0,AS,-2.5,MHW
2023-06-08 15:00:00,VSCS,202303,14.5,66.0,75.0,AS,-2.375,MHW
2023-06-08 18:00:00,VSCS,202303,14.6,66.0,75.0,AS,-2.25,MHW
2023-06-08 21:00:00,VSCS,202303,14.6,66.0,75.0,AS,-2.125,MHW
2023-06-09 00:00:00,VSCS,202303,14.7,66.2,75.0,AS,-2.0,MHW
2023-06-09 03:00:00,VSCS,202303,14.8,66.4,70.0,AS,-1.875,MHW
2023-06-09 06:00:00,VSCS,202303,15.0,66.6,70.0,AS,-1.75,MHW
2023-06-09 09:00:00,VSCS,202303,15.3,66.9,70.0,AS,-1.625,MHW
2023-06-09 12:00:00,VSCS,202303,15.5,67.1,65.0,AS,-1.5,MHW
2023-06-09 15:00:00,VSCS,202303,15.7,67.3,65.0,AS,-1.375,MHW
2023-06-09 18:00:00,VSCS,202303,16.0,67.4,70.0,AS,-1.25,MHW
2023-06-09 21:00:00,VSCS,202303,16.3,67.4,70.0,AS,-1.125,MHW
2023-06-10 00:00:00,VSCS,202303,16.5,67.4,75.0,AS,-1.0,MHW
2023-06-10 03:00:00,VSCS,202303,16.7,67.4,75.0,AS,-0.875,MHW
2023-06-10 06:00:00,VSCS,202303,16.8,67.4,75.0,AS,-0.75,MHW
2023-06-10 09:00:00,VSCS,202303,16.9,67.4,80.0,AS,-0.625,MHW
2023-06-10 12:00:00,VSCS,202303,17.1,67.3,80.0,AS,-0.5,MHW
2023-06-10 15:00:00,VSCS,202303,17.3,67.3,80.0,AS,-0.375,MHW
2023-06-10 18:00:00,VSCS,202303,17.4,67.3,85.0,AS,-0.25,MHW
2023-06-10 21:00:00,VSCS,202303,17.6,67.3,85.0,AS,-0.125,MHW
2023-06-11 00:00:00,ESCS,202303,17.9,67.4,90.0,AS,0.0,MHW
2023-06-11 03:00:00,ESCS,202303,18.0,67.6,90.0,AS,0.125,MHW
2023-06-11 06:00:00,ESCS,202303,18.2,67.7,90.0,AS,0.25,MHW
2023-06-11 09:00:00,ESCS,202303,18.4,67.7,90.0,AS,0.375,MHW
2023-06-11 12:00:00,ESCS,202303,18.6,67.7,90.0,AS,0.5,MHW
2023-06-11 15:00:00,ESCS,202303,18.7,67.7,90.0,AS,0.625,MHW
2023-06-11 18:00:00,ESCS,202303,18.9,67.7,90.0,AS,0.75,MHW
2023-06-11 21:00:00,ESCS,202303,19.0,67.7,90.0,AS,0.875,MHW
2023-06-12 00:00:00,ESCS,202303,19.2,67.7,90.0,AS,1.0,MHW
2023-06-12 03:00:00,ESCS,202303,19.4,67.7,90.0,AS,1.125,MHW
2023-06-12 06:00:00,ESCS,202303,19.6,67.6,90.0,AS,1.25,MHW
2023-06-12 09:00:00,ESCS,202303,19.7,67.5,90.0,AS,1.375,MHW
2023-06-12 12:00:00,ESCS,202303,19.9,67.3,90.0,AS,1.5,MHW
2023-06-12 15:00:00,ESCS,202303,20.0,67.2,90.0,AS,1.625,MHW
2023-06-12 18:00:00,VSCS,202303,20.1,67.2,85.0,AS,1.75,MHW
2023-06-12 21:00:00,VSCS,202303,20.3,67.2,85.0,AS,1.875,MHW
2023-06-13 00:00:00,VSCS,202303,20.6,67.0,85.0,AS,2.0,MHW
2023-06-13 03:00:00,VSCS,202303,20.9,66.9,85.0,AS,2.125,MHW
2023-06-13 06:00:00,VSCS,202303,21.0,66.7,85.0,AS,2.25,MHW
2023-06-13 09:00:00,VSCS,202303,21.1,66.5,85.0,AS,2.375,MHW
2023-06-13 12:00:00,VSCS,202303,21.3,66.5,85.0,AS,2.5,MHW
2023-06-13 15:00:00,VSCS,202303,21.4,66.4,85.0,AS,2.625,MHW
2023-06-13 18:00:00,VSCS,202303,21.7,66.3,85.0,AS,2.75,MHW
2023-06-13 21:00:00,VSCS,202303,21.7,66.3,85.0,AS,2.875,MHW
2023-06-14 00:00:00,VSCS,202303,21.8,66.3,80.0,AS,3.0,MHW
2023-06-14 03:00:00,VSCS,202303,21.8,66.3,80.0,AS,3.125,MHW
2023-06-14 06:00:00,VSCS,202303,21.8,66.3,80.0,AS,3.25,MHW
2023-06-14 09:00:00,VSCS,202303,21.9,66.5,80.0,AS,3.375,MHW
2023-06-14 12:00:00,VSCS,202303,22.0,66.7,75.0,AS,3.5,MHW
2023-06-14 15:00:00,VSCS,202303,22.1,66.8,70.0,AS,3.625,MHW
2023-06-14 18:00:00,VSCS,202303,22.2,66.9,70.0,AS,3.75,MHW
2023-06-14 21:00:00,VSCS,202303,22.3,66.9,70.0,AS,3.875,MHW
2023-06-15 00:00:00,VSCS,202303,22.4,67.0,70.0,AS,4.0,MHW
2023-06-15 03:00:00,VSCS,202303,22.6,67.1,70.0,AS,4.125,MHW
2023-06-15 06:00:00,VSCS,202303,22.7,67.3,65.0,AS,4.25,MHW
2023-06-15 09:00:00,VSCS,202303,22.8,67.6,65.0,AS,4.375,MHW
2023-06-15 12:00:00,VSCS,202303,22.9,68.0,65.0,AS,4.5,MHW
2023-06-15 15:00:00,VSCS,202303,23.1,68.3,65.0,AS,4.625,MHW
2023-06-15 18:00:00,SCS,202303,23.3,68.6,60.0,AS,4.75,MHW
2023-06-15 21:00:00,SCS,202303,23.4,68.9,50.0,AS,4.875,MHW
2023-06-16 00:00:00,SCS,202303,23.4,69.2,50.0,AS,5.0,MHW
2023-06-16 03:00:00,CS,202303,23.5,69.5,45.0,AS,5.125,MHW
2023-06-16 06:00:00,CS,202303,23.7,69.8,40.0,AS,5.25,MHW
2023-06-16 09:00:00,CS,202303,23.9,70.0,40.0,AS,5.375,MHW
2023-06-16 12:00:00,CS,202303,24.2,70.3,35.0,AS,5.5,MHW
2023-06-16 15:00:00,CS,202303,24.5,70.7,35.0,AS,5.625,MHW
2023-06-16 18:00:00,DD,202303,24.6,70.9,30.0,AS,5.75,MHW
2023-06-17 00:00:00,DD,202303,24.7,71.2,30.0,AS,6.0,MHW
2023-06-17 03:00:00,DD,202303,25.0,71.5,30.0,AS,6.125,MHW
2023-06-17 06:00:00,DD,202303,25.3,71.9,30.0,AS,6.25,MHW
2023-06-17 12:00:00,D,202303,25.6,72.5,25.0,AS,6.5,MHW
2023-06-17 18:00:00,D,202303,25.8,72.8,25.0,AS,6.75,MHW
2023-06-18 00:00:00,D,202303,26.0,73.3,25.0,AS,7.0,MHW
2023-06-18 03:00:00,D,202303,26.2,73.8,25.0,AS,7.125,MHW
2023-06-18 06:00:00,D,202303,26.3,74.0,25.0,AS,7.25,MHW
2023-06-18 12:00:00,D,202303,26.3,74.7,20.0,AS,7.5,MHW
2023-06-18 18:00:00,D,202303,26.3,75.2,20.0,AS,7.75,MHW
2023-06-19 00:00:00,D,202303,26.3,76.0,20.0,AS,8.0,MHW
2023-10-20 03:00:00,D,202306,9.3,61.7,25.0,AS,-2.0,MHW
2023-10-20 06:00:00,D,202306,9.3,61.5,25.0,AS,-1.875,MHW
2023-10-20 12:00:00,DD,202306,9.4,61.3,30.0,AS,-1.625,MHW
2023-10-20 18:00:00,DD,202306,9.5,60.7,30.0,AS,-1.375,MHW
2023-10-21 00:00:00,CS,202306,9.9,59.4,35.0,AS,-1.125,MHW
2023-10-21 03:00:00,CS,202306,10.1,58.8,45.0,AS,-1.0,MHW
2023-10-21 06:00:00,SCS,202306,10.3,58.4,50.0,AS,-0.875,MHW
2023-10-21 09:00:00,SCS,202306,10.2,57.9,50.0,AS,-0.75,MHW
2023-10-21 12:00:00,SCS,202306,10.6,57.4,55.0,AS,-0.625,MHW
2023-10-21 15:00:00,VSCS,202306,11.1,57.0,65.0,AS,-0.5,MHW
2023-10-21 18:00:00,VSCS,202306,11.3,56.6,75.0,AS,-0.375,MHW
2023-10-21 21:00:00,VSCS,202306,11.7,56.1,80.0,AS,-0.25,MHW
2023-10-22 00:00:00,VSCS,202306,12.0,56.0,85.0,AS,-0.125,MHW
2023-10-22 03:00:00,ESCS,202306,12.3,55.4,95.0,AS,0.0,MHW
2023-10-22 06:00:00,ESCS,202306,12.6,55.1,95.0,AS,0.125,MHW
2023-10-22 09:00:00,ESCS,202306,12.9,54.7,95.0,AS,0.25,MHW
2023-10-22 12:00:00,ESCS,202306,13.3,54.4,95.0,AS,0.375,MHW
2023-10-22 15:00:00,ESCS,202306,13.6,54.1,95.0,AS,0.5,MHW
2023-10-22 18:00:00,ESCS,202306,13.8,53.9,95.0,AS,0.625,MHW
2023-10-22 21:00:00,ESCS,202306,14.1,53.6,95.0,AS,0.75,MHW
2023-10-23 00:00:00,ESCS,202306,14.4,53.5,90.0,AS,0.875,MHW
2023-10-23 03:00:00,VSCS,202306,14.7,53.2,85.0,AS,1.0,MHW
2023-10-23 06:00:00,VSCS,202306,15.0,52.9,80.0,AS,1.125,MHW
2023-10-23 09:00:00,VSCS,202306,15.1,52.8,80.0,AS,1.25,MHW
2023-10-23 12:00:00,VSCS,202306,15.4,52.7,75.0,AS,1.375,MHW
2023-10-23 15:00:00,VSCS,202306,15.6,52.5,70.0,AS,1.5,MHW
2023-10-23 18:00:00,VSCS,202306,15.8,52.3,70.0,AS,1.625,MHW
2023-10-23 21:00:00,VSCS,202306,15.9,52.2,65.0,AS,1.75,MHW
2023-10-24 00:00:00,SCS,202306,15.9,52.1,60.0,AS,1.875,MHW
2023-10-24 03:00:00,SCS,202306,16.0,51.8,50.0,AS,2.0,MHW
2023-10-24 06:00:00,CS,202306,16.1,51.5,40.0,AS,2.125,MHW
2023-10-24 09:00:00,DD,202306,16.1,51.3,30.0,AS,2.25,MHW
2023-10-24 12:00:00,D,202306,16.2,51.0,25.0,AS,2.375,MHW
